2026-07-27 04:22:44 | INFO    | ============================================================
2026-07-27 04:22:44 | INFO    | SMC Monitor Logger 啟動 | log file: D:\Antigravity\smc-trading\logs\monitor_20260727.log
2026-07-27 04:22:44 | INFO    | ============================================================
2026-07-27 04:22:44 | INFO    | SMC 監控系統啟動 | mode=shioaji
2026-07-27 04:22:44 | INFO    | ============================================================
2026-07-27 04:22:44 | INFO    | 正在載入初始歷史數據，建立結構基礎...
2026-07-27 04:22:44 | INFO    | 成功自本地快取檔案 shioaji_TXFR1_2026-07-24_2026-07-25.csv 載入 1000 根真實 1M K 線歷史數據！
2026-07-27 04:22:45 | INFO    | 正在登入 Shioaji API 進行實時監控...
2026-07-27 04:22:45 | INFO    | 登入成功！正在取得台指期近月合約...
2026-07-27 04:22:51 | INFO    | 訂閱商品: TXFR1 - 臺股期貨近月
2026-07-27 04:22:51 | INFO    | 開始接收即時報價，按下 Ctrl+C 結束監控。
2026-07-27 04:22:51 | INFO    | ============================================================
2026-07-27 08:31:26 | INFO    | [08:30:05] 價格: 43814.0 | 大結構趨勢 (5M): BEARISH
2026-07-27 08:31:26 | INFO    |        即時信號 : ★★ [結構轉換] MSS Bullish 確立！趨勢轉多
2026-07-27 08:31:26 | INFO    |        多頭 OB  : [43503.0 - 43518.0] | 空頭 OB  : [43759.0 - 43777.0]
2026-07-27 08:31:26 | INFO    |        多頭 FVG : [43546.0 - 43800.0] | 空頭 FVG : 無
2026-07-27 08:31:26 | INFO    | ----------------------------------------------------------------------
2026-07-27 08:31:26 | SIGNAL  | 訊號觸發，發送 Telegram 通知: ★★ [結構轉換] MSS Bullish 確立 (多頭訊號)！
2026-07-27 08:31:27 | INFO    | [Telegram] 訊息發送成功 | chat_id=-1004375180786
2026-07-27 08:32:26 | INFO    | [08:31:05] 價格: 43795.0 | 大結構趨勢 (5M): BEARISH
2026-07-27 08:32:26 | INFO    |        即時信號 : 無特殊信號
2026-07-27 08:32:26 | INFO    |        多頭 OB  : [43503.0 - 43518.0] | 空頭 OB  : [43759.0 - 43777.0]
2026-07-27 08:32:26 | INFO    |        多頭 FVG : [43518.0 - 43735.0] | 空頭 FVG : 無
2026-07-27 08:32:26 | INFO    | ----------------------------------------------------------------------
2026-07-27 08:33:26 | INFO    | [08:32:05] 價格: 43730.0 | 大結構趨勢 (5M): BEARISH
2026-07-27 08:33:26 | INFO    |        即時信號 : 無特殊信號
2026-07-27 08:33:26 | INFO    |        多頭 OB  : [43503.0 - 43518.0] | 空頭 OB  : [43759.0 - 43777.0]
2026-07-27 08:33:26 | INFO    |        多頭 FVG : 無 | 空頭 FVG : [43795.0 - 43800.0]
2026-07-27 08:33:26 | INFO    | ----------------------------------------------------------------------
2026-07-27 08:34:26 | INFO    | [08:33:05] 價格: 43814.0 | 大結構趨勢 (5M): BEARISH
2026-07-27 08:34:26 | INFO    |        即時信號 : 無特殊信號
2026-07-27 08:34:26 | INFO    |        多頭 OB  : [43503.0 - 43518.0] | 空頭 OB  : [43759.0 - 43777.0]
2026-07-27 08:34:26 | INFO    |        多頭 FVG : 無 | 空頭 FVG : 無
2026-07-27 08:34:26 | INFO    | ----------------------------------------------------------------------
2026-07-27 08:35:26 | INFO    | [08:34:05] 價格: 43857.0 | 大結構趨勢 (5M): BEARISH
2026-07-27 08:35:26 | INFO    |        即時信號 : 無特殊信號
2026-07-27 08:35:26 | INFO    |        多頭 OB  : [43503.0 - 43518.0] | 空頭 OB  : [43759.0 - 43777.0]
2026-07-27 08:35:26 | INFO    |        多頭 FVG : 無 | 空頭 FVG : 無
2026-07-27 08:35:26 | INFO    | ----------------------------------------------------------------------
2026-07-27 08:36:26 | INFO    | [08:35:05] 價格: 44002.0 | 大結構趨勢 (5M): NONE
2026-07-27 08:36:26 | INFO    |        即時信號 : 無特殊信號
2026-07-27 08:36:26 | INFO    |        多頭 OB  : [43503.0 - 43518.0] | 空頭 OB  : [43759.0 - 43777.0]
2026-07-27 08:36:26 | INFO    |        多頭 FVG : [43814.0 - 43857.0] | 空頭 FVG : 無
2026-07-27 08:36:26 | INFO    | ----------------------------------------------------------------------
2026-07-27 08:37:26 | INFO    | [08:36:05] 價格: 44012.0 | 大結構趨勢 (5M): NONE
2026-07-27 08:37:26 | INFO    |        即時信號 : 無特殊信號
2026-07-27 08:37:26 | INFO    |        多頭 OB  : [43503.0 - 43518.0] | 空頭 OB  : [43759.0 - 43777.0]
2026-07-27 08:37:26 | INFO    |        多頭 FVG : [43857.0 - 44002.0] | 空頭 FVG : 無
2026-07-27 08:37:26 | INFO    | ----------------------------------------------------------------------
2026-07-27 08:38:26 | INFO    | [08:37:05] 價格: 44012.0 | 大結構趨勢 (5M): NONE
2026-07-27 08:38:26 | INFO    |        即時信號 : 無特殊信號
2026-07-27 08:38:26 | INFO    |        多頭 OB  : [43503.0 - 43518.0] | 空頭 OB  : [43759.0 - 43777.0]
2026-07-27 08:38:26 | INFO    |        多頭 FVG : 無 | 空頭 FVG : 無
2026-07-27 08:38:26 | INFO    | ----------------------------------------------------------------------
2026-07-27 08:39:26 | INFO    | [08:38:05] 價格: 44014.0 | 大結構趨勢 (5M): NONE
2026-07-27 08:39:26 | INFO    |        即時信號 : 無特殊信號
2026-07-27 08:39:26 | INFO    |        多頭 OB  : [43503.0 - 43518.0] | 空頭 OB  : [43759.0 - 43777.0]
2026-07-27 08:39:26 | INFO    |        多頭 FVG : 無 | 空頭 FVG : 無
2026-07-27 08:39:26 | INFO    | ----------------------------------------------------------------------
2026-07-27 08:40:26 | INFO    | [08:39:05] 價格: 43966.0 | 大結構趨勢 (5M): NONE
2026-07-27 08:40:26 | INFO    |        即時信號 : 無特殊信號
2026-07-27 08:40:26 | INFO    |        多頭 OB  : [43503.0 - 43518.0] | 空頭 OB  : [43759.0 - 43777.0]
2026-07-27 08:40:26 | INFO    |        多頭 FVG : 無 | 空頭 FVG : 無
2026-07-27 08:40:26 | INFO    | ----------------------------------------------------------------------
2026-07-27 08:41:26 | INFO    | [08:40:05] 價格: 43958.0 | 大結構趨勢 (5M): NONE
2026-07-27 08:41:26 | INFO    |        即時信號 : 無特殊信號
2026-07-27 08:41:26 | INFO    |        多頭 OB  : [43503.0 - 43518.0] | 空頭 OB  : [43759.0 - 43777.0]
2026-07-27 08:41:26 | INFO    |        多頭 FVG : 無 | 空頭 FVG : [43965.0 - 44002.0]
2026-07-27 08:41:26 | INFO    | ----------------------------------------------------------------------
2026-07-27 08:42:26 | INFO    | [08:41:05] 價格: 43957.0 | 大結構趨勢 (5M): NONE
2026-07-27 08:42:26 | INFO    |        即時信號 : 無特殊信號
2026-07-27 08:42:26 | INFO    |        多頭 OB  : [43503.0 - 43518.0] | 空頭 OB  : [43759.0 - 43777.0]
2026-07-27 08:42:26 | INFO    |        多頭 FVG : 無 | 空頭 FVG : 無
2026-07-27 08:42:26 | INFO    | ----------------------------------------------------------------------
2026-07-27 08:43:26 | INFO    | [08:42:05] 價格: 43934.0 | 大結構趨勢 (5M): NONE
2026-07-27 08:43:26 | INFO    |        即時信號 : 無特殊信號
2026-07-27 08:43:26 | INFO    |        多頭 OB  : [43503.0 - 43518.0] | 空頭 OB  : [43759.0 - 43777.0]
2026-07-27 08:43:26 | INFO    |        多頭 FVG : 無 | 空頭 FVG : 無
2026-07-27 08:43:26 | INFO    | ----------------------------------------------------------------------
2026-07-27 08:44:26 | INFO    | [08:43:05] 價格: 43900.0 | 大結構趨勢 (5M): NONE
2026-07-27 08:44:26 | INFO    |        即時信號 : 無特殊信號
2026-07-27 08:44:26 | INFO    |        多頭 OB  : [43503.0 - 43518.0] | 空頭 OB  : [43759.0 - 43777.0]
2026-07-27 08:44:26 | INFO    |        多頭 FVG : 無 | 空頭 FVG : 無
2026-07-27 08:44:26 | INFO    | ----------------------------------------------------------------------
2026-07-27 08:45:26 | INFO    | [08:44:05] 價格: 43930.0 | 大結構趨勢 (5M): NONE
2026-07-27 08:45:26 | INFO    |        即時信號 : 無特殊信號
2026-07-27 08:45:26 | INFO    |        多頭 OB  : [43503.0 - 43518.0] | 空頭 OB  : [43759.0 - 43777.0]
2026-07-27 08:45:26 | INFO    |        多頭 FVG : 無 | 空頭 FVG : 無
2026-07-27 08:45:26 | INFO    | ----------------------------------------------------------------------
2026-07-27 08:46:26 | INFO    | [08:45:05] 價格: 43972.0 | 大結構趨勢 (5M): NONE
2026-07-27 08:46:26 | INFO    |        即時信號 : 無特殊信號
2026-07-27 08:46:26 | INFO    |        多頭 OB  : [43503.0 - 43518.0] | 空頭 OB  : [43759.0 - 43777.0]
2026-07-27 08:46:26 | INFO    |        多頭 FVG : 無 | 空頭 FVG : 無
2026-07-27 08:46:26 | INFO    | ----------------------------------------------------------------------
2026-07-27 08:47:26 | INFO    | [08:46:05] 價格: 44020.0 | 大結構趨勢 (5M): NONE
2026-07-27 08:47:26 | INFO    |        即時信號 : ★ [流動性掠奪] Sweep High 形成！(賣方防守)
2026-07-27 08:47:26 | INFO    |        多頭 OB  : [43503.0 - 43518.0] | 空頭 OB  : [43759.0 - 43777.0]
2026-07-27 08:47:26 | INFO    |        多頭 FVG : 無 | 空頭 FVG : 無
2026-07-27 08:47:26 | INFO    | ----------------------------------------------------------------------
2026-07-27 08:47:26 | INFO    | [過濾] 偵測到信號但建議無效，已跳過發送 Telegram 通知。
2026-07-27 08:48:26 | INFO    | [08:47:05] 價格: 43944.0 | 大結構趨勢 (5M): NONE
2026-07-27 08:48:26 | INFO    |        即時信號 : 無特殊信號
2026-07-27 08:48:26 | INFO    |        多頭 OB  : [43503.0 - 43518.0] | 空頭 OB  : [43759.0 - 43777.0]
2026-07-27 08:48:26 | INFO    |        多頭 FVG : 無 | 空頭 FVG : 無
2026-07-27 08:48:26 | INFO    | ----------------------------------------------------------------------
2026-07-27 08:49:26 | INFO    | [08:48:05] 價格: 43999.0 | 大結構趨勢 (5M): NONE
2026-07-27 08:49:26 | INFO    |        即時信號 : 無特殊信號
2026-07-27 08:49:26 | INFO    |        多頭 OB  : [43503.0 - 43518.0] | 空頭 OB  : [43759.0 - 43777.0]
2026-07-27 08:49:26 | INFO    |        多頭 FVG : 無 | 空頭 FVG : 無
2026-07-27 08:49:26 | INFO    | ----------------------------------------------------------------------
2026-07-27 08:50:28 | INFO    | [08:49:05] 價格: 44007.0 | 大結構趨勢 (5M): NONE
2026-07-27 08:50:28 | INFO    |        即時信號 : 無特殊信號
2026-07-27 08:50:28 | INFO    |        多頭 OB  : [43503.0 - 43518.0] | 空頭 OB  : [43759.0 - 43777.0]
2026-07-27 08:50:28 | INFO    |        多頭 FVG : 無 | 空頭 FVG : 無
2026-07-27 08:50:28 | INFO    | ----------------------------------------------------------------------
2026-07-27 08:51:29 | INFO    | [08:50:06] 價格: 44029.0 | 大結構趨勢 (5M): NONE
2026-07-27 08:51:29 | INFO    |        即時信號 : ★ [流動性掠奪] Sweep High 形成！(賣方防守)
2026-07-27 08:51:29 | INFO    |        多頭 OB  : [43503.0 - 43518.0] | 空頭 OB  : [43759.0 - 43777.0]
2026-07-27 08:51:29 | INFO    |        多頭 FVG : 無 | 空頭 FVG : 無
2026-07-27 08:51:29 | INFO    | ----------------------------------------------------------------------
2026-07-27 08:51:29 | INFO    | [過濾] 偵測到信號但建議無效，已跳過發送 Telegram 通知。
2026-07-27 08:52:31 | INFO    | [08:51:08] 價格: 44068.0 | 大結構趨勢 (5M): NONE
2026-07-27 08:52:31 | INFO    |        即時信號 : 無特殊信號
2026-07-27 08:52:31 | INFO    |        多頭 OB  : [43503.0 - 43518.0] | 空頭 OB  : [43759.0 - 43777.0]
2026-07-27 08:52:31 | INFO    |        多頭 FVG : [44020.0 - 44025.0] | 空頭 FVG : 無
2026-07-27 08:52:31 | INFO    | ----------------------------------------------------------------------
2026-07-27 08:53:31 | INFO    | [08:52:10] 價格: 44010.0 | 大結構趨勢 (5M): NONE
2026-07-27 08:53:31 | INFO    |        即時信號 : ★ [流動性掠奪] Sweep High 形成！(賣方防守)
2026-07-27 08:53:31 | INFO    |        多頭 OB  : [43503.0 - 43518.0] | 空頭 OB  : [43759.0 - 43777.0]
2026-07-27 08:53:31 | INFO    |        多頭 FVG : 無 | 空頭 FVG : 無
2026-07-27 08:53:31 | INFO    | ----------------------------------------------------------------------
2026-07-27 08:53:31 | INFO    | [過濾] 偵測到信號但建議無效，已跳過發送 Telegram 通知。
2026-07-27 08:54:31 | INFO    | [08:53:10] 價格: 43938.0 | 大結構趨勢 (5M): NONE
2026-07-27 08:54:31 | INFO    |        即時信號 : 無特殊信號
2026-07-27 08:54:31 | INFO    |        多頭 OB  : [43503.0 - 43518.0] | 空頭 OB  : [43759.0 - 43777.0]
2026-07-27 08:54:31 | INFO    |        多頭 FVG : 無 | 空頭 FVG : 無
2026-07-27 08:54:31 | INFO    | ----------------------------------------------------------------------
2026-07-27 08:55:31 | INFO    | [08:54:10] 價格: 43958.0 | 大結構趨勢 (5M): NONE
2026-07-27 08:55:31 | INFO    |        即時信號 : 無特殊信號
2026-07-27 08:55:31 | INFO    |        多頭 OB  : [43503.0 - 43518.0] | 空頭 OB  : [43759.0 - 43777.0]
2026-07-27 08:55:31 | INFO    |        多頭 FVG : 無 | 空頭 FVG : [43977.0 - 43999.0]
2026-07-27 08:55:31 | INFO    | ----------------------------------------------------------------------
2026-07-27 08:56:32 | INFO    | [08:55:10] 價格: 43829.0 | 大結構趨勢 (5M): NONE
2026-07-27 08:56:32 | INFO    |        即時信號 : ★★ [結構轉換] MSS Bearish 確立！趨勢轉空
2026-07-27 08:56:32 | INFO    |        多頭 OB  : [43503.0 - 43518.0] | 空頭 OB  : [43935.0 - 43977.0]
2026-07-27 08:56:32 | INFO    |        多頭 FVG : 無 | 空頭 FVG : 無
2026-07-27 08:56:32 | INFO    | ----------------------------------------------------------------------
2026-07-27 08:56:32 | SIGNAL  | 訊號觸發，發送 Telegram 通知: ★★ [結構轉換] MSS Bearish 確立 (空頭訊號)！
2026-07-27 08:56:33 | INFO    | [Telegram] 訊息發送成功 | chat_id=-1004375180786
2026-07-27 08:57:32 | INFO    | [08:56:10] 價格: 43783.0 | 大結構趨勢 (5M): NONE
2026-07-27 08:57:32 | INFO    |        即時信號 : 無特殊信號
2026-07-27 08:57:32 | INFO    |        多頭 OB  : [43503.0 - 43518.0] | 空頭 OB  : [43935.0 - 43977.0]
2026-07-27 08:57:32 | INFO    |        多頭 FVG : 無 | 空頭 FVG : [43850.0 - 43935.0]
2026-07-27 08:57:32 | INFO    | ----------------------------------------------------------------------
2026-07-27 08:58:33 | INFO    | [08:57:10] 價格: 43794.0 | 大結構趨勢 (5M): NONE
2026-07-27 08:58:33 | INFO    |        即時信號 : 無特殊信號
2026-07-27 08:58:33 | INFO    |        多頭 OB  : [43503.0 - 43518.0] | 空頭 OB  : [43935.0 - 43977.0]
2026-07-27 08:58:33 | INFO    |        多頭 FVG : 無 | 空頭 FVG : [43821.0 - 43829.0]
2026-07-27 08:58:33 | INFO    | ----------------------------------------------------------------------
2026-07-27 08:59:36 | INFO    | [08:58:11] 價格: 43766.0 | 大結構趨勢 (5M): NONE
2026-07-27 08:59:36 | INFO    |        即時信號 : 無特殊信號
2026-07-27 08:59:36 | INFO    |        多頭 OB  : [43503.0 - 43518.0] | 空頭 OB  : [43935.0 - 43977.0]
2026-07-27 08:59:36 | INFO    |        多頭 FVG : 無 | 空頭 FVG : 無
2026-07-27 08:59:36 | INFO    | ----------------------------------------------------------------------
2026-07-27 09:00:36 | INFO    | [08:59:14] 價格: 43691.0 | 大結構趨勢 (5M): NONE
2026-07-27 09:00:36 | INFO    |        即時信號 : 無特殊信號
2026-07-27 09:00:36 | INFO    |        多頭 OB  : [43503.0 - 43518.0] | 空頭 OB  : [43935.0 - 43977.0]
2026-07-27 09:00:36 | INFO    |        多頭 FVG : 無 | 空頭 FVG : 無
2026-07-27 09:00:36 | INFO    | ----------------------------------------------------------------------
2026-07-27 09:01:36 | INFO    | [09:00:15] 價格: 43638.0 | 大結構趨勢 (5M): NONE
2026-07-27 09:01:36 | INFO    |        即時信號 : 無特殊信號
2026-07-27 09:01:36 | INFO    |        多頭 OB  : [43503.0 - 43518.0] | 空頭 OB  : [43935.0 - 43977.0]
2026-07-27 09:01:36 | INFO    |        多頭 FVG : 無 | 空頭 FVG : [43704.0 - 43741.0]
2026-07-27 09:01:36 | INFO    | ----------------------------------------------------------------------
2026-07-27 09:02:37 | INFO    | [09:01:15] 價格: 43651.0 | 大結構趨勢 (5M): NONE
2026-07-27 09:02:37 | INFO    |        即時信號 : 無特殊信號
2026-07-27 09:02:37 | INFO    |        多頭 OB  : [43503.0 - 43518.0] | 空頭 OB  : [43935.0 - 43977.0]
2026-07-27 09:02:37 | INFO    |        多頭 FVG : 無 | 空頭 FVG : 無
2026-07-27 09:02:37 | INFO    | ----------------------------------------------------------------------
2026-07-27 09:03:37 | INFO    | [09:02:15] 價格: 43621.0 | 大結構趨勢 (5M): NONE
2026-07-27 09:03:37 | INFO    |        即時信號 : 無特殊信號
2026-07-27 09:03:37 | INFO    |        多頭 OB  : [43503.0 - 43518.0] | 空頭 OB  : [43935.0 - 43977.0]
2026-07-27 09:03:37 | INFO    |        多頭 FVG : 無 | 空頭 FVG : 無
2026-07-27 09:03:37 | INFO    | ----------------------------------------------------------------------
2026-07-27 09:04:37 | INFO    | [09:03:16] 價格: 43537.0 | 大結構趨勢 (5M): NONE
2026-07-27 09:04:37 | INFO    |        即時信號 : 無特殊信號
2026-07-27 09:04:37 | INFO    |        多頭 OB  : [43503.0 - 43518.0] | 空頭 OB  : [43935.0 - 43977.0]
2026-07-27 09:04:37 | INFO    |        多頭 FVG : 無 | 空頭 FVG : 無
2026-07-27 09:04:37 | INFO    | ----------------------------------------------------------------------
2026-07-27 09:05:37 | INFO    | [09:04:16] 價格: 43541.0 | 大結構趨勢 (5M): NONE
2026-07-27 09:05:37 | INFO    |        即時信號 : 無特殊信號
2026-07-27 09:05:37 | INFO    |        多頭 OB  : [43503.0 - 43518.0] | 空頭 OB  : [43935.0 - 43977.0]
2026-07-27 09:05:37 | INFO    |        多頭 FVG : 無 | 空頭 FVG : [43585.0 - 43618.0]
2026-07-27 09:05:37 | INFO    | ----------------------------------------------------------------------
2026-07-27 09:06:37 | INFO    | [09:05:16] 價格: 43591.0 | 大結構趨勢 (5M): NONE
2026-07-27 09:06:37 | INFO    |        即時信號 : 無特殊信號
2026-07-27 09:06:37 | INFO    |        多頭 OB  : [43503.0 - 43518.0] | 空頭 OB  : [43935.0 - 43977.0]
2026-07-27 09:06:37 | INFO    |        多頭 FVG : 無 | 空頭 FVG : 無
2026-07-27 09:06:37 | INFO    | ----------------------------------------------------------------------
2026-07-27 09:07:38 | INFO    | [09:06:16] 價格: 43647.0 | 大結構趨勢 (5M): NONE
2026-07-27 09:07:38 | INFO    |        即時信號 : 無特殊信號
2026-07-27 09:07:38 | INFO    |        多頭 OB  : [43503.0 - 43518.0] | 空頭 OB  : [43935.0 - 43977.0]
2026-07-27 09:07:38 | INFO    |        多頭 FVG : 無 | 空頭 FVG : 無
2026-07-27 09:07:38 | INFO    | ----------------------------------------------------------------------
2026-07-27 09:08:38 | INFO    | [09:07:16] 價格: 43737.0 | 大結構趨勢 (5M): NONE
2026-07-27 09:08:38 | INFO    |        即時信號 : 無特殊信號
2026-07-27 09:08:38 | INFO    |        多頭 OB  : [43503.0 - 43518.0] | 空頭 OB  : [43935.0 - 43977.0]
2026-07-27 09:08:38 | INFO    |        多頭 FVG : [43591.0 - 43621.0] | 空頭 FVG : 無
2026-07-27 09:08:38 | INFO    | ----------------------------------------------------------------------
2026-07-27 09:09:38 | INFO    | [09:08:16] 價格: 43665.0 | 大結構趨勢 (5M): NONE
2026-07-27 09:09:38 | INFO    |        即時信號 : 無特殊信號
2026-07-27 09:09:38 | INFO    |        多頭 OB  : [43503.0 - 43518.0] | 空頭 OB  : [43935.0 - 43977.0]
2026-07-27 09:09:38 | INFO    |        多頭 FVG : 無 | 空頭 FVG : 無
2026-07-27 09:09:38 | INFO    | ----------------------------------------------------------------------
2026-07-27 09:10:38 | INFO    | [09:09:17] 價格: 43710.0 | 大結構趨勢 (5M): NONE
2026-07-27 09:10:38 | INFO    |        即時信號 : 無特殊信號
2026-07-27 09:10:38 | INFO    |        多頭 OB  : [43503.0 - 43518.0] | 空頭 OB  : [43935.0 - 43977.0]
2026-07-27 09:10:38 | INFO    |        多頭 FVG : 無 | 空頭 FVG : 無
2026-07-27 09:10:38 | INFO    | ----------------------------------------------------------------------
2026-07-27 09:11:39 | INFO    | [09:10:17] 價格: 43683.0 | 大結構趨勢 (5M): NONE
2026-07-27 09:11:39 | INFO    |        即時信號 : 無特殊信號
2026-07-27 09:11:39 | INFO    |        多頭 OB  : [43503.0 - 43518.0] | 空頭 OB  : [43935.0 - 43977.0]
2026-07-27 09:11:39 | INFO    |        多頭 FVG : 無 | 空頭 FVG : 無
2026-07-27 09:11:39 | INFO    | ----------------------------------------------------------------------
2026-07-27 09:12:39 | INFO    | [09:11:17] 價格: 43580.0 | 大結構趨勢 (5M): NONE
2026-07-27 09:12:39 | INFO    |        即時信號 : 無特殊信號
2026-07-27 09:12:39 | INFO    |        多頭 OB  : [43503.0 - 43518.0] | 空頭 OB  : [43935.0 - 43977.0]
2026-07-27 09:12:39 | INFO    |        多頭 FVG : 無 | 空頭 FVG : 無
2026-07-27 09:12:39 | INFO    | ----------------------------------------------------------------------
2026-07-27 09:13:39 | INFO    | [09:12:17] 價格: 43628.0 | 大結構趨勢 (5M): NONE
2026-07-27 09:13:39 | INFO    |        即時信號 : 無特殊信號
2026-07-27 09:13:39 | INFO    |        多頭 OB  : [43503.0 - 43518.0] | 空頭 OB  : [43935.0 - 43977.0]
2026-07-27 09:13:39 | INFO    |        多頭 FVG : 無 | 空頭 FVG : 無
2026-07-27 09:13:39 | INFO    | ----------------------------------------------------------------------
2026-07-27 09:14:39 | INFO    | [09:13:17] 價格: 43515.0 | 大結構趨勢 (5M): NONE
2026-07-27 09:14:39 | INFO    |        即時信號 : 無特殊信號
2026-07-27 09:14:39 | INFO    |        多頭 OB  : [43503.0 - 43518.0] | 空頭 OB  : [43935.0 - 43977.0]
2026-07-27 09:14:39 | INFO    |        多頭 FVG : 無 | 空頭 FVG : 無
2026-07-27 09:14:39 | INFO    | ----------------------------------------------------------------------
2026-07-27 09:15:39 | INFO    | [09:14:17] 價格: 43524.0 | 大結構趨勢 (5M): NONE
2026-07-27 09:15:39 | INFO    |        即時信號 : ★ [流動性掠奪] Sweep Low 形成！(買方防守)
2026-07-27 09:15:39 | INFO    |        多頭 OB  : [43503.0 - 43518.0] | 空頭 OB  : [43935.0 - 43977.0]
2026-07-27 09:15:39 | INFO    |        多頭 FVG : 無 | 空頭 FVG : [43571.0 - 43578.0]
2026-07-27 09:15:39 | INFO    | ----------------------------------------------------------------------
2026-07-27 09:15:39 | SIGNAL  | 訊號觸發，發送 Telegram 通知: ★ [流動性掠奪] Sweep Low 形成 (多頭訊號)！
2026-07-27 09:15:40 | INFO    | [Telegram] 訊息發送成功 | chat_id=-1004375180786
2026-07-27 09:16:40 | INFO    | [09:15:18] 價格: 43524.0 | 大結構趨勢 (5M): NONE
2026-07-27 09:16:40 | INFO    |        即時信號 : ★ [流動性掠奪] Sweep Low 形成！(買方防守)
2026-07-27 09:16:40 | INFO    |        多頭 OB  : [43503.0 - 43518.0] | 空頭 OB  : [43935.0 - 43977.0]
2026-07-27 09:16:40 | INFO    |        多頭 FVG : 無 | 空頭 FVG : 無
2026-07-27 09:16:40 | INFO    | ----------------------------------------------------------------------
2026-07-27 09:16:40 | SIGNAL  | 訊號觸發，發送 Telegram 通知: ★ [流動性掠奪] Sweep Low 形成 (多頭訊號)！
2026-07-27 09:16:41 | INFO    | [Telegram] 訊息發送成功 | chat_id=-1004375180786
2026-07-27 09:17:40 | INFO    | [09:16:19] 價格: 43438.0 | 大結構趨勢 (5M): NONE
2026-07-27 09:17:40 | INFO    |        即時信號 : 無特殊信號
2026-07-27 09:17:40 | INFO    |        多頭 OB  : [43503.0 - 43518.0] | 空頭 OB  : [43935.0 - 43977.0]
2026-07-27 09:17:40 | INFO    |        多頭 FVG : 無 | 空頭 FVG : 無
2026-07-27 09:17:40 | INFO    | ----------------------------------------------------------------------
2026-07-27 09:18:41 | INFO    | [09:17:19] 價格: 43457.0 | 大結構趨勢 (5M): NONE
2026-07-27 09:18:41 | INFO    |        即時信號 : 無特殊信號
2026-07-27 09:18:41 | INFO    |        多頭 OB  : [43503.0 - 43518.0] | 空頭 OB  : [43935.0 - 43977.0]
2026-07-27 09:18:41 | INFO    |        多頭 FVG : 無 | 空頭 FVG : 無
2026-07-27 09:18:41 | INFO    | ----------------------------------------------------------------------
2026-07-27 09:19:41 | INFO    | [09:18:19] 價格: 43484.0 | 大結構趨勢 (5M): NONE
2026-07-27 09:19:41 | INFO    |        即時信號 : 無特殊信號
2026-07-27 09:19:41 | INFO    |        多頭 OB  : [43503.0 - 43518.0] | 空頭 OB  : [43935.0 - 43977.0]
2026-07-27 09:19:41 | INFO    |        多頭 FVG : 無 | 空頭 FVG : 無
2026-07-27 09:19:41 | INFO    | ----------------------------------------------------------------------
2026-07-27 09:20:41 | INFO    | [09:19:19] 價格: 43357.0 | 大結構趨勢 (5M): NONE
2026-07-27 09:20:41 | INFO    |        即時信號 : 無特殊信號
2026-07-27 09:20:41 | INFO    |        多頭 OB  : [43503.0 - 43518.0] | 空頭 OB  : [43935.0 - 43977.0]
2026-07-27 09:20:41 | INFO    |        多頭 FVG : 無 | 空頭 FVG : 無
2026-07-27 09:20:41 | INFO    | ----------------------------------------------------------------------
2026-07-27 09:21:41 | INFO    | [09:20:19] 價格: 43377.0 | 大結構趨勢 (5M): BEARISH
2026-07-27 09:21:41 | INFO    |        即時信號 : 無特殊信號
2026-07-27 09:21:41 | INFO    |        多頭 OB  : [43503.0 - 43518.0] | 空頭 OB  : [43935.0 - 43977.0]
2026-07-27 09:21:41 | INFO    |        多頭 FVG : 無 | 空頭 FVG : [43403.0 - 43424.0]
2026-07-27 09:21:41 | INFO    | ----------------------------------------------------------------------
2026-07-27 09:22:43 | INFO    | [09:21:20] 價格: 43351.0 | 大結構趨勢 (5M): BEARISH
2026-07-27 09:22:43 | INFO    |        即時信號 : 無特殊信號
2026-07-27 09:22:43 | INFO    |        多頭 OB  : [43503.0 - 43518.0] | 空頭 OB  : [43935.0 - 43977.0]
2026-07-27 09:22:43 | INFO    |        多頭 FVG : 無 | 空頭 FVG : 無
2026-07-27 09:22:43 | INFO    | ----------------------------------------------------------------------
2026-07-27 09:23:44 | INFO    | [09:22:22] 價格: 43379.0 | 大結構趨勢 (5M): BEARISH
2026-07-27 09:23:44 | INFO    |        即時信號 : 無特殊信號
2026-07-27 09:23:44 | INFO    |        多頭 OB  : [43503.0 - 43518.0] | 空頭 OB  : [43935.0 - 43977.0]
2026-07-27 09:23:44 | INFO    |        多頭 FVG : 無 | 空頭 FVG : 無
2026-07-27 09:23:44 | INFO    | ----------------------------------------------------------------------
2026-07-27 09:24:44 | INFO    | [09:23:22] 價格: 43326.0 | 大結構趨勢 (5M): BEARISH
2026-07-27 09:24:44 | INFO    |        即時信號 : 無特殊信號
2026-07-27 09:24:44 | INFO    |        多頭 OB  : [43503.0 - 43518.0] | 空頭 OB  : [43935.0 - 43977.0]
2026-07-27 09:24:44 | INFO    |        多頭 FVG : 無 | 空頭 FVG : 無
2026-07-27 09:24:44 | INFO    | ----------------------------------------------------------------------
2026-07-27 09:25:45 | INFO    | [09:24:22] 價格: 43371.0 | 大結構趨勢 (5M): BEARISH
2026-07-27 09:25:45 | INFO    |        即時信號 : 無特殊信號
2026-07-27 09:25:45 | INFO    |        多頭 OB  : [43503.0 - 43518.0] | 空頭 OB  : [43935.0 - 43977.0]
2026-07-27 09:25:45 | INFO    |        多頭 FVG : 無 | 空頭 FVG : 無
2026-07-27 09:25:45 | INFO    | ----------------------------------------------------------------------
2026-07-27 09:26:45 | INFO    | [09:25:24] 價格: 43331.0 | 大結構趨勢 (5M): BEARISH
2026-07-27 09:26:45 | INFO    |        即時信號 : 無特殊信號
2026-07-27 09:26:45 | INFO    |        多頭 OB  : [43503.0 - 43518.0] | 空頭 OB  : [43935.0 - 43977.0]
2026-07-27 09:26:45 | INFO    |        多頭 FVG : 無 | 空頭 FVG : 無
2026-07-27 09:26:45 | INFO    | ----------------------------------------------------------------------
2026-07-27 09:27:45 | INFO    | [09:26:24] 價格: 43292.0 | 大結構趨勢 (5M): BEARISH
2026-07-27 09:27:45 | INFO    |        即時信號 : 無特殊信號
2026-07-27 09:27:45 | INFO    |        多頭 OB  : [43503.0 - 43518.0] | 空頭 OB  : [43935.0 - 43977.0]
2026-07-27 09:27:45 | INFO    |        多頭 FVG : 無 | 空頭 FVG : 無
2026-07-27 09:27:45 | INFO    | ----------------------------------------------------------------------
2026-07-27 09:28:46 | INFO    | [09:27:24] 價格: 43186.0 | 大結構趨勢 (5M): BEARISH
2026-07-27 09:28:46 | INFO    |        即時信號 : 無特殊信號
2026-07-27 09:28:46 | INFO    |        多頭 OB  : [43503.0 - 43518.0] | 空頭 OB  : [43935.0 - 43977.0]
2026-07-27 09:28:46 | INFO    |        多頭 FVG : 無 | 空頭 FVG : 無
2026-07-27 09:28:46 | INFO    | ----------------------------------------------------------------------
2026-07-27 09:29:46 | INFO    | [09:28:24] 價格: 43248.0 | 大結構趨勢 (5M): BEARISH
2026-07-27 09:29:46 | INFO    |        即時信號 : 無特殊信號
2026-07-27 09:29:46 | INFO    |        多頭 OB  : [43503.0 - 43518.0] | 空頭 OB  : [43935.0 - 43977.0]
2026-07-27 09:29:46 | INFO    |        多頭 FVG : 無 | 空頭 FVG : 無
2026-07-27 09:29:46 | INFO    | ----------------------------------------------------------------------
2026-07-27 09:30:46 | INFO    | [09:29:24] 價格: 43385.0 | 大結構趨勢 (5M): BEARISH
2026-07-27 09:30:46 | INFO    |        即時信號 : 無特殊信號
2026-07-27 09:30:46 | INFO    |        多頭 OB  : [43503.0 - 43518.0] | 空頭 OB  : [43935.0 - 43977.0]
2026-07-27 09:30:46 | INFO    |        多頭 FVG : 無 | 空頭 FVG : 無
2026-07-27 09:30:46 | INFO    | ----------------------------------------------------------------------
2026-07-27 09:31:47 | INFO    | [09:30:25] 價格: 43474.0 | 大結構趨勢 (5M): BEARISH
2026-07-27 09:31:47 | INFO    |        即時信號 : 無特殊信號
2026-07-27 09:31:47 | INFO    |        多頭 OB  : [43503.0 - 43518.0] | 空頭 OB  : [43935.0 - 43977.0]
2026-07-27 09:31:47 | INFO    |        多頭 FVG : [43275.0 - 43370.0] | 空頭 FVG : 無
2026-07-27 09:31:47 | INFO    | ----------------------------------------------------------------------
2026-07-27 09:32:47 | INFO    | [09:31:25] 價格: 43542.0 | 大結構趨勢 (5M): BEARISH
2026-07-27 09:32:47 | INFO    |        即時信號 : 無特殊信號
2026-07-27 09:32:47 | INFO    |        多頭 OB  : [43503.0 - 43518.0] | 空頭 OB  : [43935.0 - 43977.0]
2026-07-27 09:32:47 | INFO    |        多頭 FVG : [43425.0 - 43469.0] | 空頭 FVG : 無
2026-07-27 09:32:47 | INFO    | ----------------------------------------------------------------------
2026-07-27 09:33:47 | INFO    | [09:32:25] 價格: 43571.0 | 大結構趨勢 (5M): BEARISH
2026-07-27 09:33:47 | INFO    |        即時信號 : 無特殊信號
2026-07-27 09:33:47 | INFO    |        多頭 OB  : [43503.0 - 43518.0] | 空頭 OB  : [43935.0 - 43977.0]
2026-07-27 09:33:47 | INFO    |        多頭 FVG : [43483.0 - 43516.0] | 空頭 FVG : 無
2026-07-27 09:33:47 | INFO    | ----------------------------------------------------------------------
2026-07-27 09:34:48 | INFO    | [09:33:25] 價格: 43585.0 | 大結構趨勢 (5M): BEARISH
2026-07-27 09:34:48 | INFO    |        即時信號 : 無特殊信號
2026-07-27 09:34:48 | INFO    |        多頭 OB  : [43503.0 - 43518.0] | 空頭 OB  : [43935.0 - 43977.0]
2026-07-27 09:34:48 | INFO    |        多頭 FVG : 無 | 空頭 FVG : 無
2026-07-27 09:34:48 | INFO    | ----------------------------------------------------------------------
2026-07-27 09:35:48 | INFO    | [09:34:26] 價格: 43423.0 | 大結構趨勢 (5M): BEARISH
2026-07-27 09:35:48 | INFO    |        即時信號 : 無特殊信號
2026-07-27 09:35:48 | INFO    |        多頭 OB  : [43503.0 - 43518.0] | 空頭 OB  : [43935.0 - 43977.0]
2026-07-27 09:35:48 | INFO    |        多頭 FVG : 無 | 空頭 FVG : 無
2026-07-27 09:35:48 | INFO    | ----------------------------------------------------------------------
2026-07-27 09:36:48 | INFO    | [09:35:26] 價格: 43450.0 | 大結構趨勢 (5M): BEARISH
2026-07-27 09:36:48 | INFO    |        即時信號 : 無特殊信號
2026-07-27 09:36:48 | INFO    |        多頭 OB  : [43503.0 - 43518.0] | 空頭 OB  : [43935.0 - 43977.0]
2026-07-27 09:36:48 | INFO    |        多頭 FVG : 無 | 空頭 FVG : [43463.0 - 43514.0]
2026-07-27 09:36:48 | INFO    | ----------------------------------------------------------------------
2026-07-27 09:37:49 | INFO    | [09:36:27] 價格: 43498.0 | 大結構趨勢 (5M): BEARISH
2026-07-27 09:37:49 | INFO    |        即時信號 : 無特殊信號
2026-07-27 09:37:49 | INFO    |        多頭 OB  : [43503.0 - 43518.0] | 空頭 OB  : [43935.0 - 43977.0]
2026-07-27 09:37:49 | INFO    |        多頭 FVG : 無 | 空頭 FVG : 無
2026-07-27 09:37:49 | INFO    | ----------------------------------------------------------------------
2026-07-27 09:38:49 | INFO    | [09:37:27] 價格: 43573.0 | 大結構趨勢 (5M): BEARISH
2026-07-27 09:38:49 | INFO    |        即時信號 : 無特殊信號
2026-07-27 09:38:49 | INFO    |        多頭 OB  : [43503.0 - 43518.0] | 空頭 OB  : [43935.0 - 43977.0]
2026-07-27 09:38:49 | INFO    |        多頭 FVG : [43463.0 - 43467.0] | 空頭 FVG : 無
2026-07-27 09:38:49 | INFO    | ----------------------------------------------------------------------
2026-07-27 09:39:49 | INFO    | [09:38:27] 價格: 43643.0 | 大結構趨勢 (5M): BEARISH
2026-07-27 09:39:49 | INFO    |        即時信號 : ★★ [結構轉換] MSS Bullish 確立！趨勢轉多
2026-07-27 09:39:49 | INFO    |        多頭 OB  : [43415.0 - 43598.0] | 空頭 OB  : [43935.0 - 43977.0]
2026-07-27 09:39:49 | INFO    |        多頭 FVG : [43519.0 - 43569.0] | 空頭 FVG : 無
2026-07-27 09:39:49 | INFO    | ----------------------------------------------------------------------
2026-07-27 09:39:49 | SIGNAL  | 訊號觸發，發送 Telegram 通知: ★★ [結構轉換] MSS Bullish 確立 (多頭訊號)！
2026-07-27 09:39:50 | INFO    | [Telegram] 訊息發送成功 | chat_id=-1004375180786
2026-07-27 09:40:49 | INFO    | [09:39:28] 價格: 43640.0 | 大結構趨勢 (5M): BEARISH
2026-07-27 09:40:49 | INFO    |        即時信號 : 無特殊信號
2026-07-27 09:40:49 | INFO    |        多頭 OB  : [43415.0 - 43598.0] | 空頭 OB  : [43935.0 - 43977.0]
2026-07-27 09:40:49 | INFO    |        多頭 FVG : [43582.0 - 43636.0] | 空頭 FVG : 無
2026-07-27 09:40:49 | INFO    | ----------------------------------------------------------------------
2026-07-27 09:41:50 | INFO    | [09:40:28] 價格: 43621.0 | 大結構趨勢 (5M): NONE
2026-07-27 09:41:50 | INFO    |        即時信號 : ★ [流動性掠奪] Sweep High 形成！(賣方防守)
2026-07-27 09:41:50 | INFO    |        多頭 OB  : [43415.0 - 43598.0] | 空頭 OB  : [43935.0 - 43977.0]
2026-07-27 09:41:50 | INFO    |        多頭 FVG : 無 | 空頭 FVG : 無
2026-07-27 09:41:50 | INFO    | ----------------------------------------------------------------------
2026-07-27 09:41:50 | SIGNAL  | 訊號觸發，發送 Telegram 通知: ★ [流動性掠奪] Sweep High 形成 (空頭訊號)！
2026-07-27 09:41:51 | INFO    | [Telegram] 訊息發送成功 | chat_id=-1004375180786
2026-07-27 09:42:50 | INFO    | [09:41:28] 價格: 43609.0 | 大結構趨勢 (5M): NONE
2026-07-27 09:42:50 | INFO    |        即時信號 : ★ [流動性掠奪] Sweep High 形成！(賣方防守)
2026-07-27 09:42:50 | INFO    |        多頭 OB  : [43415.0 - 43598.0] | 空頭 OB  : [43935.0 - 43977.0]
2026-07-27 09:42:50 | INFO    |        多頭 FVG : 無 | 空頭 FVG : 無
2026-07-27 09:42:50 | INFO    | ----------------------------------------------------------------------
2026-07-27 09:42:50 | SIGNAL  | 訊號觸發，發送 Telegram 通知: ★ [流動性掠奪] Sweep High 形成 (空頭訊號)！
2026-07-27 09:42:51 | INFO    | [Telegram] 訊息發送成功 | chat_id=-1004375180786
2026-07-27 09:43:51 | INFO    | [09:42:28] 價格: 43570.0 | 大結構趨勢 (5M): NONE
2026-07-27 09:43:51 | INFO    |        即時信號 : 無特殊信號
2026-07-27 09:43:51 | INFO    |        多頭 OB  : [43415.0 - 43598.0] | 空頭 OB  : [43935.0 - 43977.0]
2026-07-27 09:43:51 | INFO    |        多頭 FVG : 無 | 空頭 FVG : 無
2026-07-27 09:43:51 | INFO    | ----------------------------------------------------------------------
2026-07-27 09:44:52 | INFO    | [09:43:29] 價格: 43491.0 | 大結構趨勢 (5M): NONE
2026-07-27 09:44:52 | INFO    |        即時信號 : 無特殊信號
2026-07-27 09:44:52 | INFO    |        多頭 OB  : [43415.0 - 43598.0] | 空頭 OB  : [43935.0 - 43977.0]
2026-07-27 09:44:52 | INFO    |        多頭 FVG : 無 | 空頭 FVG : [43551.0 - 43553.0]
2026-07-27 09:44:52 | INFO    | ----------------------------------------------------------------------
2026-07-27 09:45:52 | INFO    | [09:44:30] 價格: 43544.0 | 大結構趨勢 (5M): NONE
2026-07-27 09:45:52 | INFO    |        即時信號 : 無特殊信號
2026-07-27 09:45:52 | INFO    |        多頭 OB  : [43415.0 - 43598.0] | 空頭 OB  : [43935.0 - 43977.0]
2026-07-27 09:45:52 | INFO    |        多頭 FVG : 無 | 空頭 FVG : 無
2026-07-27 09:45:52 | INFO    | ----------------------------------------------------------------------
2026-07-27 09:46:52 | INFO    | [09:45:30] 價格: 43593.0 | 大結構趨勢 (5M): NONE
2026-07-27 09:46:52 | INFO    |        即時信號 : 無特殊信號
2026-07-27 09:46:52 | INFO    |        多頭 OB  : [43415.0 - 43598.0] | 空頭 OB  : [43935.0 - 43977.0]
2026-07-27 09:46:52 | INFO    |        多頭 FVG : 無 | 空頭 FVG : 無
2026-07-27 09:46:52 | INFO    | ----------------------------------------------------------------------
2026-07-27 09:47:53 | INFO    | [09:46:30] 價格: 43603.0 | 大結構趨勢 (5M): NONE
2026-07-27 09:47:53 | INFO    |        即時信號 : 無特殊信號
2026-07-27 09:47:53 | INFO    |        多頭 OB  : [43415.0 - 43598.0] | 空頭 OB  : [43935.0 - 43977.0]
2026-07-27 09:47:53 | INFO    |        多頭 FVG : 無 | 空頭 FVG : 無
2026-07-27 09:47:53 | INFO    | ----------------------------------------------------------------------
2026-07-27 09:48:54 | INFO    | [09:47:32] 價格: 43605.0 | 大結構趨勢 (5M): NONE
2026-07-27 09:48:54 | INFO    |        即時信號 : 無特殊信號
2026-07-27 09:48:54 | INFO    |        多頭 OB  : [43415.0 - 43598.0] | 空頭 OB  : [43935.0 - 43977.0]
2026-07-27 09:48:54 | INFO    |        多頭 FVG : 無 | 空頭 FVG : 無
2026-07-27 09:48:54 | INFO    | ----------------------------------------------------------------------
2026-07-27 09:49:55 | INFO    | [09:48:32] 價格: 43615.0 | 大結構趨勢 (5M): NONE
2026-07-27 09:49:55 | INFO    |        即時信號 : 無特殊信號
2026-07-27 09:49:55 | INFO    |        多頭 OB  : [43415.0 - 43598.0] | 空頭 OB  : [43935.0 - 43977.0]
2026-07-27 09:49:55 | INFO    |        多頭 FVG : 無 | 空頭 FVG : 無
2026-07-27 09:49:55 | INFO    | ----------------------------------------------------------------------
2026-07-27 09:50:56 | INFO    | [09:49:33] 價格: 43489.0 | 大結構趨勢 (5M): NONE
2026-07-27 09:50:56 | INFO    |        即時信號 : 無特殊信號
2026-07-27 09:50:56 | INFO    |        多頭 OB  : [43415.0 - 43598.0] | 空頭 OB  : [43935.0 - 43977.0]
2026-07-27 09:50:56 | INFO    |        多頭 FVG : 無 | 空頭 FVG : 無
2026-07-27 09:50:56 | INFO    | ----------------------------------------------------------------------
2026-07-27 09:51:56 | INFO    | [09:50:34] 價格: 43506.0 | 大結構趨勢 (5M): NONE
2026-07-27 09:51:56 | INFO    |        即時信號 : ★ [流動性掠奪] Sweep Low 形成！(買方防守)
2026-07-27 09:51:56 | INFO    |        多頭 OB  : [43415.0 - 43598.0] | 空頭 OB  : [43935.0 - 43977.0]
2026-07-27 09:51:56 | INFO    |        多頭 FVG : 無 | 空頭 FVG : [43514.0 - 43593.0]
2026-07-27 09:51:56 | INFO    | ----------------------------------------------------------------------
2026-07-27 09:51:56 | INFO    | [過濾] 偵測到信號但建議無效，已跳過發送 Telegram 通知。
2026-07-27 09:52:57 | INFO    | [09:51:34] 價格: 43470.0 | 大結構趨勢 (5M): NONE
2026-07-27 09:52:57 | INFO    |        即時信號 : ★ [流動性掠奪] Sweep Low 形成！(買方防守)
2026-07-27 09:52:57 | INFO    |        多頭 OB  : [43415.0 - 43598.0] | 空頭 OB  : [43935.0 - 43977.0]
2026-07-27 09:52:57 | INFO    |        多頭 FVG : 無 | 空頭 FVG : 無
2026-07-27 09:52:57 | INFO    | ----------------------------------------------------------------------
2026-07-27 09:52:57 | INFO    | [過濾] 偵測到信號但建議無效，已跳過發送 Telegram 通知。
2026-07-27 09:53:58 | INFO    | [09:52:35] 價格: 43500.0 | 大結構趨勢 (5M): NONE
2026-07-27 09:53:58 | INFO    |        即時信號 : ★ [流動性掠奪] Sweep Low 形成！(買方防守)
2026-07-27 09:53:58 | INFO    |        多頭 OB  : [43415.0 - 43598.0] | 空頭 OB  : [43935.0 - 43977.0]
2026-07-27 09:53:58 | INFO    |        多頭 FVG : 無 | 空頭 FVG : 無
2026-07-27 09:53:58 | INFO    | ----------------------------------------------------------------------
2026-07-27 09:53:58 | INFO    | [過濾] 偵測到信號但建議無效，已跳過發送 Telegram 通知。
2026-07-27 09:54:58 | INFO    | [09:53:36] 價格: 43458.0 | 大結構趨勢 (5M): NONE
2026-07-27 09:54:58 | INFO    |        即時信號 : 無特殊信號
2026-07-27 09:54:58 | INFO    |        多頭 OB  : [43415.0 - 43598.0] | 空頭 OB  : [43935.0 - 43977.0]
2026-07-27 09:54:58 | INFO    |        多頭 FVG : 無 | 空頭 FVG : 無
2026-07-27 09:54:58 | INFO    | ----------------------------------------------------------------------
2026-07-27 09:55:58 | INFO    | [09:54:36] 價格: 43544.0 | 大結構趨勢 (5M): NONE
2026-07-27 09:55:58 | INFO    |        即時信號 : 無特殊信號
2026-07-27 09:55:58 | INFO    |        多頭 OB  : [43415.0 - 43598.0] | 空頭 OB  : [43935.0 - 43977.0]
2026-07-27 09:55:58 | INFO    |        多頭 FVG : 無 | 空頭 FVG : 無
2026-07-27 09:55:58 | INFO    | ----------------------------------------------------------------------
2026-07-27 09:56:58 | INFO    | [09:55:37] 價格: 43525.0 | 大結構趨勢 (5M): NONE
2026-07-27 09:56:58 | INFO    |        即時信號 : 無特殊信號
2026-07-27 09:56:58 | INFO    |        多頭 OB  : [43415.0 - 43598.0] | 空頭 OB  : [43935.0 - 43977.0]
2026-07-27 09:56:58 | INFO    |        多頭 FVG : 無 | 空頭 FVG : 無
2026-07-27 09:56:58 | INFO    | ----------------------------------------------------------------------
2026-07-27 09:57:59 | INFO    | [09:56:37] 價格: 43508.0 | 大結構趨勢 (5M): NONE
2026-07-27 09:57:59 | INFO    |        即時信號 : 無特殊信號
2026-07-27 09:57:59 | INFO    |        多頭 OB  : [43415.0 - 43598.0] | 空頭 OB  : [43935.0 - 43977.0]
2026-07-27 09:57:59 | INFO    |        多頭 FVG : 無 | 空頭 FVG : 無
2026-07-27 09:57:59 | INFO    | ----------------------------------------------------------------------
2026-07-27 09:59:00 | INFO    | [09:57:38] 價格: 43575.0 | 大結構趨勢 (5M): NONE
2026-07-27 09:59:00 | INFO    |        即時信號 : 無特殊信號
2026-07-27 09:59:00 | INFO    |        多頭 OB  : [43415.0 - 43598.0] | 空頭 OB  : [43935.0 - 43977.0]
2026-07-27 09:59:00 | INFO    |        多頭 FVG : 無 | 空頭 FVG : 無
2026-07-27 09:59:00 | INFO    | ----------------------------------------------------------------------
2026-07-27 10:00:01 | INFO    | [09:58:39] 價格: 43683.0 | 大結構趨勢 (5M): NONE
2026-07-27 10:00:01 | INFO    |        即時信號 : ★★ [結構轉換] MSS Bullish 確立！趨勢轉多
2026-07-27 10:00:01 | INFO    |        多頭 OB  : [43473.0 - 43538.0] | 空頭 OB  : [43935.0 - 43977.0]
2026-07-27 10:00:01 | INFO    |        多頭 FVG : [43538.0 - 43577.0] | 空頭 FVG : 無
2026-07-27 10:00:01 | INFO    | ----------------------------------------------------------------------
2026-07-27 10:00:01 | INFO    | [過濾] 偵測到信號但建議無效，已跳過發送 Telegram 通知。
2026-07-27 10:01:01 | INFO    | [09:59:39] 價格: 43690.0 | 大結構趨勢 (5M): NONE
2026-07-27 10:01:01 | INFO    |        即時信號 : 無特殊信號
2026-07-27 10:01:01 | INFO    |        多頭 OB  : [43473.0 - 43538.0] | 空頭 OB  : [43935.0 - 43977.0]
2026-07-27 10:01:01 | INFO    |        多頭 FVG : [43580.0 - 43668.0] | 空頭 FVG : 無
2026-07-27 10:01:01 | INFO    | ----------------------------------------------------------------------
2026-07-27 10:02:03 | INFO    | [10:00:40] 價格: 43651.0 | 大結構趨勢 (5M): NONE
2026-07-27 10:02:03 | INFO    |        即時信號 : 無特殊信號
2026-07-27 10:02:03 | INFO    |        多頭 OB  : [43473.0 - 43538.0] | 空頭 OB  : [43935.0 - 43977.0]
2026-07-27 10:02:03 | INFO    |        多頭 FVG : 無 | 空頭 FVG : 無
2026-07-27 10:02:03 | INFO    | ----------------------------------------------------------------------
2026-07-27 10:03:05 | INFO    | [10:01:42] 價格: 43676.0 | 大結構趨勢 (5M): NONE
2026-07-27 10:03:05 | INFO    |        即時信號 : 無特殊信號
2026-07-27 10:03:05 | INFO    |        多頭 OB  : [43473.0 - 43538.0] | 空頭 OB  : [43935.0 - 43977.0]
2026-07-27 10:03:05 | INFO    |        多頭 FVG : 無 | 空頭 FVG : 無
2026-07-27 10:03:05 | INFO    | ----------------------------------------------------------------------
2026-07-27 10:04:06 | INFO    | [10:02:43] 價格: 43593.0 | 大結構趨勢 (5M): NONE
2026-07-27 10:04:06 | INFO    |        即時信號 : ★ [流動性掠奪] Sweep High 形成！(賣方防守)
2026-07-27 10:04:06 | INFO    |        多頭 OB  : [43473.0 - 43538.0] | 空頭 OB  : [43935.0 - 43977.0]
2026-07-27 10:04:06 | INFO    |        多頭 FVG : 無 | 空頭 FVG : 無
2026-07-27 10:04:06 | INFO    | ----------------------------------------------------------------------
2026-07-27 10:04:06 | INFO    | [過濾] 偵測到信號但建議無效，已跳過發送 Telegram 通知。
2026-07-27 10:05:06 | INFO    | [10:03:44] 價格: 43572.0 | 大結構趨勢 (5M): NONE
2026-07-27 10:05:06 | INFO    |        即時信號 : 無特殊信號
2026-07-27 10:05:06 | INFO    |        多頭 OB  : [43473.0 - 43538.0] | 空頭 OB  : [43935.0 - 43977.0]
2026-07-27 10:05:06 | INFO    |        多頭 FVG : 無 | 空頭 FVG : 無
2026-07-27 10:05:06 | INFO    | ----------------------------------------------------------------------
2026-07-27 10:06:07 | INFO    | [10:04:45] 價格: 43610.0 | 大結構趨勢 (5M): NONE
2026-07-27 10:06:07 | INFO    |        即時信號 : 無特殊信號
2026-07-27 10:06:07 | INFO    |        多頭 OB  : [43473.0 - 43538.0] | 空頭 OB  : [43935.0 - 43977.0]
2026-07-27 10:06:07 | INFO    |        多頭 FVG : 無 | 空頭 FVG : 無
2026-07-27 10:06:07 | INFO    | ----------------------------------------------------------------------
2026-07-27 10:07:10 | INFO    | [10:05:46] 價格: 43610.0 | 大結構趨勢 (5M): NONE
2026-07-27 10:07:10 | INFO    |        即時信號 : 無特殊信號
2026-07-27 10:07:10 | INFO    |        多頭 OB  : [43473.0 - 43538.0] | 空頭 OB  : [43935.0 - 43977.0]
2026-07-27 10:07:10 | INFO    |        多頭 FVG : 無 | 空頭 FVG : 無
2026-07-27 10:07:10 | INFO    | ----------------------------------------------------------------------
2026-07-27 10:08:15 | INFO    | [10:06:48] 價格: 43619.0 | 大結構趨勢 (5M): NONE
2026-07-27 10:08:15 | INFO    |        即時信號 : 無特殊信號
2026-07-27 10:08:15 | INFO    |        多頭 OB  : [43473.0 - 43538.0] | 空頭 OB  : [43935.0 - 43977.0]
2026-07-27 10:08:15 | INFO    |        多頭 FVG : 無 | 空頭 FVG : 無
2026-07-27 10:08:15 | INFO    | ----------------------------------------------------------------------
2026-07-27 10:09:19 | INFO    | [10:07:53] 價格: 43606.0 | 大結構趨勢 (5M): NONE
2026-07-27 10:09:19 | INFO    |        即時信號 : 無特殊信號
2026-07-27 10:09:19 | INFO    |        多頭 OB  : [43473.0 - 43538.0] | 空頭 OB  : [43935.0 - 43977.0]
2026-07-27 10:09:19 | INFO    |        多頭 FVG : 無 | 空頭 FVG : 無
2026-07-27 10:09:19 | INFO    | ----------------------------------------------------------------------
2026-07-27 10:10:19 | INFO    | [10:08:57] 價格: 43622.0 | 大結構趨勢 (5M): NONE
2026-07-27 10:10:19 | INFO    |        即時信號 : 無特殊信號
2026-07-27 10:10:19 | INFO    |        多頭 OB  : [43473.0 - 43538.0] | 空頭 OB  : [43935.0 - 43977.0]
2026-07-27 10:10:19 | INFO    |        多頭 FVG : 無 | 空頭 FVG : 無
2026-07-27 10:10:19 | INFO    | ----------------------------------------------------------------------
2026-07-27 10:11:19 | INFO    | [10:09:57] 價格: 43617.0 | 大結構趨勢 (5M): NONE
2026-07-27 10:11:19 | INFO    |        即時信號 : 無特殊信號
2026-07-27 10:11:19 | INFO    |        多頭 OB  : [43473.0 - 43538.0] | 空頭 OB  : [43935.0 - 43977.0]
2026-07-27 10:11:19 | INFO    |        多頭 FVG : 無 | 空頭 FVG : 無
2026-07-27 10:11:19 | INFO    | ----------------------------------------------------------------------
2026-07-27 10:12:21 | INFO    | [10:10:58] 價格: 43636.0 | 大結構趨勢 (5M): NONE
2026-07-27 10:12:21 | INFO    |        即時信號 : 無特殊信號
2026-07-27 10:12:21 | INFO    |        多頭 OB  : [43473.0 - 43538.0] | 空頭 OB  : [43935.0 - 43977.0]
2026-07-27 10:12:21 | INFO    |        多頭 FVG : 無 | 空頭 FVG : 無
2026-07-27 10:12:21 | INFO    | ----------------------------------------------------------------------
2026-07-27 10:13:21 | INFO    | [10:11:59] 價格: 43616.0 | 大結構趨勢 (5M): NONE
2026-07-27 10:13:21 | INFO    |        即時信號 : 無特殊信號
2026-07-27 10:13:21 | INFO    |        多頭 OB  : [43473.0 - 43538.0] | 空頭 OB  : [43935.0 - 43977.0]
2026-07-27 10:13:21 | INFO    |        多頭 FVG : 無 | 空頭 FVG : 無
2026-07-27 10:13:21 | INFO    | ----------------------------------------------------------------------
2026-07-27 10:14:21 | INFO    | [10:12:59] 價格: 43604.0 | 大結構趨勢 (5M): NONE
2026-07-27 10:14:21 | INFO    |        即時信號 : 無特殊信號
2026-07-27 10:14:21 | INFO    |        多頭 OB  : [43473.0 - 43538.0] | 空頭 OB  : [43935.0 - 43977.0]
2026-07-27 10:14:21 | INFO    |        多頭 FVG : 無 | 空頭 FVG : 無
2026-07-27 10:14:21 | INFO    | ----------------------------------------------------------------------
2026-07-27 10:15:21 | INFO    | [10:13:59] 價格: 43587.0 | 大結構趨勢 (5M): NONE
2026-07-27 10:15:21 | INFO    |        即時信號 : 無特殊信號
2026-07-27 10:15:21 | INFO    |        多頭 OB  : [43473.0 - 43538.0] | 空頭 OB  : [43935.0 - 43977.0]
2026-07-27 10:15:21 | INFO    |        多頭 FVG : 無 | 空頭 FVG : 無
2026-07-27 10:15:21 | INFO    | ----------------------------------------------------------------------
2026-07-27 10:16:22 | INFO    | [10:15:00] 價格: 43556.0 | 大結構趨勢 (5M): NONE
2026-07-27 10:16:22 | INFO    |        即時信號 : ★★ [結構轉換] MSS Bearish 確立！趨勢轉空
2026-07-27 10:16:22 | INFO    |        多頭 OB  : [43473.0 - 43538.0] | 空頭 OB  : [43607.0 - 43648.0]
2026-07-27 10:16:22 | INFO    |        多頭 FVG : 無 | 空頭 FVG : 無
2026-07-27 10:16:22 | INFO    | ----------------------------------------------------------------------
2026-07-27 10:16:22 | INFO    | [過濾] 偵測到信號但建議無效，已跳過發送 Telegram 通知。
2026-07-27 10:17:22 | INFO    | [10:16:00] 價格: 43535.0 | 大結構趨勢 (5M): NONE
2026-07-27 10:17:22 | INFO    |        即時信號 : 無特殊信號
2026-07-27 10:17:22 | INFO    |        多頭 OB  : [43473.0 - 43538.0] | 空頭 OB  : [43607.0 - 43648.0]
2026-07-27 10:17:22 | INFO    |        多頭 FVG : 無 | 空頭 FVG : 無
2026-07-27 10:17:22 | INFO    | ----------------------------------------------------------------------
2026-07-27 10:18:23 | INFO    | [10:17:00] 價格: 43538.0 | 大結構趨勢 (5M): NONE
2026-07-27 10:18:23 | INFO    |        即時信號 : 無特殊信號
2026-07-27 10:18:23 | INFO    |        多頭 OB  : [43473.0 - 43538.0] | 空頭 OB  : [43607.0 - 43648.0]
2026-07-27 10:18:23 | INFO    |        多頭 FVG : 無 | 空頭 FVG : 無
2026-07-27 10:18:23 | INFO    | ----------------------------------------------------------------------
2026-07-27 10:19:23 | INFO    | [10:18:01] 價格: 43513.0 | 大結構趨勢 (5M): NONE
2026-07-27 10:19:23 | INFO    |        即時信號 : 無特殊信號
2026-07-27 10:19:23 | INFO    |        多頭 OB  : [43473.0 - 43538.0] | 空頭 OB  : [43607.0 - 43648.0]
2026-07-27 10:19:23 | INFO    |        多頭 FVG : 無 | 空頭 FVG : 無
2026-07-27 10:19:23 | INFO    | ----------------------------------------------------------------------
2026-07-27 10:20:24 | INFO    | [10:19:01] 價格: 43576.0 | 大結構趨勢 (5M): NONE
2026-07-27 10:20:24 | INFO    |        即時信號 : ★ [流動性掠奪] Sweep Low 形成！(買方防守)
2026-07-27 10:20:24 | INFO    |        多頭 OB  : [43473.0 - 43538.0] | 空頭 OB  : [43607.0 - 43648.0]
2026-07-27 10:20:24 | INFO    |        多頭 FVG : 無 | 空頭 FVG : 無
2026-07-27 10:20:24 | INFO    | ----------------------------------------------------------------------
2026-07-27 10:20:24 | INFO    | [過濾] 偵測到信號但建議無效，已跳過發送 Telegram 通知。
2026-07-27 10:21:24 | INFO    | [10:20:02] 價格: 43498.0 | 大結構趨勢 (5M): NONE
2026-07-27 10:21:24 | INFO    |        即時信號 : 無特殊信號
2026-07-27 10:21:24 | INFO    |        多頭 OB  : [43473.0 - 43538.0] | 空頭 OB  : [43607.0 - 43648.0]
2026-07-27 10:21:24 | INFO    |        多頭 FVG : 無 | 空頭 FVG : 無
2026-07-27 10:21:24 | INFO    | ----------------------------------------------------------------------
2026-07-27 10:22:27 | INFO    | [10:21:02] 價格: 43474.0 | 大結構趨勢 (5M): NONE
2026-07-27 10:22:27 | INFO    |        即時信號 : 無特殊信號
2026-07-27 10:22:27 | INFO    |        多頭 OB  : [43473.0 - 43538.0] | 空頭 OB  : [43607.0 - 43648.0]
2026-07-27 10:22:27 | INFO    |        多頭 FVG : 無 | 空頭 FVG : 無
2026-07-27 10:22:27 | INFO    | ----------------------------------------------------------------------
2026-07-27 10:23:27 | INFO    | [10:22:05] 價格: 43616.0 | 大結構趨勢 (5M): NONE
2026-07-27 10:23:27 | INFO    |        即時信號 : ★ [流動性掠奪] Sweep Low 形成！(買方防守)
2026-07-27 10:23:27 | INFO    |        多頭 OB  : [43473.0 - 43538.0] | 空頭 OB  : [43607.0 - 43648.0]
2026-07-27 10:23:27 | INFO    |        多頭 FVG : 無 | 空頭 FVG : 無
2026-07-27 10:23:27 | INFO    | ----------------------------------------------------------------------
2026-07-27 10:23:27 | SIGNAL  | 訊號觸發，發送 Telegram 通知: ★ [流動性掠奪] Sweep Low 形成 (多頭訊號)！
2026-07-27 10:23:28 | INFO    | [Telegram] 訊息發送成功 | chat_id=-1004375180786
2026-07-27 10:24:29 | INFO    | [10:23:05] 價格: 43533.0 | 大結構趨勢 (5M): NONE
2026-07-27 10:24:29 | INFO    |        即時信號 : 無特殊信號
2026-07-27 10:24:29 | INFO    |        多頭 OB  : [43473.0 - 43538.0] | 空頭 OB  : [43607.0 - 43648.0]
2026-07-27 10:24:29 | INFO    |        多頭 FVG : [43503.0 - 43513.0] | 空頭 FVG : 無
2026-07-27 10:24:29 | INFO    | ----------------------------------------------------------------------
2026-07-27 10:25:30 | INFO    | [10:24:07] 價格: 43621.0 | 大結構趨勢 (5M): NONE
2026-07-27 10:25:30 | INFO    |        即時信號 : ★ [流動性掠奪] Sweep Low 形成！(買方防守)
2026-07-27 10:25:30 | INFO    |        多頭 OB  : [43473.0 - 43538.0] | 空頭 OB  : [43607.0 - 43648.0]
2026-07-27 10:25:30 | INFO    |        多頭 FVG : 無 | 空頭 FVG : 無
2026-07-27 10:25:30 | INFO    | ----------------------------------------------------------------------
2026-07-27 10:25:30 | SIGNAL  | 訊號觸發，發送 Telegram 通知: ★ [流動性掠奪] Sweep Low 形成 (多頭訊號)！
2026-07-27 10:25:31 | INFO    | [Telegram] 訊息發送成功 | chat_id=-1004375180786
2026-07-27 10:26:30 | INFO    | [10:25:08] 價格: 43721.0 | 大結構趨勢 (5M): NONE
2026-07-27 10:26:30 | INFO    |        即時信號 : ★★ [結構轉換] MSS Bullish 確立！趨勢轉多
2026-07-27 10:26:30 | INFO    |        多頭 OB  : [43529.0 - 43647.0] | 空頭 OB  : [43607.0 - 43648.0]
2026-07-27 10:26:30 | INFO    |        多頭 FVG : 無 | 空頭 FVG : 無
2026-07-27 10:26:30 | INFO    | ----------------------------------------------------------------------
2026-07-27 10:26:30 | SIGNAL  | 訊號觸發，發送 Telegram 通知: ★★ [結構轉換] MSS Bullish 確立 (多頭訊號)！
2026-07-27 10:26:31 | INFO    | [Telegram] 訊息發送成功 | chat_id=-1004375180786
2026-07-27 10:27:32 | INFO    | [10:26:08] 價格: 43685.0 | 大結構趨勢 (5M): NONE
2026-07-27 10:27:32 | INFO    |        即時信號 : ★★★ [價格交付改變] CISD Bullish 爆量突破對立 OB！
2026-07-27 10:27:32 | INFO    |        多頭 OB  : [43651.0 - 43744.0] | 空頭 OB  : [43607.0 - 43648.0]
2026-07-27 10:27:32 | INFO    |        多頭 FVG : [43647.0 - 43651.0] | 空頭 FVG : 無
2026-07-27 10:27:32 | INFO    | ----------------------------------------------------------------------
2026-07-27 10:27:32 | SIGNAL  | 訊號觸發，發送 Telegram 通知: ★★★ [價格交付改變] CISD Bullish 爆量突破 (多頭訊號)！
2026-07-27 10:27:33 | INFO    | [Telegram] 訊息發送成功 | chat_id=-1004375180786
2026-07-27 10:28:32 | INFO    | [10:27:10] 價格: 43676.0 | 大結構趨勢 (5M): NONE
2026-07-27 10:28:32 | INFO    |        即時信號 : ★ [流動性掠奪] Sweep High 形成！(賣方防守)
2026-07-27 10:28:32 | INFO    |        多頭 OB  : [43651.0 - 43744.0] | 空頭 OB  : [43607.0 - 43648.0]
2026-07-27 10:28:32 | INFO    |        多頭 FVG : 無 | 空頭 FVG : 無
2026-07-27 10:28:32 | INFO    | ----------------------------------------------------------------------
2026-07-27 10:28:32 | INFO    | [過濾] 偵測到信號但建議無效，已跳過發送 Telegram 通知。
2026-07-27 10:29:33 | INFO    | [10:28:10] 價格: 43749.0 | 大結構趨勢 (5M): NONE
2026-07-27 10:29:33 | INFO    |        即時信號 : 無特殊信號
2026-07-27 10:29:33 | INFO    |        多頭 OB  : [43651.0 - 43744.0] | 空頭 OB  : [43607.0 - 43648.0]
2026-07-27 10:29:33 | INFO    |        多頭 FVG : 無 | 空頭 FVG : 無
2026-07-27 10:29:33 | INFO    | ----------------------------------------------------------------------
2026-07-27 10:30:33 | INFO    | [10:29:11] 價格: 43680.0 | 大結構趨勢 (5M): NONE
2026-07-27 10:30:33 | INFO    |        即時信號 : 無特殊信號
2026-07-27 10:30:33 | INFO    |        多頭 OB  : [43651.0 - 43744.0] | 空頭 OB  : [43607.0 - 43648.0]
2026-07-27 10:30:33 | INFO    |        多頭 FVG : 無 | 空頭 FVG : 無
2026-07-27 10:30:33 | INFO    | ----------------------------------------------------------------------
2026-07-27 10:31:34 | INFO    | [10:30:11] 價格: 43584.0 | 大結構趨勢 (5M): NONE
2026-07-27 10:31:34 | INFO    |        即時信號 : ★★★ [價格交付改變] CISD Bearish 爆量跌破對立 OB！
2026-07-27 10:31:34 | INFO    |        多頭 OB  : [43651.0 - 43744.0] | 空頭 OB  : [43679.0 - 43766.0]
2026-07-27 10:31:34 | INFO    |        多頭 FVG : 無 | 空頭 FVG : [43676.0 - 43679.0]
2026-07-27 10:31:34 | INFO    | ----------------------------------------------------------------------
2026-07-27 10:31:34 | SIGNAL  | 訊號觸發，發送 Telegram 通知: ★★★ [價格交付改變] CISD Bearish 爆量跌破 (空頭訊號)！
2026-07-27 10:31:35 | INFO    | [Telegram] 訊息發送成功 | chat_id=-1004375180786
2026-07-27 10:32:35 | INFO    | [10:31:12] 價格: 43535.0 | 大結構趨勢 (5M): NONE
2026-07-27 10:32:35 | INFO    |        即時信號 : ★★★ [價格交付改變] CISD Bearish 爆量跌破對立 OB！
2026-07-27 10:32:35 | INFO    |        多頭 OB  : [43651.0 - 43744.0] | 空頭 OB  : [43679.0 - 43766.0]
2026-07-27 10:32:35 | INFO    |        多頭 FVG : 無 | 空頭 FVG : [43597.0 - 43676.0]
2026-07-27 10:32:35 | INFO    | ----------------------------------------------------------------------
2026-07-27 10:32:35 | SIGNAL  | 訊號觸發，發送 Telegram 通知: ★★★ [價格交付改變] CISD Bearish 爆量跌破 (空頭訊號)！
2026-07-27 10:32:35 | INFO    | [Telegram] 訊息發送成功 | chat_id=-1004375180786
2026-07-27 10:33:36 | INFO    | [10:32:13] 價格: 43543.0 | 大結構趨勢 (5M): NONE
2026-07-27 10:33:36 | INFO    |        即時信號 : 無特殊信號
2026-07-27 10:33:36 | INFO    |        多頭 OB  : [43651.0 - 43744.0] | 空頭 OB  : [43679.0 - 43766.0]
2026-07-27 10:33:36 | INFO    |        多頭 FVG : 無 | 空頭 FVG : [43570.0 - 43578.0]
2026-07-27 10:33:36 | INFO    | ----------------------------------------------------------------------
2026-07-27 10:34:36 | INFO    | [10:33:14] 價格: 43532.0 | 大結構趨勢 (5M): NONE
2026-07-27 10:34:36 | INFO    |        即時信號 : 無特殊信號
2026-07-27 10:34:36 | INFO    |        多頭 OB  : [43651.0 - 43744.0] | 空頭 OB  : [43679.0 - 43766.0]
2026-07-27 10:34:36 | INFO    |        多頭 FVG : 無 | 空頭 FVG : 無
2026-07-27 10:34:36 | INFO    | ----------------------------------------------------------------------
2026-07-27 10:35:37 | INFO    | [10:34:14] 價格: 43558.0 | 大結構趨勢 (5M): NONE
2026-07-27 10:35:37 | INFO    |        即時信號 : 無特殊信號
2026-07-27 10:35:37 | INFO    |        多頭 OB  : [43651.0 - 43744.0] | 空頭 OB  : [43679.0 - 43766.0]
2026-07-27 10:35:37 | INFO    |        多頭 FVG : 無 | 空頭 FVG : 無
2026-07-27 10:35:37 | INFO    | ----------------------------------------------------------------------
2026-07-27 10:36:38 | INFO    | [10:35:15] 價格: 43538.0 | 大結構趨勢 (5M): NONE
2026-07-27 10:36:38 | INFO    |        即時信號 : 無特殊信號
2026-07-27 10:36:38 | INFO    |        多頭 OB  : [43651.0 - 43744.0] | 空頭 OB  : [43679.0 - 43766.0]
2026-07-27 10:36:38 | INFO    |        多頭 FVG : 無 | 空頭 FVG : 無
2026-07-27 10:36:38 | INFO    | ----------------------------------------------------------------------
2026-07-27 10:37:38 | INFO    | [10:36:16] 價格: 43637.0 | 大結構趨勢 (5M): NONE
2026-07-27 10:37:38 | INFO    |        即時信號 : 無特殊信號
2026-07-27 10:37:38 | INFO    |        多頭 OB  : [43651.0 - 43744.0] | 空頭 OB  : [43679.0 - 43766.0]
2026-07-27 10:37:38 | INFO    |        多頭 FVG : 無 | 空頭 FVG : 無
2026-07-27 10:37:38 | INFO    | ----------------------------------------------------------------------
2026-07-27 10:38:40 | INFO    | [10:37:16] 價格: 43642.0 | 大結構趨勢 (5M): NONE
2026-07-27 10:38:40 | INFO    |        即時信號 : 無特殊信號
2026-07-27 10:38:40 | INFO    |        多頭 OB  : [43651.0 - 43744.0] | 空頭 OB  : [43679.0 - 43766.0]
2026-07-27 10:38:40 | INFO    |        多頭 FVG : [43568.0 - 43591.0] | 空頭 FVG : 無
2026-07-27 10:38:40 | INFO    | ----------------------------------------------------------------------
2026-07-27 10:39:42 | INFO    | [10:38:18] 價格: 43665.0 | 大結構趨勢 (5M): NONE
2026-07-27 10:39:42 | INFO    |        即時信號 : 無特殊信號
2026-07-27 10:39:42 | INFO    |        多頭 OB  : [43651.0 - 43744.0] | 空頭 OB  : [43679.0 - 43766.0]
2026-07-27 10:39:42 | INFO    |        多頭 FVG : [43640.0 - 43648.0] | 空頭 FVG : 無
2026-07-27 10:39:42 | INFO    | ----------------------------------------------------------------------
2026-07-27 10:40:42 | INFO    | [10:39:20] 價格: 43725.0 | 大結構趨勢 (5M): NONE
2026-07-27 10:40:42 | INFO    |        即時信號 : 無特殊信號
2026-07-27 10:40:42 | INFO    |        多頭 OB  : [43651.0 - 43744.0] | 空頭 OB  : [43679.0 - 43766.0]
2026-07-27 10:40:42 | INFO    |        多頭 FVG : [43649.0 - 43680.0] | 空頭 FVG : 無
2026-07-27 10:40:42 | INFO    | ----------------------------------------------------------------------
2026-07-27 10:41:42 | INFO    | [10:40:20] 價格: 43718.0 | 大結構趨勢 (5M): NONE
2026-07-27 10:41:42 | INFO    |        即時信號 : 無特殊信號
2026-07-27 10:41:42 | INFO    |        多頭 OB  : [43651.0 - 43744.0] | 空頭 OB  : [43679.0 - 43766.0]
2026-07-27 10:41:42 | INFO    |        多頭 FVG : [43689.0 - 43711.0] | 空頭 FVG : 無
2026-07-27 10:41:42 | INFO    | ----------------------------------------------------------------------
2026-07-27 10:42:43 | INFO    | [10:41:20] 價格: 43722.0 | 大結構趨勢 (5M): NONE
2026-07-27 10:42:43 | INFO    |        即時信號 : 無特殊信號
2026-07-27 10:42:43 | INFO    |        多頭 OB  : [43651.0 - 43744.0] | 空頭 OB  : [43679.0 - 43766.0]
2026-07-27 10:42:43 | INFO    |        多頭 FVG : 無 | 空頭 FVG : 無
2026-07-27 10:42:43 | INFO    | ----------------------------------------------------------------------
2026-07-27 10:43:43 | INFO    | [10:42:21] 價格: 43686.0 | 大結構趨勢 (5M): NONE
2026-07-27 10:43:43 | INFO    |        即時信號 : 無特殊信號
2026-07-27 10:43:43 | INFO    |        多頭 OB  : [43651.0 - 43744.0] | 空頭 OB  : [43679.0 - 43766.0]
2026-07-27 10:43:43 | INFO    |        多頭 FVG : 無 | 空頭 FVG : 無
2026-07-27 10:43:43 | INFO    | ----------------------------------------------------------------------
2026-07-27 10:44:49 | INFO    | [10:43:21] 價格: 43643.0 | 大結構趨勢 (5M): NONE
2026-07-27 10:44:49 | INFO    |        即時信號 : 無特殊信號
2026-07-27 10:44:49 | INFO    |        多頭 OB  : [43651.0 - 43744.0] | 空頭 OB  : [43679.0 - 43766.0]
2026-07-27 10:44:49 | INFO    |        多頭 FVG : 無 | 空頭 FVG : [43689.0 - 43717.0]
2026-07-27 10:44:49 | INFO    | ----------------------------------------------------------------------
2026-07-27 10:45:49 | INFO    | [10:44:27] 價格: 43670.0 | 大結構趨勢 (5M): NONE
2026-07-27 10:45:49 | INFO    |        即時信號 : 無特殊信號
2026-07-27 10:45:49 | INFO    |        多頭 OB  : [43651.0 - 43744.0] | 空頭 OB  : [43679.0 - 43766.0]
2026-07-27 10:45:49 | INFO    |        多頭 FVG : 無 | 空頭 FVG : 無
2026-07-27 10:45:49 | INFO    | ----------------------------------------------------------------------
2026-07-27 10:46:53 | INFO    | [10:45:27] 價格: 43661.0 | 大結構趨勢 (5M): NONE
2026-07-27 10:46:53 | INFO    |        即時信號 : 無特殊信號
2026-07-27 10:46:53 | INFO    |        多頭 OB  : [43651.0 - 43744.0] | 空頭 OB  : [43679.0 - 43766.0]
2026-07-27 10:46:53 | INFO    |        多頭 FVG : 無 | 空頭 FVG : 無
2026-07-27 10:46:53 | INFO    | ----------------------------------------------------------------------
2026-07-27 10:47:55 | INFO    | [10:46:31] 價格: 43654.0 | 大結構趨勢 (5M): NONE
2026-07-27 10:47:55 | INFO    |        即時信號 : 無特殊信號
2026-07-27 10:47:55 | INFO    |        多頭 OB  : [43651.0 - 43744.0] | 空頭 OB  : [43679.0 - 43766.0]
2026-07-27 10:47:55 | INFO    |        多頭 FVG : 無 | 空頭 FVG : 無
2026-07-27 10:47:55 | INFO    | ----------------------------------------------------------------------
2026-07-27 10:48:57 | INFO    | [10:47:33] 價格: 43605.0 | 大結構趨勢 (5M): NONE
2026-07-27 10:48:57 | INFO    |        即時信號 : 無特殊信號
2026-07-27 10:48:57 | INFO    |        多頭 OB  : [43651.0 - 43744.0] | 空頭 OB  : [43679.0 - 43766.0]
2026-07-27 10:48:57 | INFO    |        多頭 FVG : 無 | 空頭 FVG : 無
2026-07-27 10:48:57 | INFO    | ----------------------------------------------------------------------
2026-07-27 10:49:58 | INFO    | [10:48:36] 價格: 43557.0 | 大結構趨勢 (5M): NONE
2026-07-27 10:49:58 | INFO    |        即時信號 : 無特殊信號
2026-07-27 10:49:58 | INFO    |        多頭 OB  : [43651.0 - 43744.0] | 空頭 OB  : [43679.0 - 43766.0]
2026-07-27 10:49:58 | INFO    |        多頭 FVG : 無 | 空頭 FVG : [43609.0 - 43647.0]
2026-07-27 10:49:58 | INFO    | ----------------------------------------------------------------------
2026-07-27 10:51:00 | INFO    | [10:49:36] 價格: 43548.0 | 大結構趨勢 (5M): NONE
2026-07-27 10:51:00 | INFO    |        即時信號 : 無特殊信號
2026-07-27 10:51:00 | INFO    |        多頭 OB  : [43651.0 - 43744.0] | 空頭 OB  : [43679.0 - 43766.0]
2026-07-27 10:51:00 | INFO    |        多頭 FVG : 無 | 空頭 FVG : [43591.0 - 43598.0]
2026-07-27 10:51:00 | INFO    | ----------------------------------------------------------------------
2026-07-27 10:52:00 | INFO    | [10:50:38] 價格: 43563.0 | 大結構趨勢 (5M): NONE
2026-07-27 10:52:00 | INFO    |        即時信號 : 無特殊信號
2026-07-27 10:52:00 | INFO    |        多頭 OB  : [43651.0 - 43744.0] | 空頭 OB  : [43679.0 - 43766.0]
2026-07-27 10:52:00 | INFO    |        多頭 FVG : 無 | 空頭 FVG : 無
2026-07-27 10:52:00 | INFO    | ----------------------------------------------------------------------
2026-07-27 10:53:02 | INFO    | [10:51:38] 價格: 43528.0 | 大結構趨勢 (5M): NONE
2026-07-27 10:53:02 | INFO    |        即時信號 : 無特殊信號
2026-07-27 10:53:02 | INFO    |        多頭 OB  : [43651.0 - 43744.0] | 空頭 OB  : [43679.0 - 43766.0]
2026-07-27 10:53:02 | INFO    |        多頭 FVG : 無 | 空頭 FVG : 無
2026-07-27 10:53:02 | INFO    | ----------------------------------------------------------------------
2026-07-27 10:54:02 | INFO    | [10:52:40] 價格: 43540.0 | 大結構趨勢 (5M): NONE
2026-07-27 10:54:02 | INFO    |        即時信號 : 無特殊信號
2026-07-27 10:54:02 | INFO    |        多頭 OB  : [43651.0 - 43744.0] | 空頭 OB  : [43679.0 - 43766.0]
2026-07-27 10:54:02 | INFO    |        多頭 FVG : 無 | 空頭 FVG : 無
2026-07-27 10:54:02 | INFO    | ----------------------------------------------------------------------
2026-07-27 10:55:02 | INFO    | [10:53:40] 價格: 43538.0 | 大結構趨勢 (5M): NONE
2026-07-27 10:55:02 | INFO    |        即時信號 : 無特殊信號
2026-07-27 10:55:02 | INFO    |        多頭 OB  : [43651.0 - 43744.0] | 空頭 OB  : [43679.0 - 43766.0]
2026-07-27 10:55:02 | INFO    |        多頭 FVG : 無 | 空頭 FVG : 無
2026-07-27 10:55:02 | INFO    | ----------------------------------------------------------------------
2026-07-27 10:56:03 | INFO    | [10:54:40] 價格: 43552.0 | 大結構趨勢 (5M): NONE
2026-07-27 10:56:03 | INFO    |        即時信號 : 無特殊信號
2026-07-27 10:56:03 | INFO    |        多頭 OB  : [43651.0 - 43744.0] | 空頭 OB  : [43679.0 - 43766.0]
2026-07-27 10:56:03 | INFO    |        多頭 FVG : 無 | 空頭 FVG : 無
2026-07-27 10:56:03 | INFO    | ----------------------------------------------------------------------
2026-07-27 10:57:08 | INFO    | [10:55:41] 價格: 43579.0 | 大結構趨勢 (5M): NONE
2026-07-27 10:57:08 | INFO    |        即時信號 : 無特殊信號
2026-07-27 10:57:08 | INFO    |        多頭 OB  : [43651.0 - 43744.0] | 空頭 OB  : [43679.0 - 43766.0]
2026-07-27 10:57:08 | INFO    |        多頭 FVG : 無 | 空頭 FVG : 無
2026-07-27 10:57:08 | INFO    | ----------------------------------------------------------------------
2026-07-27 10:58:10 | INFO    | [10:56:46] 價格: 43524.0 | 大結構趨勢 (5M): NONE
2026-07-27 10:58:10 | INFO    |        即時信號 : ★ [流動性掠奪] Sweep Low 形成！(買方防守)
2026-07-27 10:58:10 | INFO    |        多頭 OB  : [43651.0 - 43744.0] | 空頭 OB  : [43679.0 - 43766.0]
2026-07-27 10:58:10 | INFO    |        多頭 FVG : 無 | 空頭 FVG : 無
2026-07-27 10:58:10 | INFO    | ----------------------------------------------------------------------
2026-07-27 10:58:10 | INFO    | [過濾] 偵測到信號但建議無效，已跳過發送 Telegram 通知。
2026-07-27 10:59:12 | INFO    | [10:57:48] 價格: 43517.0 | 大結構趨勢 (5M): NONE
2026-07-27 10:59:12 | INFO    |        即時信號 : ★★ [結構轉換] MSS Bearish 確立！趨勢轉空
2026-07-27 10:59:12 | INFO    |        多頭 OB  : [43651.0 - 43744.0] | 空頭 OB  : [43552.0 - 43581.0]
2026-07-27 10:59:12 | INFO    |        多頭 FVG : 無 | 空頭 FVG : [43544.0 - 43552.0]
2026-07-27 10:59:12 | INFO    | ----------------------------------------------------------------------
2026-07-27 10:59:12 | INFO    | [過濾] 偵測到信號但建議無效，已跳過發送 Telegram 通知。
2026-07-27 11:00:13 | INFO    | [10:58:50] 價格: 43497.0 | 大結構趨勢 (5M): NONE
2026-07-27 11:00:13 | INFO    |        即時信號 : 無特殊信號
2026-07-27 11:00:13 | INFO    |        多頭 OB  : [43651.0 - 43744.0] | 空頭 OB  : [43552.0 - 43581.0]
2026-07-27 11:00:13 | INFO    |        多頭 FVG : 無 | 空頭 FVG : 無
2026-07-27 11:00:13 | INFO    | ----------------------------------------------------------------------
2026-07-27 11:01:14 | INFO    | [10:59:52] 價格: 43552.0 | 大結構趨勢 (5M): NONE
2026-07-27 11:01:14 | INFO    |        即時信號 : ★ [流動性掠奪] Sweep Low 形成！(買方防守)
2026-07-27 11:01:14 | INFO    |        多頭 OB  : [43651.0 - 43744.0] | 空頭 OB  : [43552.0 - 43581.0]
2026-07-27 11:01:14 | INFO    |        多頭 FVG : 無 | 空頭 FVG : 無
2026-07-27 11:01:14 | INFO    | ----------------------------------------------------------------------
2026-07-27 11:01:14 | INFO    | [過濾] 偵測到信號但建議無效，已跳過發送 Telegram 通知。
2026-07-27 11:02:17 | INFO    | [11:00:52] 價格: 43561.0 | 大結構趨勢 (5M): NONE
2026-07-27 11:02:17 | INFO    |        即時信號 : ★ [流動性掠奪] Sweep High 形成！(賣方防守)
2026-07-27 11:02:17 | INFO    |        多頭 OB  : [43651.0 - 43744.0] | 空頭 OB  : [43552.0 - 43581.0]
2026-07-27 11:02:17 | INFO    |        多頭 FVG : [43529.0 - 43546.0] | 空頭 FVG : 無
2026-07-27 11:02:17 | INFO    | ----------------------------------------------------------------------
2026-07-27 11:02:17 | INFO    | [過濾] 偵測到信號但建議無效，已跳過發送 Telegram 通知。
2026-07-27 11:03:17 | INFO    | [11:01:55] 價格: 43551.0 | 大結構趨勢 (5M): NONE
2026-07-27 11:03:17 | INFO    |        即時信號 : ★ [流動性掠奪] Sweep High 形成！(賣方防守)
2026-07-27 11:03:17 | INFO    |        多頭 OB  : [43651.0 - 43744.0] | 空頭 OB  : [43552.0 - 43581.0]
2026-07-27 11:03:17 | INFO    |        多頭 FVG : 無 | 空頭 FVG : 無
2026-07-27 11:03:17 | INFO    | ----------------------------------------------------------------------
2026-07-27 11:03:17 | INFO    | [過濾] 偵測到信號但建議無效，已跳過發送 Telegram 通知。
2026-07-27 11:04:18 | INFO    | [11:02:55] 價格: 43448.0 | 大結構趨勢 (5M): NONE
2026-07-27 11:04:18 | INFO    |        即時信號 : ★★ [結構轉換] MSS Bearish 確立！趨勢轉空
2026-07-27 11:04:18 | INFO    |        多頭 OB  : [43651.0 - 43744.0] | 空頭 OB  : [43545.0 - 43602.0]
2026-07-27 11:04:18 | INFO    |        多頭 FVG : 無 | 空頭 FVG : 無
2026-07-27 11:04:18 | INFO    | ----------------------------------------------------------------------
2026-07-27 11:04:18 | SIGNAL  | 訊號觸發，發送 Telegram 通知: ★★ [結構轉換] MSS Bearish 確立 (空頭訊號)！
2026-07-27 11:04:18 | INFO    | [Telegram] 訊息發送成功 | chat_id=-1004375180786
2026-07-27 11:05:20 | INFO    | [11:03:55] 價格: 43456.0 | 大結構趨勢 (5M): NONE
2026-07-27 11:05:20 | INFO    |        即時信號 : 無特殊信號
2026-07-27 11:05:20 | INFO    |        多頭 OB  : [43651.0 - 43744.0] | 空頭 OB  : [43545.0 - 43602.0]
2026-07-27 11:05:20 | INFO    |        多頭 FVG : 無 | 空頭 FVG : [43472.0 - 43545.0]
2026-07-27 11:05:20 | INFO    | ----------------------------------------------------------------------
2026-07-27 11:06:26 | INFO    | [11:04:58] 價格: 43493.0 | 大結構趨勢 (5M): NONE
2026-07-27 11:06:26 | INFO    |        即時信號 : 無特殊信號
2026-07-27 11:06:26 | INFO    |        多頭 OB  : [43651.0 - 43744.0] | 空頭 OB  : [43545.0 - 43602.0]
2026-07-27 11:06:26 | INFO    |        多頭 FVG : 無 | 空頭 FVG : 無
2026-07-27 11:06:26 | INFO    | ----------------------------------------------------------------------
2026-07-27 11:07:29 | INFO    | [11:06:04] 價格: 43488.0 | 大結構趨勢 (5M): NONE
2026-07-27 11:07:29 | INFO    |        即時信號 : 無特殊信號
2026-07-27 11:07:29 | INFO    |        多頭 OB  : [43651.0 - 43744.0] | 空頭 OB  : [43545.0 - 43602.0]
2026-07-27 11:07:29 | INFO    |        多頭 FVG : [43472.0 - 43474.0] | 空頭 FVG : 無
2026-07-27 11:07:29 | INFO    | ----------------------------------------------------------------------
2026-07-27 11:08:30 | INFO    | [11:07:07] 價格: 43468.0 | 大結構趨勢 (5M): NONE
2026-07-27 11:08:30 | INFO    |        即時信號 : 無特殊信號
2026-07-27 11:08:30 | INFO    |        多頭 OB  : [43651.0 - 43744.0] | 空頭 OB  : [43545.0 - 43602.0]
2026-07-27 11:08:30 | INFO    |        多頭 FVG : 無 | 空頭 FVG : 無
2026-07-27 11:08:30 | INFO    | ----------------------------------------------------------------------
2026-07-27 11:09:30 | INFO    | [11:08:08] 價格: 43407.0 | 大結構趨勢 (5M): NONE
2026-07-27 11:09:30 | INFO    |        即時信號 : 無特殊信號
2026-07-27 11:09:30 | INFO    |        多頭 OB  : [43651.0 - 43744.0] | 空頭 OB  : [43545.0 - 43602.0]
2026-07-27 11:09:30 | INFO    |        多頭 FVG : 無 | 空頭 FVG : 無
2026-07-27 11:09:30 | INFO    | ----------------------------------------------------------------------
2026-07-27 11:10:30 | INFO    | [11:09:08] 價格: 43374.0 | 大結構趨勢 (5M): NONE
2026-07-27 11:10:30 | INFO    |        即時信號 : 無特殊信號
2026-07-27 11:10:30 | INFO    |        多頭 OB  : [43651.0 - 43744.0] | 空頭 OB  : [43545.0 - 43602.0]
2026-07-27 11:10:30 | INFO    |        多頭 FVG : 無 | 空頭 FVG : [43417.0 - 43450.0]
2026-07-27 11:10:30 | INFO    | ----------------------------------------------------------------------
2026-07-27 11:11:32 | INFO    | [11:10:08] 價格: 43388.0 | 大結構趨勢 (5M): NONE
2026-07-27 11:11:32 | INFO    |        即時信號 : 無特殊信號
2026-07-27 11:11:32 | INFO    |        多頭 OB  : [43651.0 - 43744.0] | 空頭 OB  : [43545.0 - 43602.0]
2026-07-27 11:11:32 | INFO    |        多頭 FVG : 無 | 空頭 FVG : [43395.0 - 43407.0]
2026-07-27 11:11:32 | INFO    | ----------------------------------------------------------------------
2026-07-27 11:12:34 | INFO    | [11:11:10] 價格: 43419.0 | 大結構趨勢 (5M): NONE
2026-07-27 11:12:34 | INFO    |        即時信號 : 無特殊信號
2026-07-27 11:12:34 | INFO    |        多頭 OB  : [43651.0 - 43744.0] | 空頭 OB  : [43545.0 - 43602.0]
2026-07-27 11:12:34 | INFO    |        多頭 FVG : 無 | 空頭 FVG : 無
2026-07-27 11:12:34 | INFO    | ----------------------------------------------------------------------
2026-07-27 11:13:34 | INFO    | [11:12:12] 價格: 43414.0 | 大結構趨勢 (5M): NONE
2026-07-27 11:13:34 | INFO    |        即時信號 : 無特殊信號
2026-07-27 11:13:34 | INFO    |        多頭 OB  : [43651.0 - 43744.0] | 空頭 OB  : [43545.0 - 43602.0]
2026-07-27 11:13:34 | INFO    |        多頭 FVG : [43395.0 - 43404.0] | 空頭 FVG : 無
2026-07-27 11:13:34 | INFO    | ----------------------------------------------------------------------
2026-07-27 11:14:35 | INFO    | [11:13:12] 價格: 43410.0 | 大結構趨勢 (5M): NONE
2026-07-27 11:14:35 | INFO    |        即時信號 : 無特殊信號
2026-07-27 11:14:35 | INFO    |        多頭 OB  : [43651.0 - 43744.0] | 空頭 OB  : [43545.0 - 43602.0]
2026-07-27 11:14:35 | INFO    |        多頭 FVG : 無 | 空頭 FVG : 無
2026-07-27 11:14:35 | INFO    | ----------------------------------------------------------------------
2026-07-27 11:15:36 | INFO    | [11:14:13] 價格: 43459.0 | 大結構趨勢 (5M): NONE
2026-07-27 11:15:36 | INFO    |        即時信號 : 無特殊信號
2026-07-27 11:15:36 | INFO    |        多頭 OB  : [43651.0 - 43744.0] | 空頭 OB  : [43545.0 - 43602.0]
2026-07-27 11:15:36 | INFO    |        多頭 FVG : 無 | 空頭 FVG : 無
2026-07-27 11:15:36 | INFO    | ----------------------------------------------------------------------
2026-07-27 11:16:36 | INFO    | [11:15:13] 價格: 43475.0 | 大結構趨勢 (5M): NONE
2026-07-27 11:16:36 | INFO    |        即時信號 : 無特殊信號
2026-07-27 11:16:36 | INFO    |        多頭 OB  : [43651.0 - 43744.0] | 空頭 OB  : [43545.0 - 43602.0]
2026-07-27 11:16:36 | INFO    |        多頭 FVG : [43420.0 - 43427.0] | 空頭 FVG : 無
2026-07-27 11:16:36 | INFO    | ----------------------------------------------------------------------
2026-07-27 11:17:38 | INFO    | [11:16:14] 價格: 43477.0 | 大結構趨勢 (5M): NONE
2026-07-27 11:17:38 | INFO    |        即時信號 : 無特殊信號
2026-07-27 11:17:38 | INFO    |        多頭 OB  : [43651.0 - 43744.0] | 空頭 OB  : [43545.0 - 43602.0]
2026-07-27 11:17:38 | INFO    |        多頭 FVG : 無 | 空頭 FVG : 無
2026-07-27 11:17:38 | INFO    | ----------------------------------------------------------------------
2026-07-27 11:18:40 | INFO    | [11:17:15] 價格: 43475.0 | 大結構趨勢 (5M): NONE
2026-07-27 11:18:40 | INFO    |        即時信號 : 無特殊信號
2026-07-27 11:18:40 | INFO    |        多頭 OB  : [43651.0 - 43744.0] | 空頭 OB  : [43545.0 - 43602.0]
2026-07-27 11:18:40 | INFO    |        多頭 FVG : 無 | 空頭 FVG : 無
2026-07-27 11:18:40 | INFO    | ----------------------------------------------------------------------
2026-07-27 11:19:41 | INFO    | [11:18:17] 價格: 43475.0 | 大結構趨勢 (5M): NONE
2026-07-27 11:19:41 | INFO    |        即時信號 : 無特殊信號
2026-07-27 11:19:41 | INFO    |        多頭 OB  : [43651.0 - 43744.0] | 空頭 OB  : [43545.0 - 43602.0]
2026-07-27 11:19:41 | INFO    |        多頭 FVG : 無 | 空頭 FVG : 無
2026-07-27 11:19:41 | INFO    | ----------------------------------------------------------------------
2026-07-27 11:20:41 | INFO    | [11:19:19] 價格: 43517.0 | 大結構趨勢 (5M): NONE
2026-07-27 11:20:41 | INFO    |        即時信號 : 無特殊信號
2026-07-27 11:20:41 | INFO    |        多頭 OB  : [43651.0 - 43744.0] | 空頭 OB  : [43545.0 - 43602.0]
2026-07-27 11:20:41 | INFO    |        多頭 FVG : 無 | 空頭 FVG : 無
2026-07-27 11:20:41 | INFO    | ----------------------------------------------------------------------
2026-07-27 11:21:43 | INFO    | [11:20:19] 價格: 43509.0 | 大結構趨勢 (5M): NONE
2026-07-27 11:21:43 | INFO    |        即時信號 : 無特殊信號
2026-07-27 11:21:43 | INFO    |        多頭 OB  : [43651.0 - 43744.0] | 空頭 OB  : [43545.0 - 43602.0]
2026-07-27 11:21:43 | INFO    |        多頭 FVG : 無 | 空頭 FVG : 無
2026-07-27 11:21:43 | INFO    | ----------------------------------------------------------------------
2026-07-27 11:22:44 | INFO    | [11:21:21] 價格: 43462.0 | 大結構趨勢 (5M): NONE
2026-07-27 11:22:44 | INFO    |        即時信號 : 無特殊信號
2026-07-27 11:22:44 | INFO    |        多頭 OB  : [43651.0 - 43744.0] | 空頭 OB  : [43545.0 - 43602.0]
2026-07-27 11:22:44 | INFO    |        多頭 FVG : 無 | 空頭 FVG : 無
2026-07-27 11:22:44 | INFO    | ----------------------------------------------------------------------
2026-07-27 11:23:46 | INFO    | [11:22:22] 價格: 43459.0 | 大結構趨勢 (5M): NONE
2026-07-27 11:23:46 | INFO    |        即時信號 : 無特殊信號
2026-07-27 11:23:46 | INFO    |        多頭 OB  : [43651.0 - 43744.0] | 空頭 OB  : [43545.0 - 43602.0]
2026-07-27 11:23:46 | INFO    |        多頭 FVG : 無 | 空頭 FVG : 無
2026-07-27 11:23:46 | INFO    | ----------------------------------------------------------------------
2026-07-27 11:24:50 | INFO    | [11:23:23] 價格: 43438.0 | 大結構趨勢 (5M): NONE
2026-07-27 11:24:50 | INFO    |        即時信號 : 無特殊信號
2026-07-27 11:24:50 | INFO    |        多頭 OB  : [43651.0 - 43744.0] | 空頭 OB  : [43545.0 - 43602.0]
2026-07-27 11:24:50 | INFO    |        多頭 FVG : 無 | 空頭 FVG : 無
2026-07-27 11:24:50 | INFO    | ----------------------------------------------------------------------
2026-07-27 11:25:50 | INFO    | [11:24:28] 價格: 43405.0 | 大結構趨勢 (5M): NONE
2026-07-27 11:25:50 | INFO    |        即時信號 : 無特殊信號
2026-07-27 11:25:50 | INFO    |        多頭 OB  : [43651.0 - 43744.0] | 空頭 OB  : [43545.0 - 43602.0]
2026-07-27 11:25:50 | INFO    |        多頭 FVG : 無 | 空頭 FVG : [43440.0 - 43446.0]
2026-07-27 11:25:50 | INFO    | ----------------------------------------------------------------------
2026-07-27 11:26:51 | INFO    | [11:25:28] 價格: 43409.0 | 大結構趨勢 (5M): NONE
2026-07-27 11:26:51 | INFO    |        即時信號 : 無特殊信號
2026-07-27 11:26:51 | INFO    |        多頭 OB  : [43651.0 - 43744.0] | 空頭 OB  : [43545.0 - 43602.0]
2026-07-27 11:26:51 | INFO    |        多頭 FVG : 無 | 空頭 FVG : 無
2026-07-27 11:26:51 | INFO    | ----------------------------------------------------------------------
2026-07-27 11:27:51 | INFO    | [11:26:28] 價格: 43402.0 | 大結構趨勢 (5M): NONE
2026-07-27 11:27:51 | INFO    |        即時信號 : 無特殊信號
2026-07-27 11:27:51 | INFO    |        多頭 OB  : [43651.0 - 43744.0] | 空頭 OB  : [43545.0 - 43602.0]
2026-07-27 11:27:51 | INFO    |        多頭 FVG : 無 | 空頭 FVG : 無
2026-07-27 11:27:51 | INFO    | ----------------------------------------------------------------------
2026-07-27 11:28:51 | INFO    | [11:27:29] 價格: 43370.0 | 大結構趨勢 (5M): NONE
2026-07-27 11:28:51 | INFO    |        即時信號 : 無特殊信號
2026-07-27 11:28:51 | INFO    |        多頭 OB  : [43651.0 - 43744.0] | 空頭 OB  : [43545.0 - 43602.0]
2026-07-27 11:28:51 | INFO    |        多頭 FVG : 無 | 空頭 FVG : 無
2026-07-27 11:28:51 | INFO    | ----------------------------------------------------------------------
2026-07-27 11:29:52 | INFO    | [11:28:29] 價格: 43352.0 | 大結構趨勢 (5M): NONE
2026-07-27 11:29:52 | INFO    |        即時信號 : 無特殊信號
2026-07-27 11:29:52 | INFO    |        多頭 OB  : [43651.0 - 43744.0] | 空頭 OB  : [43545.0 - 43602.0]
2026-07-27 11:29:52 | INFO    |        多頭 FVG : 無 | 空頭 FVG : [43377.0 - 43388.0]
2026-07-27 11:29:52 | INFO    | ----------------------------------------------------------------------
2026-07-27 11:30:52 | INFO    | [11:29:29] 價格: 43266.0 | 大結構趨勢 (5M): NONE
2026-07-27 11:30:52 | INFO    |        即時信號 : 無特殊信號
2026-07-27 11:30:52 | INFO    |        多頭 OB  : [43651.0 - 43744.0] | 空頭 OB  : [43545.0 - 43602.0]
2026-07-27 11:30:52 | INFO    |        多頭 FVG : 無 | 空頭 FVG : [43351.0 - 43370.0]
2026-07-27 11:30:52 | INFO    | ----------------------------------------------------------------------
2026-07-27 11:31:52 | INFO    | [11:30:30] 價格: 43276.0 | 大結構趨勢 (5M): NONE
2026-07-27 11:31:52 | INFO    |        即時信號 : 無特殊信號
2026-07-27 11:31:52 | INFO    |        多頭 OB  : [43651.0 - 43744.0] | 空頭 OB  : [43545.0 - 43602.0]
2026-07-27 11:31:52 | INFO    |        多頭 FVG : 無 | 空頭 FVG : [43296.0 - 43343.0]
2026-07-27 11:31:52 | INFO    | ----------------------------------------------------------------------
2026-07-27 11:32:53 | INFO    | [11:31:30] 價格: 43339.0 | 大結構趨勢 (5M): NONE
2026-07-27 11:32:53 | INFO    |        即時信號 : 無特殊信號
2026-07-27 11:32:53 | INFO    |        多頭 OB  : [43651.0 - 43744.0] | 空頭 OB  : [43545.0 - 43602.0]
2026-07-27 11:32:53 | INFO    |        多頭 FVG : 無 | 空頭 FVG : 無
2026-07-27 11:32:53 | INFO    | ----------------------------------------------------------------------
2026-07-27 11:33:54 | INFO    | [11:32:31] 價格: 43332.0 | 大結構趨勢 (5M): NONE
2026-07-27 11:33:54 | INFO    |        即時信號 : 無特殊信號
2026-07-27 11:33:54 | INFO    |        多頭 OB  : [43651.0 - 43744.0] | 空頭 OB  : [43545.0 - 43602.0]
2026-07-27 11:33:54 | INFO    |        多頭 FVG : [43296.0 - 43319.0] | 空頭 FVG : 無
2026-07-27 11:33:54 | INFO    | ----------------------------------------------------------------------
2026-07-27 11:35:00 | INFO    | [11:33:32] 價格: 43350.0 | 大結構趨勢 (5M): NONE
2026-07-27 11:35:00 | INFO    |        即時信號 : 無特殊信號
2026-07-27 11:35:00 | INFO    |        多頭 OB  : [43651.0 - 43744.0] | 空頭 OB  : [43545.0 - 43602.0]
2026-07-27 11:35:00 | INFO    |        多頭 FVG : 無 | 空頭 FVG : 無
2026-07-27 11:35:00 | INFO    | ----------------------------------------------------------------------
2026-07-27 11:36:03 | INFO    | [11:34:38] 價格: 43355.0 | 大結構趨勢 (5M): NONE
2026-07-27 11:36:03 | INFO    |        即時信號 : 無特殊信號
2026-07-27 11:36:03 | INFO    |        多頭 OB  : [43651.0 - 43744.0] | 空頭 OB  : [43545.0 - 43602.0]
2026-07-27 11:36:03 | INFO    |        多頭 FVG : 無 | 空頭 FVG : 無
2026-07-27 11:36:03 | INFO    | ----------------------------------------------------------------------
2026-07-27 11:37:04 | INFO    | [11:35:41] 價格: 43312.0 | 大結構趨勢 (5M): NONE
2026-07-27 11:37:04 | INFO    |        即時信號 : 無特殊信號
2026-07-27 11:37:04 | INFO    |        多頭 OB  : [43651.0 - 43744.0] | 空頭 OB  : [43545.0 - 43602.0]
2026-07-27 11:37:04 | INFO    |        多頭 FVG : 無 | 空頭 FVG : 無
2026-07-27 11:37:04 | INFO    | ----------------------------------------------------------------------
2026-07-27 11:38:04 | INFO    | [11:36:42] 價格: 43313.0 | 大結構趨勢 (5M): NONE
2026-07-27 11:38:04 | INFO    |        即時信號 : 無特殊信號
2026-07-27 11:38:04 | INFO    |        多頭 OB  : [43651.0 - 43744.0] | 空頭 OB  : [43545.0 - 43602.0]
2026-07-27 11:38:04 | INFO    |        多頭 FVG : 無 | 空頭 FVG : [43320.0 - 43339.0]
2026-07-27 11:38:04 | INFO    | ----------------------------------------------------------------------
2026-07-27 11:39:07 | INFO    | [11:37:42] 價格: 43304.0 | 大結構趨勢 (5M): NONE
2026-07-27 11:39:07 | INFO    |        即時信號 : 無特殊信號
2026-07-27 11:39:07 | INFO    |        多頭 OB  : [43651.0 - 43744.0] | 空頭 OB  : [43545.0 - 43602.0]
2026-07-27 11:39:07 | INFO    |        多頭 FVG : 無 | 空頭 FVG : 無
2026-07-27 11:39:07 | INFO    | ----------------------------------------------------------------------
2026-07-27 11:40:07 | INFO    | [11:38:45] 價格: 43323.0 | 大結構趨勢 (5M): NONE
2026-07-27 11:40:07 | INFO    |        即時信號 : 無特殊信號
2026-07-27 11:40:07 | INFO    |        多頭 OB  : [43651.0 - 43744.0] | 空頭 OB  : [43545.0 - 43602.0]
2026-07-27 11:40:07 | INFO    |        多頭 FVG : 無 | 空頭 FVG : 無
2026-07-27 11:40:07 | INFO    | ----------------------------------------------------------------------
2026-07-27 11:41:09 | INFO    | [11:39:45] 價格: 43305.0 | 大結構趨勢 (5M): NONE
2026-07-27 11:41:09 | INFO    |        即時信號 : 無特殊信號
2026-07-27 11:41:09 | INFO    |        多頭 OB  : [43651.0 - 43744.0] | 空頭 OB  : [43545.0 - 43602.0]
2026-07-27 11:41:09 | INFO    |        多頭 FVG : 無 | 空頭 FVG : 無
2026-07-27 11:41:09 | INFO    | ----------------------------------------------------------------------
2026-07-27 11:42:11 | INFO    | [11:40:47] 價格: 43316.0 | 大結構趨勢 (5M): NONE
2026-07-27 11:42:11 | INFO    |        即時信號 : 無特殊信號
2026-07-27 11:42:11 | INFO    |        多頭 OB  : [43651.0 - 43744.0] | 空頭 OB  : [43545.0 - 43602.0]
2026-07-27 11:42:11 | INFO    |        多頭 FVG : 無 | 空頭 FVG : 無
2026-07-27 11:42:11 | INFO    | ----------------------------------------------------------------------
2026-07-27 11:43:11 | INFO    | [11:41:49] 價格: 43365.0 | 大結構趨勢 (5M): NONE
2026-07-27 11:43:11 | INFO    |        即時信號 : 無特殊信號
2026-07-27 11:43:11 | INFO    |        多頭 OB  : [43651.0 - 43744.0] | 空頭 OB  : [43545.0 - 43602.0]
2026-07-27 11:43:11 | INFO    |        多頭 FVG : 無 | 空頭 FVG : 無
2026-07-27 11:43:11 | INFO    | ----------------------------------------------------------------------
2026-07-27 11:44:15 | INFO    | [11:42:49] 價格: 43374.0 | 大結構趨勢 (5M): NONE
2026-07-27 11:44:15 | INFO    |        即時信號 : ★ [流動性掠奪] Sweep High 形成！(賣方防守)
2026-07-27 11:44:15 | INFO    |        多頭 OB  : [43651.0 - 43744.0] | 空頭 OB  : [43545.0 - 43602.0]
2026-07-27 11:44:15 | INFO    |        多頭 FVG : [43336.0 - 43353.0] | 空頭 FVG : 無
2026-07-27 11:44:15 | INFO    | ----------------------------------------------------------------------
2026-07-27 11:44:15 | SIGNAL  | 訊號觸發，發送 Telegram 通知: ★ [流動性掠奪] Sweep High 形成 (空頭訊號)！
2026-07-27 11:44:16 | INFO    | [Telegram] 訊息發送成功 | chat_id=-1004375180786
2026-07-27 11:45:16 | INFO    | [11:43:53] 價格: 43321.0 | 大結構趨勢 (5M): NONE
2026-07-27 11:45:16 | INFO    |        即時信號 : ★ [流動性掠奪] Sweep High 形成！(賣方防守)
2026-07-27 11:45:16 | INFO    |        多頭 OB  : [43651.0 - 43744.0] | 空頭 OB  : [43545.0 - 43602.0]
2026-07-27 11:45:16 | INFO    |        多頭 FVG : 無 | 空頭 FVG : 無
2026-07-27 11:45:16 | INFO    | ----------------------------------------------------------------------
2026-07-27 11:45:16 | SIGNAL  | 訊號觸發，發送 Telegram 通知: ★ [流動性掠奪] Sweep High 形成 (空頭訊號)！
2026-07-27 11:45:17 | INFO    | [Telegram] 訊息發送成功 | chat_id=-1004375180786
2026-07-27 11:46:16 | INFO    | [11:44:54] 價格: 43311.0 | 大結構趨勢 (5M): NONE
2026-07-27 11:46:16 | INFO    |        即時信號 : 無特殊信號
2026-07-27 11:46:16 | INFO    |        多頭 OB  : [43651.0 - 43744.0] | 空頭 OB  : [43545.0 - 43602.0]
2026-07-27 11:46:16 | INFO    |        多頭 FVG : 無 | 空頭 FVG : [43335.0 - 43353.0]
2026-07-27 11:46:16 | INFO    | ----------------------------------------------------------------------
2026-07-27 11:47:17 | INFO    | [11:45:54] 價格: 43333.0 | 大結構趨勢 (5M): NONE
2026-07-27 11:47:17 | INFO    |        即時信號 : ★ [流動性掠奪] Sweep Low 形成！(買方防守)
2026-07-27 11:47:17 | INFO    |        多頭 OB  : [43651.0 - 43744.0] | 空頭 OB  : [43545.0 - 43602.0]
2026-07-27 11:47:17 | INFO    |        多頭 FVG : 無 | 空頭 FVG : 無
2026-07-27 11:47:17 | INFO    | ----------------------------------------------------------------------
2026-07-27 11:47:17 | INFO    | [過濾] 偵測到信號但建議無效，已跳過發送 Telegram 通知。
2026-07-27 11:48:19 | INFO    | [11:46:55] 價格: 43300.0 | 大結構趨勢 (5M): NONE
2026-07-27 11:48:19 | INFO    |        即時信號 : 無特殊信號
2026-07-27 11:48:19 | INFO    |        多頭 OB  : [43651.0 - 43744.0] | 空頭 OB  : [43545.0 - 43602.0]
2026-07-27 11:48:19 | INFO    |        多頭 FVG : 無 | 空頭 FVG : 無
2026-07-27 11:48:19 | INFO    | ----------------------------------------------------------------------
2026-07-27 11:49:22 | INFO    | [11:47:56] 價格: 43264.0 | 大結構趨勢 (5M): NONE
2026-07-27 11:49:22 | INFO    |        即時信號 : ★★ [結構轉換] MSS Bearish 確立！趨勢轉空
2026-07-27 11:49:22 | INFO    |        多頭 OB  : [43651.0 - 43744.0] | 空頭 OB  : [43276.0 - 43339.0]
2026-07-27 11:49:22 | INFO    |        多頭 FVG : 無 | 空頭 FVG : 無
2026-07-27 11:49:22 | INFO    | ----------------------------------------------------------------------
2026-07-27 11:49:22 | INFO    | [過濾] 偵測到信號但建議無效，已跳過發送 Telegram 通知。
2026-07-27 11:50:22 | INFO    | [11:49:00] 價格: 43278.0 | 大結構趨勢 (5M): NONE
2026-07-27 11:50:22 | INFO    |        即時信號 : 無特殊信號
2026-07-27 11:50:22 | INFO    |        多頭 OB  : [43651.0 - 43744.0] | 空頭 OB  : [43276.0 - 43339.0]
2026-07-27 11:50:22 | INFO    |        多頭 FVG : 無 | 空頭 FVG : [43292.0 - 43300.0]
2026-07-27 11:50:22 | INFO    | ----------------------------------------------------------------------
2026-07-27 11:51:22 | INFO    | [11:50:00] 價格: 43290.0 | 大結構趨勢 (5M): NONE
2026-07-27 11:51:22 | INFO    |        即時信號 : ★ [流動性掠奪] Sweep Low 形成！(買方防守)
2026-07-27 11:51:22 | INFO    |        多頭 OB  : [43651.0 - 43744.0] | 空頭 OB  : [43276.0 - 43339.0]
2026-07-27 11:51:22 | INFO    |        多頭 FVG : 無 | 空頭 FVG : 無
2026-07-27 11:51:22 | INFO    | ----------------------------------------------------------------------
2026-07-27 11:51:22 | INFO    | [過濾] 偵測到信號但建議無效，已跳過發送 Telegram 通知。
2026-07-27 11:52:22 | INFO    | [11:51:00] 價格: 43279.0 | 大結構趨勢 (5M): NONE
2026-07-27 11:52:22 | INFO    |        即時信號 : 無特殊信號
2026-07-27 11:52:22 | INFO    |        多頭 OB  : [43651.0 - 43744.0] | 空頭 OB  : [43276.0 - 43339.0]
2026-07-27 11:52:22 | INFO    |        多頭 FVG : 無 | 空頭 FVG : 無
2026-07-27 11:52:22 | INFO    | ----------------------------------------------------------------------
2026-07-27 11:53:23 | INFO    | [11:52:00] 價格: 43269.0 | 大結構趨勢 (5M): NONE
2026-07-27 11:53:23 | INFO    |        即時信號 : 無特殊信號
2026-07-27 11:53:23 | INFO    |        多頭 OB  : [43651.0 - 43744.0] | 空頭 OB  : [43276.0 - 43339.0]
2026-07-27 11:53:23 | INFO    |        多頭 FVG : 無 | 空頭 FVG : 無
2026-07-27 11:53:23 | INFO    | ----------------------------------------------------------------------
2026-07-27 11:54:23 | INFO    | [11:53:00] 價格: 43270.0 | 大結構趨勢 (5M): NONE
2026-07-27 11:54:23 | INFO    |        即時信號 : 無特殊信號
2026-07-27 11:54:23 | INFO    |        多頭 OB  : [43651.0 - 43744.0] | 空頭 OB  : [43276.0 - 43339.0]
2026-07-27 11:54:23 | INFO    |        多頭 FVG : 無 | 空頭 FVG : 無
2026-07-27 11:54:23 | INFO    | ----------------------------------------------------------------------
2026-07-27 11:55:23 | INFO    | [11:54:01] 價格: 43292.0 | 大結構趨勢 (5M): NONE
2026-07-27 11:55:23 | INFO    |        即時信號 : 無特殊信號
2026-07-27 11:55:23 | INFO    |        多頭 OB  : [43651.0 - 43744.0] | 空頭 OB  : [43276.0 - 43339.0]
2026-07-27 11:55:23 | INFO    |        多頭 FVG : 無 | 空頭 FVG : 無
2026-07-27 11:55:23 | INFO    | ----------------------------------------------------------------------
2026-07-27 11:56:25 | INFO    | [11:55:01] 價格: 43238.0 | 大結構趨勢 (5M): NONE
2026-07-27 11:56:25 | INFO    |        即時信號 : 無特殊信號
2026-07-27 11:56:25 | INFO    |        多頭 OB  : [43651.0 - 43744.0] | 空頭 OB  : [43276.0 - 43339.0]
2026-07-27 11:56:25 | INFO    |        多頭 FVG : 無 | 空頭 FVG : 無
2026-07-27 11:56:25 | INFO    | ----------------------------------------------------------------------
2026-07-27 11:57:25 | INFO    | [11:56:03] 價格: 43303.0 | 大結構趨勢 (5M): NONE
2026-07-27 11:57:25 | INFO    |        即時信號 : ★ [流動性掠奪] Sweep Low 形成！(買方防守)
2026-07-27 11:57:25 | INFO    |        多頭 OB  : [43651.0 - 43744.0] | 空頭 OB  : [43276.0 - 43339.0]
2026-07-27 11:57:25 | INFO    |        多頭 FVG : 無 | 空頭 FVG : 無
2026-07-27 11:57:25 | INFO    | ----------------------------------------------------------------------
2026-07-27 11:57:25 | INFO    | [過濾] 偵測到信號但建議無效，已跳過發送 Telegram 通知。
2026-07-27 11:58:26 | INFO    | [11:57:03] 價格: 43378.0 | 大結構趨勢 (5M): NONE
2026-07-27 11:58:26 | INFO    |        即時信號 : ★★ [結構轉換] MSS Bullish 確立！趨勢轉多
2026-07-27 11:58:26 | INFO    |        多頭 OB  : [43223.0 - 43337.0] | 空頭 OB  : [43276.0 - 43339.0]
2026-07-27 11:58:26 | INFO    |        多頭 FVG : 無 | 空頭 FVG : 無
2026-07-27 11:58:26 | INFO    | ----------------------------------------------------------------------
2026-07-27 11:58:26 | SIGNAL  | 訊號觸發，發送 Telegram 通知: ★★ [結構轉換] MSS Bullish 確立 (多頭訊號)！
2026-07-27 11:58:27 | INFO    | [Telegram] 訊息發送成功 | chat_id=-1004375180786
2026-07-27 11:59:29 | INFO    | [11:58:04] 價格: 43317.0 | 大結構趨勢 (5M): NONE
2026-07-27 11:59:29 | INFO    |        即時信號 : 無特殊信號
2026-07-27 11:59:29 | INFO    |        多頭 OB  : [43223.0 - 43337.0] | 空頭 OB  : [43276.0 - 43339.0]
2026-07-27 11:59:29 | INFO    |        多頭 FVG : 無 | 空頭 FVG : 無
2026-07-27 11:59:29 | INFO    | ----------------------------------------------------------------------
2026-07-27 12:00:29 | INFO    | [11:59:06] 價格: 43339.0 | 大結構趨勢 (5M): NONE
2026-07-27 12:00:29 | INFO    |        即時信號 : 無特殊信號
2026-07-27 12:00:29 | INFO    |        多頭 OB  : [43223.0 - 43337.0] | 空頭 OB  : [43276.0 - 43339.0]
2026-07-27 12:00:29 | INFO    |        多頭 FVG : 無 | 空頭 FVG : 無
2026-07-27 12:00:29 | INFO    | ----------------------------------------------------------------------
2026-07-27 12:01:29 | INFO    | [12:00:07] 價格: 43355.0 | 大結構趨勢 (5M): NONE
2026-07-27 12:01:29 | INFO    |        即時信號 : 無特殊信號
2026-07-27 12:01:29 | INFO    |        多頭 OB  : [43223.0 - 43337.0] | 空頭 OB  : [43276.0 - 43339.0]
2026-07-27 12:01:29 | INFO    |        多頭 FVG : 無 | 空頭 FVG : 無
2026-07-27 12:01:29 | INFO    | ----------------------------------------------------------------------
2026-07-27 12:02:31 | INFO    | [12:01:07] 價格: 43330.0 | 大結構趨勢 (5M): NONE
2026-07-27 12:02:31 | INFO    |        即時信號 : 無特殊信號
2026-07-27 12:02:31 | INFO    |        多頭 OB  : [43223.0 - 43337.0] | 空頭 OB  : [43276.0 - 43339.0]
2026-07-27 12:02:31 | INFO    |        多頭 FVG : 無 | 空頭 FVG : 無
2026-07-27 12:02:31 | INFO    | ----------------------------------------------------------------------
2026-07-27 12:03:31 | INFO    | [12:02:09] 價格: 43360.0 | 大結構趨勢 (5M): NONE
2026-07-27 12:03:31 | INFO    |        即時信號 : ★ [流動性掠奪] Sweep High 形成！(賣方防守)
2026-07-27 12:03:31 | INFO    |        多頭 OB  : [43223.0 - 43337.0] | 空頭 OB  : [43276.0 - 43339.0]
2026-07-27 12:03:31 | INFO    |        多頭 FVG : 無 | 空頭 FVG : 無
2026-07-27 12:03:31 | INFO    | ----------------------------------------------------------------------
2026-07-27 12:03:31 | INFO    | [過濾] 偵測到信號但建議無效，已跳過發送 Telegram 通知。
2026-07-27 12:04:33 | INFO    | [12:03:09] 價格: 43341.0 | 大結構趨勢 (5M): NONE
2026-07-27 12:04:33 | INFO    |        即時信號 : 無特殊信號
2026-07-27 12:04:33 | INFO    |        多頭 OB  : [43223.0 - 43337.0] | 空頭 OB  : [43276.0 - 43339.0]
2026-07-27 12:04:33 | INFO    |        多頭 FVG : 無 | 空頭 FVG : 無
2026-07-27 12:04:33 | INFO    | ----------------------------------------------------------------------
2026-07-27 12:05:38 | INFO    | [12:04:10] 價格: 43365.0 | 大結構趨勢 (5M): NONE
2026-07-27 12:05:38 | INFO    |        即時信號 : 無特殊信號
2026-07-27 12:05:38 | INFO    |        多頭 OB  : [43223.0 - 43337.0] | 空頭 OB  : [43276.0 - 43339.0]
2026-07-27 12:05:38 | INFO    |        多頭 FVG : 無 | 空頭 FVG : 無
2026-07-27 12:05:38 | INFO    | ----------------------------------------------------------------------
2026-07-27 12:06:38 | INFO    | [12:05:16] 價格: 43369.0 | 大結構趨勢 (5M): NONE
2026-07-27 12:06:38 | INFO    |        即時信號 : 無特殊信號
2026-07-27 12:06:38 | INFO    |        多頭 OB  : [43223.0 - 43337.0] | 空頭 OB  : [43276.0 - 43339.0]
2026-07-27 12:06:38 | INFO    |        多頭 FVG : 無 | 空頭 FVG : 無
2026-07-27 12:06:38 | INFO    | ----------------------------------------------------------------------
2026-07-27 12:07:39 | INFO    | [12:06:16] 價格: 43397.0 | 大結構趨勢 (5M): NONE
2026-07-27 12:07:39 | INFO    |        即時信號 : 無特殊信號
2026-07-27 12:07:39 | INFO    |        多頭 OB  : [43223.0 - 43337.0] | 空頭 OB  : [43276.0 - 43339.0]
2026-07-27 12:07:39 | INFO    |        多頭 FVG : [43369.0 - 43370.0] | 空頭 FVG : 無
2026-07-27 12:07:39 | INFO    | ----------------------------------------------------------------------
2026-07-27 12:08:40 | INFO    | [12:07:17] 價格: 43402.0 | 大結構趨勢 (5M): NONE
2026-07-27 12:08:40 | INFO    |        即時信號 : 無特殊信號
2026-07-27 12:08:40 | INFO    |        多頭 OB  : [43223.0 - 43337.0] | 空頭 OB  : [43276.0 - 43339.0]
2026-07-27 12:08:40 | INFO    |        多頭 FVG : [43376.0 - 43384.0] | 空頭 FVG : 無
2026-07-27 12:08:40 | INFO    | ----------------------------------------------------------------------
2026-07-27 12:09:41 | INFO    | [12:08:18] 價格: 43376.0 | 大結構趨勢 (5M): NONE
2026-07-27 12:09:41 | INFO    |        即時信號 : ★ [流動性掠奪] Sweep High 形成！(賣方防守)
2026-07-27 12:09:41 | INFO    |        多頭 OB  : [43223.0 - 43337.0] | 空頭 OB  : [43276.0 - 43339.0]
2026-07-27 12:09:41 | INFO    |        多頭 FVG : 無 | 空頭 FVG : 無
2026-07-27 12:09:41 | INFO    | ----------------------------------------------------------------------
2026-07-27 12:09:41 | INFO    | [過濾] 偵測到信號但建議無效，已跳過發送 Telegram 通知。
2026-07-27 12:10:46 | INFO    | [12:09:18] 價格: 43365.0 | 大結構趨勢 (5M): NONE
2026-07-27 12:10:46 | INFO    |        即時信號 : 無特殊信號
2026-07-27 12:10:46 | INFO    |        多頭 OB  : [43223.0 - 43337.0] | 空頭 OB  : [43276.0 - 43339.0]
2026-07-27 12:10:46 | INFO    |        多頭 FVG : 無 | 空頭 FVG : [43381.0 - 43384.0]
2026-07-27 12:10:46 | INFO    | ----------------------------------------------------------------------
2026-07-27 12:11:47 | INFO    | [12:10:23] 價格: 43375.0 | 大結構趨勢 (5M): NONE
2026-07-27 12:11:47 | INFO    |        即時信號 : 無特殊信號
2026-07-27 12:11:47 | INFO    |        多頭 OB  : [43223.0 - 43337.0] | 空頭 OB  : [43276.0 - 43339.0]
2026-07-27 12:11:47 | INFO    |        多頭 FVG : 無 | 空頭 FVG : 無
2026-07-27 12:11:47 | INFO    | ----------------------------------------------------------------------
2026-07-27 12:12:49 | INFO    | [12:11:25] 價格: 43376.0 | 大結構趨勢 (5M): NONE
2026-07-27 12:12:49 | INFO    |        即時信號 : 無特殊信號
2026-07-27 12:12:49 | INFO    |        多頭 OB  : [43223.0 - 43337.0] | 空頭 OB  : [43276.0 - 43339.0]
2026-07-27 12:12:49 | INFO    |        多頭 FVG : 無 | 空頭 FVG : 無
2026-07-27 12:12:49 | INFO    | ----------------------------------------------------------------------
2026-07-27 12:13:49 | INFO    | [12:12:26] 價格: 43381.0 | 大結構趨勢 (5M): NONE
2026-07-27 12:13:49 | INFO    |        即時信號 : 無特殊信號
2026-07-27 12:13:49 | INFO    |        多頭 OB  : [43223.0 - 43337.0] | 空頭 OB  : [43276.0 - 43339.0]
2026-07-27 12:13:49 | INFO    |        多頭 FVG : 無 | 空頭 FVG : 無
2026-07-27 12:13:49 | INFO    | ----------------------------------------------------------------------
2026-07-27 12:14:54 | INFO    | [12:13:27] 價格: 43382.0 | 大結構趨勢 (5M): NONE
2026-07-27 12:14:54 | INFO    |        即時信號 : 無特殊信號
2026-07-27 12:14:54 | INFO    |        多頭 OB  : [43223.0 - 43337.0] | 空頭 OB  : [43276.0 - 43339.0]
2026-07-27 12:14:54 | INFO    |        多頭 FVG : 無 | 空頭 FVG : 無
2026-07-27 12:14:54 | INFO    | ----------------------------------------------------------------------
2026-07-27 12:15:57 | INFO    | [12:14:31] 價格: 43366.0 | 大結構趨勢 (5M): NONE
2026-07-27 12:15:57 | INFO    |        即時信號 : 無特殊信號
2026-07-27 12:15:57 | INFO    |        多頭 OB  : [43223.0 - 43337.0] | 空頭 OB  : [43276.0 - 43339.0]
2026-07-27 12:15:57 | INFO    |        多頭 FVG : 無 | 空頭 FVG : 無
2026-07-27 12:15:57 | INFO    | ----------------------------------------------------------------------
2026-07-27 12:16:57 | INFO    | [12:15:35] 價格: 43361.0 | 大結構趨勢 (5M): NONE
2026-07-27 12:16:57 | INFO    |        即時信號 : ★ [流動性掠奪] Sweep Low 形成！(買方防守)
2026-07-27 12:16:57 | INFO    |        多頭 OB  : [43223.0 - 43337.0] | 空頭 OB  : [43276.0 - 43339.0]
2026-07-27 12:16:57 | INFO    |        多頭 FVG : 無 | 空頭 FVG : 無
2026-07-27 12:16:57 | INFO    | ----------------------------------------------------------------------
2026-07-27 12:16:57 | INFO    | [過濾] 偵測到信號但建議無效，已跳過發送 Telegram 通知。
2026-07-27 12:17:58 | INFO    | [12:16:35] 價格: 43400.0 | 大結構趨勢 (5M): NONE
2026-07-27 12:17:58 | INFO    |        即時信號 : 無特殊信號
2026-07-27 12:17:58 | INFO    |        多頭 OB  : [43223.0 - 43337.0] | 空頭 OB  : [43276.0 - 43339.0]
2026-07-27 12:17:58 | INFO    |        多頭 FVG : 無 | 空頭 FVG : 無
2026-07-27 12:17:58 | INFO    | ----------------------------------------------------------------------
2026-07-27 12:18:58 | INFO    | [12:17:35] 價格: 43418.0 | 大結構趨勢 (5M): NONE
2026-07-27 12:18:58 | INFO    |        即時信號 : 無特殊信號
2026-07-27 12:18:58 | INFO    |        多頭 OB  : [43223.0 - 43337.0] | 空頭 OB  : [43276.0 - 43339.0]
2026-07-27 12:18:58 | INFO    |        多頭 FVG : [43368.0 - 43372.0] | 空頭 FVG : 無
2026-07-27 12:18:58 | INFO    | ----------------------------------------------------------------------
2026-07-27 12:20:01 | INFO    | [12:18:36] 價格: 43422.0 | 大結構趨勢 (5M): NONE
2026-07-27 12:20:01 | INFO    |        即時信號 : ★ [流動性掠奪] Sweep High 形成！(賣方防守)
2026-07-27 12:20:01 | INFO    |        多頭 OB  : [43223.0 - 43337.0] | 空頭 OB  : [43276.0 - 43339.0]
2026-07-27 12:20:01 | INFO    |        多頭 FVG : 無 | 空頭 FVG : 無
2026-07-27 12:20:01 | INFO    | ----------------------------------------------------------------------
2026-07-27 12:20:01 | INFO    | [過濾] 偵測到信號但建議無效，已跳過發送 Telegram 通知。
2026-07-27 12:21:02 | INFO    | [12:19:39] 價格: 43426.0 | 大結構趨勢 (5M): NONE
2026-07-27 12:21:02 | INFO    |        即時信號 : ★ [流動性掠奪] Sweep High 形成！(賣方防守)
2026-07-27 12:21:02 | INFO    |        多頭 OB  : [43223.0 - 43337.0] | 空頭 OB  : [43276.0 - 43339.0]
2026-07-27 12:21:02 | INFO    |        多頭 FVG : 無 | 空頭 FVG : 無
2026-07-27 12:21:02 | INFO    | ----------------------------------------------------------------------
2026-07-27 12:21:02 | INFO    | [過濾] 偵測到信號但建議無效，已跳過發送 Telegram 通知。
2026-07-27 12:22:04 | INFO    | [12:20:40] 價格: 43457.0 | 大結構趨勢 (5M): NONE
2026-07-27 12:22:04 | INFO    |        即時信號 : ★★ [結構轉換] MSS Bullish 確立！趨勢轉多
2026-07-27 12:22:04 | INFO    |        多頭 OB  : [43420.0 - 43456.0] | 空頭 OB  : [43276.0 - 43339.0]
2026-07-27 12:22:04 | INFO    |        多頭 FVG : 無 | 空頭 FVG : 無
2026-07-27 12:22:04 | INFO    | ----------------------------------------------------------------------
2026-07-27 12:22:04 | INFO    | [過濾] 偵測到信號但建議無效，已跳過發送 Telegram 通知。
2026-07-27 12:23:06 | INFO    | [12:21:42] 價格: 43485.0 | 大結構趨勢 (5M): NONE
2026-07-27 12:23:06 | INFO    |        即時信號 : 無特殊信號
2026-07-27 12:23:06 | INFO    |        多頭 OB  : [43420.0 - 43456.0] | 空頭 OB  : [43276.0 - 43339.0]
2026-07-27 12:23:06 | INFO    |        多頭 FVG : [43456.0 - 43457.0] | 空頭 FVG : 無
2026-07-27 12:23:06 | INFO    | ----------------------------------------------------------------------
2026-07-27 12:24:10 | INFO    | [12:22:44] 價格: 43478.0 | 大結構趨勢 (5M): NONE
2026-07-27 12:24:10 | INFO    |        即時信號 : 無特殊信號
2026-07-27 12:24:10 | INFO    |        多頭 OB  : [43420.0 - 43456.0] | 空頭 OB  : [43276.0 - 43339.0]
2026-07-27 12:24:10 | INFO    |        多頭 FVG : 無 | 空頭 FVG : 無
2026-07-27 12:24:10 | INFO    | ----------------------------------------------------------------------
2026-07-27 12:25:14 | INFO    | [12:23:48] 價格: 43404.0 | 大結構趨勢 (5M): NONE
2026-07-27 12:25:14 | INFO    |        即時信號 : ★ [流動性掠奪] Sweep High 形成！(賣方防守)
2026-07-27 12:25:14 | INFO    |        多頭 OB  : [43420.0 - 43456.0] | 空頭 OB  : [43276.0 - 43339.0]
2026-07-27 12:25:14 | INFO    |        多頭 FVG : 無 | 空頭 FVG : 無
2026-07-27 12:25:14 | INFO    | ----------------------------------------------------------------------
2026-07-27 12:25:14 | INFO    | [過濾] 偵測到信號但建議無效，已跳過發送 Telegram 通知。
2026-07-27 12:26:16 | INFO    | [12:24:51] 價格: 43408.0 | 大結構趨勢 (5M): NONE
2026-07-27 12:26:16 | INFO    |        即時信號 : 無特殊信號
2026-07-27 12:26:16 | INFO    |        多頭 OB  : [43420.0 - 43456.0] | 空頭 OB  : [43276.0 - 43339.0]
2026-07-27 12:26:16 | INFO    |        多頭 FVG : 無 | 空頭 FVG : [43431.0 - 43467.0]
2026-07-27 12:26:16 | INFO    | ----------------------------------------------------------------------
2026-07-27 12:27:16 | INFO    | [12:25:54] 價格: 43366.0 | 大結構趨勢 (5M): NONE
2026-07-27 12:27:16 | INFO    |        即時信號 : 無特殊信號
2026-07-27 12:27:16 | INFO    |        多頭 OB  : [43420.0 - 43456.0] | 空頭 OB  : [43276.0 - 43339.0]
2026-07-27 12:27:16 | INFO    |        多頭 FVG : 無 | 空頭 FVG : 無
2026-07-27 12:27:16 | INFO    | ----------------------------------------------------------------------
2026-07-27 12:28:16 | INFO    | [12:26:54] 價格: 43346.0 | 大結構趨勢 (5M): NONE
2026-07-27 12:28:16 | INFO    |        即時信號 : 無特殊信號
2026-07-27 12:28:16 | INFO    |        多頭 OB  : [43420.0 - 43456.0] | 空頭 OB  : [43276.0 - 43339.0]
2026-07-27 12:28:16 | INFO    |        多頭 FVG : 無 | 空頭 FVG : [43370.0 - 43378.0]
2026-07-27 12:28:16 | INFO    | ----------------------------------------------------------------------
2026-07-27 12:29:19 | INFO    | [12:27:54] 價格: 43385.0 | 大結構趨勢 (5M): NONE
2026-07-27 12:29:19 | INFO    |        即時信號 : 無特殊信號
2026-07-27 12:29:19 | INFO    |        多頭 OB  : [43420.0 - 43456.0] | 空頭 OB  : [43276.0 - 43339.0]
2026-07-27 12:29:19 | INFO    |        多頭 FVG : 無 | 空頭 FVG : 無
2026-07-27 12:29:19 | INFO    | ----------------------------------------------------------------------
2026-07-27 12:30:20 | INFO    | [12:28:57] 價格: 43444.0 | 大結構趨勢 (5M): NONE
2026-07-27 12:30:20 | INFO    |        即時信號 : 無特殊信號
2026-07-27 12:30:20 | INFO    |        多頭 OB  : [43420.0 - 43456.0] | 空頭 OB  : [43276.0 - 43339.0]
2026-07-27 12:30:20 | INFO    |        多頭 FVG : [43370.0 - 43384.0] | 空頭 FVG : 無
2026-07-27 12:30:20 | INFO    | ----------------------------------------------------------------------
2026-07-27 12:31:22 | INFO    | [12:29:58] 價格: 43405.0 | 大結構趨勢 (5M): NONE
2026-07-27 12:31:22 | INFO    |        即時信號 : 無特殊信號
2026-07-27 12:31:22 | INFO    |        多頭 OB  : [43420.0 - 43456.0] | 空頭 OB  : [43276.0 - 43339.0]
2026-07-27 12:31:22 | INFO    |        多頭 FVG : [43385.0 - 43392.0] | 空頭 FVG : 無
2026-07-27 12:31:22 | INFO    | ----------------------------------------------------------------------
2026-07-27 12:32:27 | INFO    | [12:30:59] 價格: 43393.0 | 大結構趨勢 (5M): NONE
2026-07-27 12:32:27 | INFO    |        即時信號 : 無特殊信號
2026-07-27 12:32:27 | INFO    |        多頭 OB  : [43420.0 - 43456.0] | 空頭 OB  : [43276.0 - 43339.0]
2026-07-27 12:32:27 | INFO    |        多頭 FVG : 無 | 空頭 FVG : 無
2026-07-27 12:32:27 | INFO    | ----------------------------------------------------------------------
2026-07-27 12:33:28 | INFO    | [12:32:05] 價格: 43381.0 | 大結構趨勢 (5M): NONE
2026-07-27 12:33:28 | INFO    |        即時信號 : 無特殊信號
2026-07-27 12:33:28 | INFO    |        多頭 OB  : [43420.0 - 43456.0] | 空頭 OB  : [43276.0 - 43339.0]
2026-07-27 12:33:28 | INFO    |        多頭 FVG : 無 | 空頭 FVG : 無
2026-07-27 12:33:28 | INFO    | ----------------------------------------------------------------------
2026-07-27 12:34:30 | INFO    | [12:33:05] 價格: 43442.0 | 大結構趨勢 (5M): NONE
2026-07-27 12:34:30 | INFO    |        即時信號 : 無特殊信號
2026-07-27 12:34:30 | INFO    |        多頭 OB  : [43420.0 - 43456.0] | 空頭 OB  : [43276.0 - 43339.0]
2026-07-27 12:34:30 | INFO    |        多頭 FVG : 無 | 空頭 FVG : 無
2026-07-27 12:34:30 | INFO    | ----------------------------------------------------------------------
2026-07-27 12:35:30 | INFO    | [12:34:08] 價格: 43475.0 | 大結構趨勢 (5M): NONE
2026-07-27 12:35:30 | INFO    |        即時信號 : 無特殊信號
2026-07-27 12:35:30 | INFO    |        多頭 OB  : [43420.0 - 43456.0] | 空頭 OB  : [43276.0 - 43339.0]
2026-07-27 12:35:31 | INFO    |        多頭 FVG : [43400.0 - 43443.0] | 空頭 FVG : 無
2026-07-27 12:35:31 | INFO    | ----------------------------------------------------------------------
2026-07-27 12:36:32 | INFO    | [12:35:08] 價格: 43464.0 | 大結構趨勢 (5M): NONE
2026-07-27 12:36:32 | INFO    |        即時信號 : ★ [流動性掠奪] Sweep High 形成！(賣方防守)
2026-07-27 12:36:32 | INFO    |        多頭 OB  : [43420.0 - 43456.0] | 空頭 OB  : [43276.0 - 43339.0]
2026-07-27 12:36:32 | INFO    |        多頭 FVG : 無 | 空頭 FVG : 無
2026-07-27 12:36:32 | INFO    | ----------------------------------------------------------------------
2026-07-27 12:36:32 | INFO    | [過濾] 偵測到信號但建議無效，已跳過發送 Telegram 通知。
2026-07-27 12:37:33 | INFO    | [12:36:10] 價格: 43458.0 | 大結構趨勢 (5M): NONE
2026-07-27 12:37:33 | INFO    |        即時信號 : ★ [流動性掠奪] Sweep High 形成！(賣方防守)
2026-07-27 12:37:33 | INFO    |        多頭 OB  : [43420.0 - 43456.0] | 空頭 OB  : [43276.0 - 43339.0]
2026-07-27 12:37:33 | INFO    |        多頭 FVG : 無 | 空頭 FVG : 無
2026-07-27 12:37:33 | INFO    | ----------------------------------------------------------------------
2026-07-27 12:37:33 | INFO    | [過濾] 偵測到信號但建議無效，已跳過發送 Telegram 通知。
2026-07-27 12:38:35 | INFO    | [12:37:11] 價格: 43473.0 | 大結構趨勢 (5M): NONE
2026-07-27 12:38:35 | INFO    |        即時信號 : 無特殊信號
2026-07-27 12:38:35 | INFO    |        多頭 OB  : [43420.0 - 43456.0] | 空頭 OB  : [43276.0 - 43339.0]
2026-07-27 12:38:35 | INFO    |        多頭 FVG : 無 | 空頭 FVG : 無
2026-07-27 12:38:35 | INFO    | ----------------------------------------------------------------------
2026-07-27 12:39:36 | INFO    | [12:38:13] 價格: 43453.0 | 大結構趨勢 (5M): NONE
2026-07-27 12:39:36 | INFO    |        即時信號 : 無特殊信號
2026-07-27 12:39:36 | INFO    |        多頭 OB  : [43420.0 - 43456.0] | 空頭 OB  : [43276.0 - 43339.0]
2026-07-27 12:39:36 | INFO    |        多頭 FVG : 無 | 空頭 FVG : 無
2026-07-27 12:39:36 | INFO    | ----------------------------------------------------------------------
2026-07-27 12:40:40 | INFO    | [12:39:14] 價格: 43473.0 | 大結構趨勢 (5M): NONE
2026-07-27 12:40:40 | INFO    |        即時信號 : 無特殊信號
2026-07-27 12:40:40 | INFO    |        多頭 OB  : [43420.0 - 43456.0] | 空頭 OB  : [43276.0 - 43339.0]
2026-07-27 12:40:40 | INFO    |        多頭 FVG : 無 | 空頭 FVG : 無
2026-07-27 12:40:40 | INFO    | ----------------------------------------------------------------------
2026-07-27 12:41:41 | INFO    | [12:40:18] 價格: 43503.0 | 大結構趨勢 (5M): NONE
2026-07-27 12:41:41 | INFO    |        即時信號 : 無特殊信號
2026-07-27 12:41:41 | INFO    |        多頭 OB  : [43420.0 - 43456.0] | 空頭 OB  : [43276.0 - 43339.0]
2026-07-27 12:41:41 | INFO    |        多頭 FVG : 無 | 空頭 FVG : 無
2026-07-27 12:41:41 | INFO    | ----------------------------------------------------------------------
2026-07-27 12:42:42 | INFO    | [12:41:19] 價格: 43530.0 | 大結構趨勢 (5M): NONE
2026-07-27 12:42:42 | INFO    |        即時信號 : 無特殊信號
2026-07-27 12:42:42 | INFO    |        多頭 OB  : [43420.0 - 43456.0] | 空頭 OB  : [43276.0 - 43339.0]
2026-07-27 12:42:42 | INFO    |        多頭 FVG : 無 | 空頭 FVG : 無
2026-07-27 12:42:42 | INFO    | ----------------------------------------------------------------------
2026-07-27 12:43:42 | INFO    | [12:42:19] 價格: 43525.0 | 大結構趨勢 (5M): NONE
2026-07-27 12:43:42 | INFO    |        即時信號 : 無特殊信號
2026-07-27 12:43:42 | INFO    |        多頭 OB  : [43420.0 - 43456.0] | 空頭 OB  : [43276.0 - 43339.0]
2026-07-27 12:43:42 | INFO    |        多頭 FVG : [43503.0 - 43513.0] | 空頭 FVG : 無
2026-07-27 12:43:42 | INFO    | ----------------------------------------------------------------------
2026-07-27 12:44:43 | INFO    | [12:43:20] 價格: 43503.0 | 大結構趨勢 (5M): NONE
2026-07-27 12:44:43 | INFO    |        即時信號 : 無特殊信號
2026-07-27 12:44:43 | INFO    |        多頭 OB  : [43420.0 - 43456.0] | 空頭 OB  : [43276.0 - 43339.0]
2026-07-27 12:44:43 | INFO    |        多頭 FVG : 無 | 空頭 FVG : 無
2026-07-27 12:44:43 | INFO    | ----------------------------------------------------------------------
2026-07-27 12:45:47 | INFO    | [12:44:21] 價格: 43544.0 | 大結構趨勢 (5M): NONE
2026-07-27 12:45:47 | INFO    |        即時信號 : 無特殊信號
2026-07-27 12:45:47 | INFO    |        多頭 OB  : [43420.0 - 43456.0] | 空頭 OB  : [43276.0 - 43339.0]
2026-07-27 12:45:47 | INFO    |        多頭 FVG : 無 | 空頭 FVG : 無
2026-07-27 12:45:47 | INFO    | ----------------------------------------------------------------------
2026-07-27 12:46:52 | INFO    | [12:45:24] 價格: 43551.0 | 大結構趨勢 (5M): NONE
2026-07-27 12:46:52 | INFO    |        即時信號 : 無特殊信號
2026-07-27 12:46:52 | INFO    |        多頭 OB  : [43420.0 - 43456.0] | 空頭 OB  : [43276.0 - 43339.0]
2026-07-27 12:46:52 | INFO    |        多頭 FVG : [43528.0 - 43530.0] | 空頭 FVG : 無
2026-07-27 12:46:52 | INFO    | ----------------------------------------------------------------------
2026-07-27 12:47:53 | INFO    | [12:46:29] 價格: 43517.0 | 大結構趨勢 (5M): NONE
2026-07-27 12:47:53 | INFO    |        即時信號 : 無特殊信號
2026-07-27 12:47:53 | INFO    |        多頭 OB  : [43420.0 - 43456.0] | 空頭 OB  : [43276.0 - 43339.0]
2026-07-27 12:47:53 | INFO    |        多頭 FVG : 無 | 空頭 FVG : 無
2026-07-27 12:47:53 | INFO    | ----------------------------------------------------------------------
2026-07-27 12:48:56 | INFO    | [12:47:31] 價格: 43519.0 | 大結構趨勢 (5M): NONE
2026-07-27 12:48:56 | INFO    |        即時信號 : 無特殊信號
2026-07-27 12:48:56 | INFO    |        多頭 OB  : [43420.0 - 43456.0] | 空頭 OB  : [43276.0 - 43339.0]
2026-07-27 12:48:56 | INFO    |        多頭 FVG : 無 | 空頭 FVG : 無
2026-07-27 12:48:56 | INFO    | ----------------------------------------------------------------------
2026-07-27 12:49:58 | INFO    | [12:48:34] 價格: 43524.0 | 大結構趨勢 (5M): NONE
2026-07-27 12:49:58 | INFO    |        即時信號 : 無特殊信號
2026-07-27 12:49:58 | INFO    |        多頭 OB  : [43420.0 - 43456.0] | 空頭 OB  : [43276.0 - 43339.0]
2026-07-27 12:49:58 | INFO    |        多頭 FVG : 無 | 空頭 FVG : 無
2026-07-27 12:49:58 | INFO    | ----------------------------------------------------------------------
2026-07-27 12:50:59 | INFO    | [12:49:36] 價格: 43504.0 | 大結構趨勢 (5M): NONE
2026-07-27 12:50:59 | INFO    |        即時信號 : 無特殊信號
2026-07-27 12:50:59 | INFO    |        多頭 OB  : [43420.0 - 43456.0] | 空頭 OB  : [43276.0 - 43339.0]
2026-07-27 12:50:59 | INFO    |        多頭 FVG : 無 | 空頭 FVG : 無
2026-07-27 12:50:59 | INFO    | ----------------------------------------------------------------------
2026-07-27 12:52:02 | INFO    | [12:50:37] 價格: 43545.0 | 大結構趨勢 (5M): NONE
2026-07-27 12:52:02 | INFO    |        即時信號 : 無特殊信號
2026-07-27 12:52:02 | INFO    |        多頭 OB  : [43420.0 - 43456.0] | 空頭 OB  : [43276.0 - 43339.0]
2026-07-27 12:52:02 | INFO    |        多頭 FVG : 無 | 空頭 FVG : 無
2026-07-27 12:52:02 | INFO    | ----------------------------------------------------------------------
2026-07-27 12:53:02 | INFO    | [12:51:39] 價格: 43599.0 | 大結構趨勢 (5M): NONE
2026-07-27 12:53:02 | INFO    |        即時信號 : 無特殊信號
2026-07-27 12:53:02 | INFO    |        多頭 OB  : [43420.0 - 43456.0] | 空頭 OB  : [43276.0 - 43339.0]
2026-07-27 12:53:02 | INFO    |        多頭 FVG : [43524.0 - 43546.0] | 空頭 FVG : 無
2026-07-27 12:53:02 | INFO    | ----------------------------------------------------------------------
2026-07-27 12:54:02 | INFO    | [12:52:39] 價格: 43598.0 | 大結構趨勢 (5M): NONE
2026-07-27 12:54:02 | INFO    |        即時信號 : 無特殊信號
2026-07-27 12:54:02 | INFO    |        多頭 OB  : [43420.0 - 43456.0] | 空頭 OB  : [43276.0 - 43339.0]
2026-07-27 12:54:02 | INFO    |        多頭 FVG : [43546.0 - 43584.0] | 空頭 FVG : 無
2026-07-27 12:54:02 | INFO    | ----------------------------------------------------------------------
2026-07-27 12:55:03 | INFO    | [12:53:40] 價格: 43616.0 | 大結構趨勢 (5M): NONE
2026-07-27 12:55:03 | INFO    |        即時信號 : 無特殊信號
2026-07-27 12:55:03 | INFO    |        多頭 OB  : [43420.0 - 43456.0] | 空頭 OB  : [43276.0 - 43339.0]
2026-07-27 12:55:03 | INFO    |        多頭 FVG : 無 | 空頭 FVG : 無
2026-07-27 12:55:03 | INFO    | ----------------------------------------------------------------------
2026-07-27 12:56:05 | INFO    | [12:54:41] 價格: 43581.0 | 大結構趨勢 (5M): NONE
2026-07-27 12:56:05 | INFO    |        即時信號 : 無特殊信號
2026-07-27 12:56:05 | INFO    |        多頭 OB  : [43420.0 - 43456.0] | 空頭 OB  : [43276.0 - 43339.0]
2026-07-27 12:56:05 | INFO    |        多頭 FVG : 無 | 空頭 FVG : 無
2026-07-27 12:56:05 | INFO    | ----------------------------------------------------------------------
2026-07-27 12:57:05 | INFO    | [12:55:43] 價格: 43645.0 | 大結構趨勢 (5M): NONE
2026-07-27 12:57:05 | INFO    |        即時信號 : 無特殊信號
2026-07-27 12:57:05 | INFO    |        多頭 OB  : [43420.0 - 43456.0] | 空頭 OB  : [43276.0 - 43339.0]
2026-07-27 12:57:05 | INFO    |        多頭 FVG : 無 | 空頭 FVG : 無
2026-07-27 12:57:05 | INFO    | ----------------------------------------------------------------------
2026-07-27 12:58:06 | INFO    | [12:56:43] 價格: 43629.0 | 大結構趨勢 (5M): NONE
2026-07-27 12:58:06 | INFO    |        即時信號 : 無特殊信號
2026-07-27 12:58:06 | INFO    |        多頭 OB  : [43420.0 - 43456.0] | 空頭 OB  : [43276.0 - 43339.0]
2026-07-27 12:58:06 | INFO    |        多頭 FVG : 無 | 空頭 FVG : 無
2026-07-27 12:58:06 | INFO    | ----------------------------------------------------------------------
2026-07-27 12:59:11 | INFO    | [12:57:43] 價格: 43622.0 | 大結構趨勢 (5M): NONE
2026-07-27 12:59:11 | INFO    |        即時信號 : 無特殊信號
2026-07-27 12:59:11 | INFO    |        多頭 OB  : [43420.0 - 43456.0] | 空頭 OB  : [43276.0 - 43339.0]
2026-07-27 12:59:11 | INFO    |        多頭 FVG : 無 | 空頭 FVG : 無
2026-07-27 12:59:11 | INFO    | ----------------------------------------------------------------------
2026-07-27 13:00:11 | INFO    | [12:58:48] 價格: 43581.0 | 大結構趨勢 (5M): NONE
2026-07-27 13:00:11 | INFO    |        即時信號 : 無特殊信號
2026-07-27 13:00:11 | INFO    |        多頭 OB  : [43420.0 - 43456.0] | 空頭 OB  : [43276.0 - 43339.0]
2026-07-27 13:00:11 | INFO    |        多頭 FVG : 無 | 空頭 FVG : [43615.0 - 43622.0]
2026-07-27 13:00:11 | INFO    | ----------------------------------------------------------------------
2026-07-27 13:01:12 | INFO    | [12:59:49] 價格: 43616.0 | 大結構趨勢 (5M): NONE
2026-07-27 13:01:12 | INFO    |        即時信號 : ★ [流動性掠奪] Sweep Low 形成！(買方防守)
2026-07-27 13:01:12 | INFO    |        多頭 OB  : [43420.0 - 43456.0] | 空頭 OB  : [43276.0 - 43339.0]
2026-07-27 13:01:12 | INFO    |        多頭 FVG : 無 | 空頭 FVG : 無
2026-07-27 13:01:12 | INFO    | ----------------------------------------------------------------------
2026-07-27 13:01:12 | SIGNAL  | 訊號觸發，發送 Telegram 通知: ★ [流動性掠奪] Sweep Low 形成 (多頭訊號)！
2026-07-27 13:01:13 | INFO    | [Telegram] 訊息發送成功 | chat_id=-1004375180786
2026-07-27 13:02:13 | INFO    | [13:00:50] 價格: 43687.0 | 大結構趨勢 (5M): NONE
2026-07-27 13:02:13 | INFO    |        即時信號 : ★★ [結構轉換] MSS Bullish 確立！趨勢轉多
2026-07-27 13:02:13 | INFO    |        多頭 OB  : [43556.0 - 43626.0] | 空頭 OB  : [43276.0 - 43339.0]
2026-07-27 13:02:13 | INFO    |        多頭 FVG : [43615.0 - 43619.0] | 空頭 FVG : 無
2026-07-27 13:02:13 | INFO    | ----------------------------------------------------------------------
2026-07-27 13:02:13 | SIGNAL  | 訊號觸發，發送 Telegram 通知: ★★ [結構轉換] MSS Bullish 確立 (多頭訊號)！
2026-07-27 13:02:13 | INFO    | [Telegram] 訊息發送成功 | chat_id=-1004375180786
2026-07-27 13:03:13 | INFO    | [13:01:50] 價格: 43692.0 | 大結構趨勢 (5M): NONE
2026-07-27 13:03:13 | INFO    |        即時信號 : 無特殊信號
2026-07-27 13:03:13 | INFO    |        多頭 OB  : [43556.0 - 43626.0] | 空頭 OB  : [43276.0 - 43339.0]
2026-07-27 13:03:13 | INFO    |        多頭 FVG : [43626.0 - 43668.0] | 空頭 FVG : 無
2026-07-27 13:03:13 | INFO    | ----------------------------------------------------------------------
2026-07-27 13:04:14 | INFO    | [13:02:51] 價格: 43675.0 | 大結構趨勢 (5M): NONE
2026-07-27 13:04:14 | INFO    |        即時信號 : 無特殊信號
2026-07-27 13:04:14 | INFO    |        多頭 OB  : [43556.0 - 43626.0] | 空頭 OB  : [43276.0 - 43339.0]
2026-07-27 13:04:14 | INFO    |        多頭 FVG : 無 | 空頭 FVG : 無
2026-07-27 13:04:14 | INFO    | ----------------------------------------------------------------------
2026-07-27 13:05:15 | INFO    | [13:03:52] 價格: 43641.0 | 大結構趨勢 (5M): NONE
2026-07-27 13:05:15 | INFO    |        即時信號 : ★ [流動性掠奪] Sweep High 形成！(賣方防守)
2026-07-27 13:05:15 | INFO    |        多頭 OB  : [43556.0 - 43626.0] | 空頭 OB  : [43276.0 - 43339.0]
2026-07-27 13:05:15 | INFO    |        多頭 FVG : 無 | 空頭 FVG : 無
2026-07-27 13:05:15 | INFO    | ----------------------------------------------------------------------
2026-07-27 13:05:15 | INFO    | [過濾] 偵測到信號但建議無效，已跳過發送 Telegram 通知。
2026-07-27 13:06:15 | INFO    | [13:04:52] 價格: 43656.0 | 大結構趨勢 (5M): NONE
2026-07-27 13:06:15 | INFO    |        即時信號 : 無特殊信號
2026-07-27 13:06:15 | INFO    |        多頭 OB  : [43556.0 - 43626.0] | 空頭 OB  : [43276.0 - 43339.0]
2026-07-27 13:06:15 | INFO    |        多頭 FVG : 無 | 空頭 FVG : 無
2026-07-27 13:06:15 | INFO    | ----------------------------------------------------------------------
2026-07-27 13:07:16 | INFO    | [13:05:53] 價格: 43673.0 | 大結構趨勢 (5M): NONE
2026-07-27 13:07:16 | INFO    |        即時信號 : 無特殊信號
2026-07-27 13:07:16 | INFO    |        多頭 OB  : [43556.0 - 43626.0] | 空頭 OB  : [43276.0 - 43339.0]
2026-07-27 13:07:16 | INFO    |        多頭 FVG : 無 | 空頭 FVG : 無
2026-07-27 13:07:16 | INFO    | ----------------------------------------------------------------------
2026-07-27 13:08:17 | INFO    | [13:06:53] 價格: 43713.0 | 大結構趨勢 (5M): NONE
2026-07-27 13:08:17 | INFO    |        即時信號 : 無特殊信號
2026-07-27 13:08:17 | INFO    |        多頭 OB  : [43556.0 - 43626.0] | 空頭 OB  : [43276.0 - 43339.0]
2026-07-27 13:08:17 | INFO    |        多頭 FVG : [43668.0 - 43671.0] | 空頭 FVG : 無
2026-07-27 13:08:17 | INFO    | ----------------------------------------------------------------------
2026-07-27 13:09:17 | INFO    | [13:07:54] 價格: 43703.0 | 大結構趨勢 (5M): NONE
2026-07-27 13:09:17 | INFO    |        即時信號 : 無特殊信號
2026-07-27 13:09:17 | INFO    |        多頭 OB  : [43556.0 - 43626.0] | 空頭 OB  : [43276.0 - 43339.0]
2026-07-27 13:09:17 | INFO    |        多頭 FVG : [43681.0 - 43693.0] | 空頭 FVG : 無
2026-07-27 13:09:17 | INFO    | ----------------------------------------------------------------------
2026-07-27 13:10:18 | INFO    | [13:08:55] 價格: 43726.0 | 大結構趨勢 (5M): NONE
2026-07-27 13:10:18 | INFO    |        即時信號 : 無特殊信號
2026-07-27 13:10:18 | INFO    |        多頭 OB  : [43556.0 - 43626.0] | 空頭 OB  : [43276.0 - 43339.0]
2026-07-27 13:10:18 | INFO    |        多頭 FVG : 無 | 空頭 FVG : 無
2026-07-27 13:10:18 | INFO    | ----------------------------------------------------------------------
2026-07-27 13:11:18 | INFO    | [13:09:55] 價格: 43749.0 | 大結構趨勢 (5M): NONE
2026-07-27 13:11:18 | INFO    |        即時信號 : 無特殊信號
2026-07-27 13:11:18 | INFO    |        多頭 OB  : [43556.0 - 43626.0] | 空頭 OB  : [43276.0 - 43339.0]
2026-07-27 13:11:18 | INFO    |        多頭 FVG : 無 | 空頭 FVG : 無
2026-07-27 13:11:18 | INFO    | ----------------------------------------------------------------------
2026-07-27 13:12:19 | INFO    | [13:10:56] 價格: 43731.0 | 大結構趨勢 (5M): NONE
2026-07-27 13:12:19 | INFO    |        即時信號 : 無特殊信號
2026-07-27 13:12:19 | INFO    |        多頭 OB  : [43556.0 - 43626.0] | 空頭 OB  : [43276.0 - 43339.0]
2026-07-27 13:12:19 | INFO    |        多頭 FVG : [43730.0 - 43731.0] | 空頭 FVG : 無
2026-07-27 13:12:19 | INFO    | ----------------------------------------------------------------------
2026-07-27 13:13:19 | INFO    | [13:11:56] 價格: 43738.0 | 大結構趨勢 (5M): NONE
2026-07-27 13:13:19 | INFO    |        即時信號 : 無特殊信號
2026-07-27 13:13:19 | INFO    |        多頭 OB  : [43556.0 - 43626.0] | 空頭 OB  : [43276.0 - 43339.0]
2026-07-27 13:13:19 | INFO    |        多頭 FVG : 無 | 空頭 FVG : 無
2026-07-27 13:13:19 | INFO    | ----------------------------------------------------------------------
2026-07-27 13:14:19 | INFO    | [13:12:57] 價格: 43752.0 | 大結構趨勢 (5M): NONE
2026-07-27 13:14:19 | INFO    |        即時信號 : 無特殊信號
2026-07-27 13:14:19 | INFO    |        多頭 OB  : [43556.0 - 43626.0] | 空頭 OB  : [43276.0 - 43339.0]
2026-07-27 13:14:19 | INFO    |        多頭 FVG : 無 | 空頭 FVG : 無
2026-07-27 13:14:19 | INFO    | ----------------------------------------------------------------------
2026-07-27 13:15:21 | INFO    | [13:13:57] 價格: 43773.0 | 大結構趨勢 (5M): NONE
2026-07-27 13:15:21 | INFO    |        即時信號 : 無特殊信號
2026-07-27 13:15:21 | INFO    |        多頭 OB  : [43556.0 - 43626.0] | 空頭 OB  : [43276.0 - 43339.0]
2026-07-27 13:15:21 | INFO    |        多頭 FVG : [43738.0 - 43745.0] | 空頭 FVG : 無
2026-07-27 13:15:21 | INFO    | ----------------------------------------------------------------------
2026-07-27 13:16:21 | INFO    | [13:14:58] 價格: 43779.0 | 大結構趨勢 (5M): NONE
2026-07-27 13:16:21 | INFO    |        即時信號 : 無特殊信號
2026-07-27 13:16:21 | INFO    |        多頭 OB  : [43556.0 - 43626.0] | 空頭 OB  : [43276.0 - 43339.0]
2026-07-27 13:16:21 | INFO    |        多頭 FVG : 無 | 空頭 FVG : 無
2026-07-27 13:16:21 | INFO    | ----------------------------------------------------------------------
2026-07-27 13:17:21 | INFO    | [13:15:58] 價格: 43794.0 | 大結構趨勢 (5M): NONE
2026-07-27 13:17:21 | INFO    |        即時信號 : 無特殊信號
2026-07-27 13:17:21 | INFO    |        多頭 OB  : [43556.0 - 43626.0] | 空頭 OB  : [43276.0 - 43339.0]
2026-07-27 13:17:21 | INFO    |        多頭 FVG : 無 | 空頭 FVG : 無
2026-07-27 13:17:21 | INFO    | ----------------------------------------------------------------------
2026-07-27 13:18:21 | INFO    | [13:16:58] 價格: 43810.0 | 大結構趨勢 (5M): NONE
2026-07-27 13:18:21 | INFO    |        即時信號 : 無特殊信號
2026-07-27 13:18:21 | INFO    |        多頭 OB  : [43556.0 - 43626.0] | 空頭 OB  : [43276.0 - 43339.0]
2026-07-27 13:18:21 | INFO    |        多頭 FVG : 無 | 空頭 FVG : 無
2026-07-27 13:18:21 | INFO    | ----------------------------------------------------------------------
2026-07-27 13:19:21 | INFO    | [13:17:58] 價格: 43829.0 | 大結構趨勢 (5M): NONE
2026-07-27 13:19:21 | INFO    |        即時信號 : 無特殊信號
2026-07-27 13:19:21 | INFO    |        多頭 OB  : [43556.0 - 43626.0] | 空頭 OB  : [43276.0 - 43339.0]
2026-07-27 13:19:21 | INFO    |        多頭 FVG : 無 | 空頭 FVG : 無
2026-07-27 13:19:21 | INFO    | ----------------------------------------------------------------------
2026-07-27 13:20:22 | INFO    | [13:18:59] 價格: 43805.0 | 大結構趨勢 (5M): NONE
2026-07-27 13:20:22 | INFO    |        即時信號 : 無特殊信號
2026-07-27 13:20:22 | INFO    |        多頭 OB  : [43556.0 - 43626.0] | 空頭 OB  : [43276.0 - 43339.0]
2026-07-27 13:20:22 | INFO    |        多頭 FVG : 無 | 空頭 FVG : 無
2026-07-27 13:20:22 | INFO    | ----------------------------------------------------------------------
2026-07-27 13:21:22 | INFO    | [13:20:00] 價格: 43861.0 | 大結構趨勢 (5M): NONE
2026-07-27 13:21:22 | INFO    |        即時信號 : 無特殊信號
2026-07-27 13:21:22 | INFO    |        多頭 OB  : [43556.0 - 43626.0] | 空頭 OB  : [43276.0 - 43339.0]
2026-07-27 13:21:22 | INFO    |        多頭 FVG : 無 | 空頭 FVG : 無
2026-07-27 13:21:22 | INFO    | ----------------------------------------------------------------------
2026-07-27 13:22:23 | INFO    | [13:21:00] 價格: 43877.0 | 大結構趨勢 (5M): NONE
2026-07-27 13:22:23 | INFO    |        即時信號 : 無特殊信號
2026-07-27 13:22:23 | INFO    |        多頭 OB  : [43556.0 - 43626.0] | 空頭 OB  : [43276.0 - 43339.0]
2026-07-27 13:22:23 | INFO    |        多頭 FVG : [43836.0 - 43862.0] | 空頭 FVG : 無
2026-07-27 13:22:23 | INFO    | ----------------------------------------------------------------------
2026-07-27 13:23:23 | INFO    | [13:22:00] 價格: 43862.0 | 大結構趨勢 (5M): NONE
2026-07-27 13:23:23 | INFO    |        即時信號 : 無特殊信號
2026-07-27 13:23:23 | INFO    |        多頭 OB  : [43556.0 - 43626.0] | 空頭 OB  : [43276.0 - 43339.0]
2026-07-27 13:23:23 | INFO    |        多頭 FVG : 無 | 空頭 FVG : 無
2026-07-27 13:23:23 | INFO    | ----------------------------------------------------------------------
2026-07-27 13:24:24 | INFO    | [13:23:01] 價格: 43856.0 | 大結構趨勢 (5M): NONE
2026-07-27 13:24:24 | INFO    |        即時信號 : 無特殊信號
2026-07-27 13:24:24 | INFO    |        多頭 OB  : [43556.0 - 43626.0] | 空頭 OB  : [43276.0 - 43339.0]
2026-07-27 13:24:24 | INFO    |        多頭 FVG : 無 | 空頭 FVG : 無
2026-07-27 13:24:24 | INFO    | ----------------------------------------------------------------------
2026-07-27 13:25:25 | INFO    | [13:24:02] 價格: 43858.0 | 大結構趨勢 (5M): NONE
2026-07-27 13:25:25 | INFO    |        即時信號 : 無特殊信號
2026-07-27 13:25:25 | INFO    |        多頭 OB  : [43556.0 - 43626.0] | 空頭 OB  : [43276.0 - 43339.0]
2026-07-27 13:25:25 | INFO    |        多頭 FVG : 無 | 空頭 FVG : 無
2026-07-27 13:25:25 | INFO    | ----------------------------------------------------------------------
2026-07-27 13:26:25 | INFO    | [13:25:02] 價格: 43855.0 | 大結構趨勢 (5M): NONE
2026-07-27 13:26:25 | INFO    |        即時信號 : 無特殊信號
2026-07-27 13:26:25 | INFO    |        多頭 OB  : [43556.0 - 43626.0] | 空頭 OB  : [43276.0 - 43339.0]
2026-07-27 13:26:25 | INFO    |        多頭 FVG : 無 | 空頭 FVG : 無
2026-07-27 13:26:25 | INFO    | ----------------------------------------------------------------------
2026-07-27 13:27:26 | INFO    | [13:26:03] 價格: 43834.0 | 大結構趨勢 (5M): NONE
2026-07-27 13:27:26 | INFO    |        即時信號 : 無特殊信號
2026-07-27 13:27:26 | INFO    |        多頭 OB  : [43556.0 - 43626.0] | 空頭 OB  : [43276.0 - 43339.0]
2026-07-27 13:27:26 | INFO    |        多頭 FVG : 無 | 空頭 FVG : 無
2026-07-27 13:27:26 | INFO    | ----------------------------------------------------------------------
2026-07-27 13:28:26 | INFO    | [13:27:04] 價格: 43831.0 | 大結構趨勢 (5M): NONE
2026-07-27 13:28:26 | INFO    |        即時信號 : 無特殊信號
2026-07-27 13:28:26 | INFO    |        多頭 OB  : [43556.0 - 43626.0] | 空頭 OB  : [43276.0 - 43339.0]
2026-07-27 13:28:26 | INFO    |        多頭 FVG : 無 | 空頭 FVG : 無
2026-07-27 13:28:26 | INFO    | ----------------------------------------------------------------------
2026-07-27 13:29:27 | INFO    | [13:28:04] 價格: 43833.0 | 大結構趨勢 (5M): NONE
2026-07-27 13:29:27 | INFO    |        即時信號 : 無特殊信號
2026-07-27 13:29:27 | INFO    |        多頭 OB  : [43556.0 - 43626.0] | 空頭 OB  : [43276.0 - 43339.0]
2026-07-27 13:29:27 | INFO    |        多頭 FVG : 無 | 空頭 FVG : 無
2026-07-27 13:29:27 | INFO    | ----------------------------------------------------------------------
2026-07-27 13:30:27 | INFO    | [13:29:04] 價格: 43849.0 | 大結構趨勢 (5M): NONE
2026-07-27 13:30:27 | INFO    |        即時信號 : 無特殊信號
2026-07-27 13:30:27 | INFO    |        多頭 OB  : [43556.0 - 43626.0] | 空頭 OB  : [43276.0 - 43339.0]
2026-07-27 13:30:27 | INFO    |        多頭 FVG : 無 | 空頭 FVG : 無
2026-07-27 13:30:27 | INFO    | ----------------------------------------------------------------------
2026-07-27 13:31:28 | INFO    | [13:30:05] 價格: 43828.0 | 大結構趨勢 (5M): NONE
2026-07-27 13:31:28 | INFO    |        即時信號 : 無特殊信號
2026-07-27 13:31:28 | INFO    |        多頭 OB  : [43556.0 - 43626.0] | 空頭 OB  : [43276.0 - 43339.0]
2026-07-27 13:31:28 | INFO    |        多頭 FVG : 無 | 空頭 FVG : 無
2026-07-27 13:31:28 | INFO    | ----------------------------------------------------------------------
2026-07-27 13:32:06 | INFO    | [13:31:05] 價格: 43824.0 | 大結構趨勢 (5M): NONE
2026-07-27 13:32:06 | INFO    |        即時信號 : 無特殊信號
2026-07-27 13:32:06 | INFO    |        多頭 OB  : [43556.0 - 43626.0] | 空頭 OB  : [43276.0 - 43339.0]
2026-07-27 13:32:06 | INFO    |        多頭 FVG : 無 | 空頭 FVG : 無
2026-07-27 13:32:06 | INFO    | ----------------------------------------------------------------------
2026-07-27 13:33:08 | INFO    | [13:32:06] 價格: 43832.0 | 大結構趨勢 (5M): NONE
2026-07-27 13:33:08 | INFO    |        即時信號 : 無特殊信號
2026-07-27 13:33:08 | INFO    |        多頭 OB  : [43556.0 - 43626.0] | 空頭 OB  : [43276.0 - 43339.0]
2026-07-27 13:33:08 | INFO    |        多頭 FVG : 無 | 空頭 FVG : 無
2026-07-27 13:33:08 | INFO    | ----------------------------------------------------------------------
2026-07-27 13:34:08 | INFO    | [13:33:08] 價格: 43820.0 | 大結構趨勢 (5M): NONE
2026-07-27 13:34:08 | INFO    |        即時信號 : 無特殊信號
2026-07-27 13:34:08 | INFO    |        多頭 OB  : [43556.0 - 43626.0] | 空頭 OB  : [43276.0 - 43339.0]
2026-07-27 13:34:08 | INFO    |        多頭 FVG : 無 | 空頭 FVG : 無
2026-07-27 13:34:08 | INFO    | ----------------------------------------------------------------------
2026-07-27 13:35:09 | INFO    | [13:34:08] 價格: 43842.0 | 大結構趨勢 (5M): NONE
2026-07-27 13:35:09 | INFO    |        即時信號 : 無特殊信號
2026-07-27 13:35:09 | INFO    |        多頭 OB  : [43556.0 - 43626.0] | 空頭 OB  : [43276.0 - 43339.0]
2026-07-27 13:35:09 | INFO    |        多頭 FVG : 無 | 空頭 FVG : 無
2026-07-27 13:35:09 | INFO    | ----------------------------------------------------------------------
2026-07-27 13:36:09 | INFO    | [13:35:08] 價格: 43847.0 | 大結構趨勢 (5M): NONE
2026-07-27 13:36:09 | INFO    |        即時信號 : 無特殊信號
2026-07-27 13:36:09 | INFO    |        多頭 OB  : [43556.0 - 43626.0] | 空頭 OB  : [43276.0 - 43339.0]
2026-07-27 13:36:09 | INFO    |        多頭 FVG : 無 | 空頭 FVG : 無
2026-07-27 13:36:09 | INFO    | ----------------------------------------------------------------------
2026-07-27 13:37:09 | INFO    | [13:36:08] 價格: 43847.0 | 大結構趨勢 (5M): NONE
2026-07-27 13:37:09 | INFO    |        即時信號 : 無特殊信號
2026-07-27 13:37:09 | INFO    |        多頭 OB  : [43556.0 - 43626.0] | 空頭 OB  : [43276.0 - 43339.0]
2026-07-27 13:37:09 | INFO    |        多頭 FVG : 無 | 空頭 FVG : 無
2026-07-27 13:37:09 | INFO    | ----------------------------------------------------------------------
2026-07-27 13:38:10 | INFO    | [13:37:09] 價格: 43861.0 | 大結構趨勢 (5M): NONE
2026-07-27 13:38:10 | INFO    |        即時信號 : 無特殊信號
2026-07-27 13:38:10 | INFO    |        多頭 OB  : [43556.0 - 43626.0] | 空頭 OB  : [43276.0 - 43339.0]
2026-07-27 13:38:10 | INFO    |        多頭 FVG : 無 | 空頭 FVG : 無
2026-07-27 13:38:10 | INFO    | ----------------------------------------------------------------------
2026-07-27 13:39:10 | INFO    | [13:38:09] 價格: 43872.0 | 大結構趨勢 (5M): NONE
2026-07-27 13:39:10 | INFO    |        即時信號 : 無特殊信號
2026-07-27 13:39:10 | INFO    |        多頭 OB  : [43556.0 - 43626.0] | 空頭 OB  : [43276.0 - 43339.0]
2026-07-27 13:39:10 | INFO    |        多頭 FVG : 無 | 空頭 FVG : 無
2026-07-27 13:39:10 | INFO    | ----------------------------------------------------------------------
2026-07-27 13:40:12 | INFO    | [13:39:10] 價格: 43900.0 | 大結構趨勢 (5M): NONE
2026-07-27 13:40:12 | INFO    |        即時信號 : 無特殊信號
2026-07-27 13:40:12 | INFO    |        多頭 OB  : [43556.0 - 43626.0] | 空頭 OB  : [43276.0 - 43339.0]
2026-07-27 13:40:12 | INFO    |        多頭 FVG : [43861.0 - 43868.0] | 空頭 FVG : 無
2026-07-27 13:40:12 | INFO    | ----------------------------------------------------------------------
2026-07-27 13:41:13 | INFO    | [13:40:12] 價格: 43914.0 | 大結構趨勢 (5M): NONE
2026-07-27 13:41:13 | INFO    |        即時信號 : 無特殊信號
2026-07-27 13:41:13 | INFO    |        多頭 OB  : [43556.0 - 43626.0] | 空頭 OB  : [43276.0 - 43339.0]
2026-07-27 13:41:13 | INFO    |        多頭 FVG : [43873.0 - 43883.0] | 空頭 FVG : 無
2026-07-27 13:41:13 | INFO    | ----------------------------------------------------------------------
2026-07-27 13:42:13 | INFO    | [13:41:12] 價格: 43900.0 | 大結構趨勢 (5M): NONE
2026-07-27 13:42:13 | INFO    |        即時信號 : 無特殊信號
2026-07-27 13:42:13 | INFO    |        多頭 OB  : [43556.0 - 43626.0] | 空頭 OB  : [43276.0 - 43339.0]
2026-07-27 13:42:13 | INFO    |        多頭 FVG : 無 | 空頭 FVG : 無
2026-07-27 13:42:13 | INFO    | ----------------------------------------------------------------------
2026-07-27 13:43:13 | INFO    | [13:42:12] 價格: 43909.0 | 大結構趨勢 (5M): NONE
2026-07-27 13:43:13 | INFO    |        即時信號 : 無特殊信號
2026-07-27 13:43:13 | INFO    |        多頭 OB  : [43556.0 - 43626.0] | 空頭 OB  : [43276.0 - 43339.0]
2026-07-27 13:43:13 | INFO    |        多頭 FVG : 無 | 空頭 FVG : 無
2026-07-27 13:43:13 | INFO    | ----------------------------------------------------------------------
2026-07-27 13:44:13 | INFO    | [13:43:13] 價格: 43871.0 | 大結構趨勢 (5M): NONE
2026-07-27 13:44:13 | INFO    |        即時信號 : ★ [流動性掠奪] Sweep High 形成！(賣方防守)
2026-07-27 13:44:13 | INFO    |        多頭 OB  : [43556.0 - 43626.0] | 空頭 OB  : [43276.0 - 43339.0]
2026-07-27 13:44:13 | INFO    |        多頭 FVG : 無 | 空頭 FVG : 無
2026-07-27 13:44:13 | INFO    | ----------------------------------------------------------------------
2026-07-27 13:44:13 | INFO    | [過濾] 偵測到信號但建議無效，已跳過發送 Telegram 通知。
2026-07-27 14:50:10 | INFO    | [13:44:13] 價格: 43907.0 | 大結構趨勢 (5M): NONE
2026-07-27 14:50:10 | INFO    |        即時信號 : 無特殊信號
2026-07-27 14:50:10 | INFO    |        多頭 OB  : [43556.0 - 43626.0] | 空頭 OB  : [43276.0 - 43339.0]
2026-07-27 14:50:10 | INFO    |        多頭 FVG : 無 | 空頭 FVG : 無
2026-07-27 14:50:10 | INFO    | ----------------------------------------------------------------------
2026-07-27 14:51:10 | INFO    | [14:50:10] 價格: 44058.0 | 大結構趨勢 (5M): NONE
2026-07-27 14:51:10 | INFO    |        即時信號 : ★ [流動性掠奪] Sweep Low 形成！(買方防守)
2026-07-27 14:51:10 | INFO    |        多頭 OB  : [43764.0 - 44100.0] | 空頭 OB  : [43276.0 - 43339.0]
2026-07-27 14:51:10 | INFO    |        多頭 FVG : 無 | 空頭 FVG : 無
2026-07-27 14:51:10 | INFO    | ----------------------------------------------------------------------
2026-07-27 14:51:10 | SIGNAL  | 訊號觸發，發送 Telegram 通知: ★ [流動性掠奪] Sweep Low 形成 (多頭訊號)！
2026-07-27 14:51:11 | INFO    | [Telegram] 訊息發送成功 | chat_id=-1004375180786
2026-07-27 14:52:10 | INFO    | [14:51:10] 價格: 43880.0 | 大結構趨勢 (5M): NONE
2026-07-27 14:52:10 | INFO    |        即時信號 : ★ [流動性掠奪] Sweep Low 形成！(買方防守)
2026-07-27 14:52:10 | INFO    |        多頭 OB  : [43764.0 - 44100.0] | 空頭 OB  : [43276.0 - 43339.0]
2026-07-27 14:52:10 | INFO    |        多頭 FVG : 無 | 空頭 FVG : 無
2026-07-27 14:52:10 | INFO    | ----------------------------------------------------------------------
2026-07-27 14:52:10 | SIGNAL  | 訊號觸發，發送 Telegram 通知: ★ [流動性掠奪] Sweep Low 形成 (多頭訊號)！
2026-07-27 14:52:11 | INFO    | [Telegram] 訊息發送成功 | chat_id=-1004375180786
2026-07-27 14:53:10 | INFO    | [14:52:10] 價格: 43977.0 | 大結構趨勢 (5M): NONE
2026-07-27 14:53:10 | INFO    |        即時信號 : ★★ [結構轉換] MSS Bullish 確立！趨勢轉多
2026-07-27 14:53:10 | INFO    |        多頭 OB  : [43707.0 - 44100.0] | 空頭 OB  : [43276.0 - 43339.0]
2026-07-27 14:53:10 | INFO    |        多頭 FVG : 無 | 空頭 FVG : 無
2026-07-27 14:53:10 | INFO    | ----------------------------------------------------------------------
2026-07-27 14:53:10 | SIGNAL  | 訊號觸發，發送 Telegram 通知: ★★ [結構轉換] MSS Bullish 確立 (多頭訊號)！
2026-07-27 14:53:11 | INFO    | [Telegram] 訊息發送成功 | chat_id=-1004375180786
2026-07-27 14:54:10 | INFO    | [14:53:10] 價格: 43988.0 | 大結構趨勢 (5M): NONE
2026-07-27 14:54:10 | INFO    |        即時信號 : 無特殊信號
2026-07-27 14:54:10 | INFO    |        多頭 OB  : [43707.0 - 44100.0] | 空頭 OB  : [43276.0 - 43339.0]
2026-07-27 14:54:10 | INFO    |        多頭 FVG : 無 | 空頭 FVG : 無
2026-07-27 14:54:10 | INFO    | ----------------------------------------------------------------------
2026-07-27 14:55:10 | INFO    | [14:54:10] 價格: 44009.0 | 大結構趨勢 (5M): NONE
2026-07-27 14:55:10 | INFO    |        即時信號 : 無特殊信號
2026-07-27 14:55:10 | INFO    |        多頭 OB  : [43707.0 - 44100.0] | 空頭 OB  : [43276.0 - 43339.0]
2026-07-27 14:55:10 | INFO    |        多頭 FVG : 無 | 空頭 FVG : 無
2026-07-27 14:55:10 | INFO    | ----------------------------------------------------------------------
2026-07-27 14:56:10 | INFO    | [14:55:10] 價格: 44009.0 | 大結構趨勢 (5M): NONE
2026-07-27 14:56:10 | INFO    |        即時信號 : 無特殊信號
2026-07-27 14:56:10 | INFO    |        多頭 OB  : [43707.0 - 44100.0] | 空頭 OB  : [43276.0 - 43339.0]
2026-07-27 14:56:10 | INFO    |        多頭 FVG : 無 | 空頭 FVG : 無
2026-07-27 14:56:10 | INFO    | ----------------------------------------------------------------------
2026-07-27 14:57:10 | INFO    | [14:56:10] 價格: 43883.0 | 大結構趨勢 (5M): NONE
2026-07-27 14:57:10 | INFO    |        即時信號 : 無特殊信號
2026-07-27 14:57:10 | INFO    |        多頭 OB  : [43707.0 - 44100.0] | 空頭 OB  : [43276.0 - 43339.0]
2026-07-27 14:57:10 | INFO    |        多頭 FVG : 無 | 空頭 FVG : 無
2026-07-27 14:57:10 | INFO    | ----------------------------------------------------------------------
2026-07-27 14:58:10 | INFO    | [14:57:10] 價格: 43883.0 | 大結構趨勢 (5M): NONE
2026-07-27 14:58:10 | INFO    |        即時信號 : 無特殊信號
2026-07-27 14:58:10 | INFO    |        多頭 OB  : [43707.0 - 44100.0] | 空頭 OB  : [43276.0 - 43339.0]
2026-07-27 14:58:10 | INFO    |        多頭 FVG : 無 | 空頭 FVG : [43884.0 - 43980.0]
2026-07-27 14:58:10 | INFO    | ----------------------------------------------------------------------
2026-07-27 14:59:10 | INFO    | [14:58:10] 價格: 43883.0 | 大結構趨勢 (5M): NONE
2026-07-27 14:59:10 | INFO    |        即時信號 : 無特殊信號
2026-07-27 14:59:10 | INFO    |        多頭 OB  : [43707.0 - 44100.0] | 空頭 OB  : [43276.0 - 43339.0]
2026-07-27 14:59:10 | INFO    |        多頭 FVG : 無 | 空頭 FVG : 無
2026-07-27 14:59:10 | INFO    | ----------------------------------------------------------------------
2026-07-27 15:00:12 | INFO    | [14:59:10] 價格: 43961.0 | 大結構趨勢 (5M): NONE
2026-07-27 15:00:12 | INFO    |        即時信號 : 無特殊信號
2026-07-27 15:00:12 | INFO    |        多頭 OB  : [43707.0 - 44100.0] | 空頭 OB  : [43276.0 - 43339.0]
2026-07-27 15:00:12 | INFO    |        多頭 FVG : 無 | 空頭 FVG : 無
2026-07-27 15:00:12 | INFO    | ----------------------------------------------------------------------
2026-07-27 15:01:12 | INFO    | [15:00:12] 價格: 44125.0 | 大結構趨勢 (5M): NONE
2026-07-27 15:01:12 | INFO    |        即時信號 : 無特殊信號
2026-07-27 15:01:12 | INFO    |        多頭 OB  : [43707.0 - 44100.0] | 空頭 OB  : [43276.0 - 43339.0]
2026-07-27 15:01:12 | INFO    |        多頭 FVG : [43883.0 - 43955.0] | 空頭 FVG : 無
2026-07-27 15:01:12 | INFO    | ----------------------------------------------------------------------
2026-07-27 15:02:16 | INFO    | [15:01:12] 價格: 44083.0 | 大結構趨勢 (5M): NONE
2026-07-27 15:02:16 | INFO    |        即時信號 : ★ [流動性掠奪] Sweep High 形成！(賣方防守)
2026-07-27 15:02:16 | INFO    |        多頭 OB  : [43707.0 - 44100.0] | 空頭 OB  : [43276.0 - 43339.0]
2026-07-27 15:02:16 | INFO    |        多頭 FVG : [43964.0 - 44078.0] | 空頭 FVG : 無
2026-07-27 15:02:16 | INFO    | ----------------------------------------------------------------------
2026-07-27 15:02:16 | INFO    | [過濾] 偵測到信號但建議無效，已跳過發送 Telegram 通知。
2026-07-27 15:03:18 | INFO    | [15:02:15] 價格: 44068.0 | 大結構趨勢 (5M): NONE
2026-07-27 15:03:18 | INFO    |        即時信號 : 無特殊信號
2026-07-27 15:03:18 | INFO    |        多頭 OB  : [43707.0 - 44100.0] | 空頭 OB  : [43276.0 - 43339.0]
2026-07-27 15:03:18 | INFO    |        多頭 FVG : 無 | 空頭 FVG : 無
2026-07-27 15:03:18 | INFO    | ----------------------------------------------------------------------
2026-07-27 15:04:24 | INFO    | [15:03:17] 價格: 44069.0 | 大結構趨勢 (5M): NONE
2026-07-27 15:04:24 | INFO    |        即時信號 : 無特殊信號
2026-07-27 15:04:24 | INFO    |        多頭 OB  : [43707.0 - 44100.0] | 空頭 OB  : [43276.0 - 43339.0]
2026-07-27 15:04:24 | INFO    |        多頭 FVG : 無 | 空頭 FVG : 無
2026-07-27 15:04:24 | INFO    | ----------------------------------------------------------------------
2026-07-27 15:05:24 | INFO    | [15:04:23] 價格: 44033.0 | 大結構趨勢 (5M): NONE
2026-07-27 15:05:24 | INFO    |        即時信號 : 無特殊信號
2026-07-27 15:05:24 | INFO    |        多頭 OB  : [43707.0 - 44100.0] | 空頭 OB  : [43276.0 - 43339.0]
2026-07-27 15:05:24 | INFO    |        多頭 FVG : 無 | 空頭 FVG : 無
2026-07-27 15:05:24 | INFO    | ----------------------------------------------------------------------
2026-07-27 15:06:30 | INFO    | [15:05:24] 價格: 44055.0 | 大結構趨勢 (5M): NONE
2026-07-27 15:06:30 | INFO    |        即時信號 : 無特殊信號
2026-07-27 15:06:30 | INFO    |        多頭 OB  : [43707.0 - 44100.0] | 空頭 OB  : [43276.0 - 43339.0]
2026-07-27 15:06:30 | INFO    |        多頭 FVG : 無 | 空頭 FVG : 無
2026-07-27 15:06:30 | INFO    | ----------------------------------------------------------------------
2026-07-27 15:07:31 | INFO    | [15:06:29] 價格: 44070.0 | 大結構趨勢 (5M): NONE
2026-07-27 15:07:31 | INFO    |        即時信號 : 無特殊信號
2026-07-27 15:07:31 | INFO    |        多頭 OB  : [43707.0 - 44100.0] | 空頭 OB  : [43276.0 - 43339.0]
2026-07-27 15:07:31 | INFO    |        多頭 FVG : 無 | 空頭 FVG : 無
2026-07-27 15:07:31 | INFO    | ----------------------------------------------------------------------
2026-07-27 15:08:33 | INFO    | [15:07:30] 價格: 44050.0 | 大結構趨勢 (5M): NONE
2026-07-27 15:08:33 | INFO    |        即時信號 : 無特殊信號
2026-07-27 15:08:33 | INFO    |        多頭 OB  : [43707.0 - 44100.0] | 空頭 OB  : [43276.0 - 43339.0]
2026-07-27 15:08:33 | INFO    |        多頭 FVG : 無 | 空頭 FVG : 無
2026-07-27 15:08:33 | INFO    | ----------------------------------------------------------------------
2026-07-27 15:09:36 | INFO    | [15:08:33] 價格: 44070.0 | 大結構趨勢 (5M): NONE
2026-07-27 15:09:36 | INFO    |        即時信號 : 無特殊信號
2026-07-27 15:09:36 | INFO    |        多頭 OB  : [43707.0 - 44100.0] | 空頭 OB  : [43276.0 - 43339.0]
2026-07-27 15:09:36 | INFO    |        多頭 FVG : 無 | 空頭 FVG : 無
2026-07-27 15:09:36 | INFO    | ----------------------------------------------------------------------
2026-07-27 15:10:41 | INFO    | [15:09:35] 價格: 44050.0 | 大結構趨勢 (5M): NONE
2026-07-27 15:10:41 | INFO    |        即時信號 : 無特殊信號
2026-07-27 15:10:41 | INFO    |        多頭 OB  : [43707.0 - 44100.0] | 空頭 OB  : [43276.0 - 43339.0]
2026-07-27 15:10:41 | INFO    |        多頭 FVG : 無 | 空頭 FVG : 無
2026-07-27 15:10:41 | INFO    | ----------------------------------------------------------------------
2026-07-27 15:11:46 | INFO    | [15:10:40] 價格: 44046.0 | 大結構趨勢 (5M): NONE
2026-07-27 15:11:46 | INFO    |        即時信號 : 無特殊信號
2026-07-27 15:11:46 | INFO    |        多頭 OB  : [43707.0 - 44100.0] | 空頭 OB  : [43276.0 - 43339.0]
2026-07-27 15:11:46 | INFO    |        多頭 FVG : 無 | 空頭 FVG : 無
2026-07-27 15:11:46 | INFO    | ----------------------------------------------------------------------
2026-07-27 15:12:56 | INFO    | [15:11:45] 價格: 44046.0 | 大結構趨勢 (5M): NONE
2026-07-27 15:12:56 | INFO    |        即時信號 : 無特殊信號
2026-07-27 15:12:56 | INFO    |        多頭 OB  : [43707.0 - 44100.0] | 空頭 OB  : [43276.0 - 43339.0]
2026-07-27 15:12:56 | INFO    |        多頭 FVG : 無 | 空頭 FVG : 無
2026-07-27 15:12:56 | INFO    | ----------------------------------------------------------------------
2026-07-27 15:13:57 | INFO    | [15:12:55] 價格: 44051.0 | 大結構趨勢 (5M): NONE
2026-07-27 15:13:57 | INFO    |        即時信號 : ★ [流動性掠奪] Sweep Low 形成！(買方防守)
2026-07-27 15:13:57 | INFO    |        多頭 OB  : [43707.0 - 44100.0] | 空頭 OB  : [43276.0 - 43339.0]
2026-07-27 15:13:57 | INFO    |        多頭 FVG : 無 | 空頭 FVG : 無
2026-07-27 15:13:57 | INFO    | ----------------------------------------------------------------------
2026-07-27 15:13:57 | INFO    | [過濾] 偵測到信號但建議無效，已跳過發送 Telegram 通知。
2026-07-27 15:14:58 | INFO    | [15:13:56] 價格: 44054.0 | 大結構趨勢 (5M): NONE
2026-07-27 15:14:58 | INFO    |        即時信號 : 無特殊信號
2026-07-27 15:14:58 | INFO    |        多頭 OB  : [43707.0 - 44100.0] | 空頭 OB  : [43276.0 - 43339.0]
2026-07-27 15:14:58 | INFO    |        多頭 FVG : 無 | 空頭 FVG : 無
2026-07-27 15:14:58 | INFO    | ----------------------------------------------------------------------
2026-07-27 15:16:02 | INFO    | [15:14:57] 價格: 44040.0 | 大結構趨勢 (5M): NONE
2026-07-27 15:16:02 | INFO    |        即時信號 : ★ [流動性掠奪] Sweep Low 形成！(買方防守)
2026-07-27 15:16:02 | INFO    |        多頭 OB  : [43707.0 - 44100.0] | 空頭 OB  : [43276.0 - 43339.0]
2026-07-27 15:16:02 | INFO    |        多頭 FVG : 無 | 空頭 FVG : 無
2026-07-27 15:16:02 | INFO    | ----------------------------------------------------------------------
2026-07-27 15:16:02 | INFO    | [過濾] 偵測到信號但建議無效，已跳過發送 Telegram 通知。
2026-07-27 15:17:03 | INFO    | [15:16:01] 價格: 44031.0 | 大結構趨勢 (5M): NONE
2026-07-27 15:17:03 | INFO    |        即時信號 : 無特殊信號
2026-07-27 15:17:03 | INFO    |        多頭 OB  : [43707.0 - 44100.0] | 空頭 OB  : [43276.0 - 43339.0]
2026-07-27 15:17:03 | INFO    |        多頭 FVG : 無 | 空頭 FVG : 無
2026-07-27 15:17:03 | INFO    | ----------------------------------------------------------------------
2026-07-27 15:18:07 | INFO    | [15:17:03] 價格: 44024.0 | 大結構趨勢 (5M): NONE
2026-07-27 15:18:07 | INFO    |        即時信號 : 無特殊信號
2026-07-27 15:18:07 | INFO    |        多頭 OB  : [43707.0 - 44100.0] | 空頭 OB  : [43276.0 - 43339.0]
2026-07-27 15:18:07 | INFO    |        多頭 FVG : 無 | 空頭 FVG : 無
2026-07-27 15:18:07 | INFO    | ----------------------------------------------------------------------
