2026-07-24 03:33:06 | INFO    | ============================================================
2026-07-24 03:33:06 | INFO    | SMC Monitor Logger 啟動 | log file: D:\Antigravity\smc-trading\logs\monitor_20260724.log
2026-07-24 03:33:06 | INFO    | ============================================================
2026-07-24 03:33:06 | INFO    | SMC 監控系統啟動 | mode=mock
2026-07-24 03:33:06 | INFO    | ============================================================
2026-07-24 03:33:06 | INFO    | 正在載入初始歷史數據，建立結構基礎...
2026-07-24 03:33:06 | INFO    | 成功自本地快取檔案 shioaji_TXFR1_2026-07-14_2026-07-15.csv 載入 1000 根真實 1M K 線歷史數據！
2026-07-24 03:33:06 | INFO    | 啟動模擬實時監控 (1M K線加速為每 10 秒一根)...
2026-07-24 03:33:06 | INFO    | 開始接收模擬報價，按下 Ctrl+C 結束監控。
2026-07-24 03:33:06 | INFO    | ======================================================================
2026-07-24 03:33:16 | INFO    | [03:33:06] 價格: 45104.3 | 大結構趨勢 (5M): NONE
2026-07-24 03:33:16 | INFO    |        即時信號 : ★ [流動性掠奪] Sweep Low 形成！(買方防守)
2026-07-24 03:33:16 | INFO    |        多頭 OB  : [45136.0 - 45157.0] | 空頭 OB  : [45168.0 - 45176.0]
2026-07-24 03:33:16 | INFO    |        多頭 FVG : [45099.0 - 45099.7] | 空頭 FVG : 無
2026-07-24 03:33:16 | INFO    | ----------------------------------------------------------------------
2026-07-24 03:33:16 | INFO    | [過濾] 偵測到信號但建議無效，已跳過發送 Telegram 通知。
2026-07-24 03:33:29 | INFO    | ============================================================
2026-07-24 03:33:29 | INFO    | SMC Monitor Logger 啟動 | log file: D:\Antigravity\smc-trading\logs\monitor_20260724.log
2026-07-24 03:33:29 | INFO    | ============================================================
2026-07-24 03:33:29 | INFO    | SMC 監控系統啟動 | mode=mock
2026-07-24 03:33:29 | INFO    | ============================================================
2026-07-24 03:33:29 | INFO    | 正在載入初始歷史數據，建立結構基礎...
2026-07-24 03:33:30 | INFO    | 成功自本地快取檔案 shioaji_TXFR1_2026-07-14_2026-07-15.csv 載入 1000 根真實 1M K 線歷史數據！
2026-07-24 03:33:30 | INFO    | 啟動模擬實時監控 (1M K線加速為每 10 秒一根)...
2026-07-24 03:33:30 | INFO    | 開始接收模擬報價，按下 Ctrl+C 結束監控。
2026-07-24 03:33:30 | INFO    | ======================================================================
2026-07-24 03:33:40 | INFO    | [03:33:30] 價格: 45090.7 | 大結構趨勢 (5M): NONE
2026-07-24 03:33:40 | INFO    |        即時信號 : 無特殊信號
2026-07-24 03:33:40 | INFO    |        多頭 OB  : [45136.0 - 45157.0] | 空頭 OB  : [45168.0 - 45176.0]
2026-07-24 03:33:40 | INFO    |        多頭 FVG : 無 | 空頭 FVG : [45094.6 - 45095.0]
2026-07-24 03:33:40 | INFO    | ----------------------------------------------------------------------
2026-07-24 03:33:50 | INFO    | [03:33:40] 價格: 45087.7 | 大結構趨勢 (5M): NONE
2026-07-24 03:33:50 | INFO    |        即時信號 : 無特殊信號
2026-07-24 03:33:50 | INFO    |        多頭 OB  : [45136.0 - 45157.0] | 空頭 OB  : [45168.0 - 45176.0]
2026-07-24 03:33:50 | INFO    |        多頭 FVG : 無 | 空頭 FVG : 無
2026-07-24 03:33:50 | INFO    | ----------------------------------------------------------------------
2026-07-24 03:34:00 | INFO    | [03:33:50] 價格: 45089.8 | 大結構趨勢 (5M): NONE
2026-07-24 03:34:00 | INFO    |        即時信號 : 無特殊信號
2026-07-24 03:34:00 | INFO    |        多頭 OB  : [45136.0 - 45157.0] | 空頭 OB  : [45168.0 - 45176.0]
2026-07-24 03:34:00 | INFO    |        多頭 FVG : 無 | 空頭 FVG : 無
2026-07-24 03:34:00 | INFO    | ----------------------------------------------------------------------
2026-07-24 03:34:10 | INFO    | [03:34:00] 價格: 45088.7 | 大結構趨勢 (5M): NONE
2026-07-24 03:34:10 | INFO    |        即時信號 : 無特殊信號
2026-07-24 03:34:10 | INFO    |        多頭 OB  : [45136.0 - 45157.0] | 空頭 OB  : [45168.0 - 45176.0]
2026-07-24 03:34:10 | INFO    |        多頭 FVG : 無 | 空頭 FVG : 無
2026-07-24 03:34:10 | INFO    | ----------------------------------------------------------------------
2026-07-24 03:44:56 | INFO    | ============================================================
2026-07-24 03:44:56 | INFO    | SMC Monitor Logger 啟動 | log file: D:\Antigravity\smc-trading\logs\monitor_20260724.log
2026-07-24 03:44:56 | INFO    | ============================================================
2026-07-24 03:44:56 | INFO    | SMC 監控系統啟動 | mode=shioaji
2026-07-24 03:44:56 | INFO    | ============================================================
2026-07-24 03:44:56 | INFO    | 正在載入初始歷史數據，建立結構基礎...
2026-07-24 03:44:56 | INFO    | 成功自本地快取檔案 shioaji_TXFR1_2026-07-14_2026-07-15.csv 載入 1000 根真實 1M K 線歷史數據！
2026-07-24 03:44:57 | INFO    | 正在登入 Shioaji API 進行實時監控...
2026-07-24 03:44:57 | INFO    | 登入成功！正在取得台指期近月合約...
2026-07-24 03:45:03 | INFO    | 訂閱商品: TXFR1 - 臺股期貨近月
2026-07-24 03:45:03 | INFO    | 開始接收即時報價，按下 Ctrl+C 結束監控。
2026-07-24 03:45:03 | INFO    | ============================================================
2026-07-24 03:46:06 | INFO    | [03:45:01] 價格: 44173.0 | 大結構趨勢 (5M): BULLISH
2026-07-24 03:46:06 | INFO    |        即時信號 : 無特殊信號
2026-07-24 03:46:06 | INFO    |        多頭 OB  : [45136.0 - 45157.0] | 空頭 OB  : [45168.0 - 45176.0]
2026-07-24 03:46:06 | INFO    |        多頭 FVG : 無 | 空頭 FVG : [44187.0 - 45095.0]
2026-07-24 03:46:06 | INFO    | ----------------------------------------------------------------------
2026-07-24 03:47:08 | INFO    | [03:46:02] 價格: 44150.0 | 大結構趨勢 (5M): BULLISH
2026-07-24 03:47:08 | INFO    |        即時信號 : 無特殊信號
2026-07-24 03:47:08 | INFO    |        多頭 OB  : [45136.0 - 45157.0] | 空頭 OB  : [45168.0 - 45176.0]
2026-07-24 03:47:08 | INFO    |        多頭 FVG : 無 | 空頭 FVG : [44170.0 - 45088.0]
2026-07-24 03:47:08 | INFO    | ----------------------------------------------------------------------
2026-07-24 03:48:08 | INFO    | [03:47:04] 價格: 44175.0 | 大結構趨勢 (5M): BULLISH
2026-07-24 03:48:08 | INFO    |        即時信號 : 無特殊信號
2026-07-24 03:48:08 | INFO    |        多頭 OB  : [45136.0 - 45157.0] | 空頭 OB  : [45168.0 - 45176.0]
2026-07-24 03:48:08 | INFO    |        多頭 FVG : 無 | 空頭 FVG : 無
2026-07-24 03:48:08 | INFO    | ----------------------------------------------------------------------
2026-07-24 03:49:09 | INFO    | [03:48:05] 價格: 44163.0 | 大結構趨勢 (5M): BULLISH
2026-07-24 03:49:09 | INFO    |        即時信號 : 無特殊信號
2026-07-24 03:49:09 | INFO    |        多頭 OB  : [45136.0 - 45157.0] | 空頭 OB  : [45168.0 - 45176.0]
2026-07-24 03:49:09 | INFO    |        多頭 FVG : 無 | 空頭 FVG : 無
2026-07-24 03:49:09 | INFO    | ----------------------------------------------------------------------
2026-07-24 03:50:10 | INFO    | [03:49:06] 價格: 44213.0 | 大結構趨勢 (5M): BULLISH
2026-07-24 03:50:10 | INFO    |        即時信號 : 無特殊信號
2026-07-24 03:50:10 | INFO    |        多頭 OB  : [45136.0 - 45157.0] | 空頭 OB  : [45168.0 - 45176.0]
2026-07-24 03:50:10 | INFO    |        多頭 FVG : 無 | 空頭 FVG : 無
2026-07-24 03:50:10 | INFO    | ----------------------------------------------------------------------
2026-07-24 03:51:11 | INFO    | [03:50:06] 價格: 44183.0 | 大結構趨勢 (5M): BULLISH
2026-07-24 03:51:11 | INFO    |        即時信號 : 無特殊信號
2026-07-24 03:51:11 | INFO    |        多頭 OB  : [45136.0 - 45157.0] | 空頭 OB  : [45168.0 - 45176.0]
2026-07-24 03:51:11 | INFO    |        多頭 FVG : [44176.0 - 44181.0] | 空頭 FVG : 無
2026-07-24 03:51:11 | INFO    | ----------------------------------------------------------------------
2026-07-24 03:52:13 | INFO    | [03:51:07] 價格: 44212.0 | 大結構趨勢 (5M): BULLISH
2026-07-24 03:52:13 | INFO    |        即時信號 : 無特殊信號
2026-07-24 03:52:13 | INFO    |        多頭 OB  : [45136.0 - 45157.0] | 空頭 OB  : [45168.0 - 45176.0]
2026-07-24 03:52:13 | INFO    |        多頭 FVG : 無 | 空頭 FVG : 無
2026-07-24 03:52:13 | INFO    | ----------------------------------------------------------------------
2026-07-24 03:53:13 | INFO    | [03:52:10] 價格: 44169.0 | 大結構趨勢 (5M): BULLISH
2026-07-24 03:53:13 | INFO    |        即時信號 : 無特殊信號
2026-07-24 03:53:13 | INFO    |        多頭 OB  : [45136.0 - 45157.0] | 空頭 OB  : [45168.0 - 45176.0]
2026-07-24 03:53:13 | INFO    |        多頭 FVG : 無 | 空頭 FVG : 無
2026-07-24 03:53:13 | INFO    | ----------------------------------------------------------------------
2026-07-24 03:54:13 | INFO    | [03:53:10] 價格: 44168.0 | 大結構趨勢 (5M): BULLISH
2026-07-24 03:54:13 | INFO    |        即時信號 : 無特殊信號
2026-07-24 03:54:13 | INFO    |        多頭 OB  : [45136.0 - 45157.0] | 空頭 OB  : [45168.0 - 45176.0]
2026-07-24 03:54:13 | INFO    |        多頭 FVG : 無 | 空頭 FVG : 無
2026-07-24 03:54:13 | INFO    | ----------------------------------------------------------------------
2026-07-24 03:55:14 | INFO    | [03:54:10] 價格: 44222.0 | 大結構趨勢 (5M): BULLISH
2026-07-24 03:55:14 | INFO    |        即時信號 : ★★ [結構轉換] MSS Bullish 確立！趨勢轉多
2026-07-24 03:55:14 | INFO    |        多頭 OB  : [44166.0 - 44207.0] | 空頭 OB  : [45168.0 - 45176.0]
2026-07-24 03:55:14 | INFO    |        多頭 FVG : 無 | 空頭 FVG : 無
2026-07-24 03:55:14 | INFO    | ----------------------------------------------------------------------
2026-07-24 03:55:14 | SIGNAL  | 訊號觸發，發送 Telegram 通知: ★★ [結構轉換] MSS Bullish 確立 (多頭訊號)！
2026-07-24 03:55:15 | INFO    | [Telegram] 訊息發送成功 | chat_id=-1004387856503
2026-07-24 03:56:24 | INFO    | [03:55:10] 價格: 44228.0 | 大結構趨勢 (5M): BULLISH
2026-07-24 03:56:24 | INFO    |        即時信號 : 無特殊信號
2026-07-24 03:56:24 | INFO    |        多頭 OB  : [44166.0 - 44207.0] | 空頭 OB  : [45168.0 - 45176.0]
2026-07-24 03:56:24 | INFO    |        多頭 FVG : [44181.0 - 44219.0] | 空頭 FVG : 無
2026-07-24 03:56:24 | INFO    | ----------------------------------------------------------------------
2026-07-24 03:57:26 | INFO    | [03:56:20] 價格: 44242.0 | 大結構趨勢 (5M): BULLISH
2026-07-24 03:57:26 | INFO    |        即時信號 : 無特殊信號
2026-07-24 03:57:26 | INFO    |        多頭 OB  : [44166.0 - 44207.0] | 空頭 OB  : [45168.0 - 45176.0]
2026-07-24 03:57:26 | INFO    |        多頭 FVG : [44226.0 - 44230.0] | 空頭 FVG : 無
2026-07-24 03:57:26 | INFO    | ----------------------------------------------------------------------
2026-07-24 03:58:26 | INFO    | [03:57:22] 價格: 44284.0 | 大結構趨勢 (5M): BULLISH
2026-07-24 03:58:26 | INFO    |        即時信號 : 無特殊信號
2026-07-24 03:58:26 | INFO    |        多頭 OB  : [44166.0 - 44207.0] | 空頭 OB  : [45168.0 - 45176.0]
2026-07-24 03:58:26 | INFO    |        多頭 FVG : [44232.0 - 44241.0] | 空頭 FVG : 無
2026-07-24 03:58:26 | INFO    | ----------------------------------------------------------------------
2026-07-24 03:59:35 | INFO    | [03:58:23] 價格: 44289.0 | 大結構趨勢 (5M): BULLISH
2026-07-24 03:59:35 | INFO    |        即時信號 : 無特殊信號
2026-07-24 03:59:35 | INFO    |        多頭 OB  : [44166.0 - 44207.0] | 空頭 OB  : [45168.0 - 45176.0]
2026-07-24 03:59:35 | INFO    |        多頭 FVG : [44243.0 - 44280.0] | 空頭 FVG : 無
2026-07-24 03:59:35 | INFO    | ----------------------------------------------------------------------
2026-07-24 04:00:40 | INFO    | [03:59:31] 價格: 44321.0 | 大結構趨勢 (5M): BULLISH
2026-07-24 04:00:40 | INFO    |        即時信號 : 無特殊信號
2026-07-24 04:00:40 | INFO    |        多頭 OB  : [44166.0 - 44207.0] | 空頭 OB  : [45168.0 - 45176.0]
2026-07-24 04:00:40 | INFO    |        多頭 FVG : [44284.0 - 44292.0] | 空頭 FVG : 無
2026-07-24 04:00:40 | INFO    | ----------------------------------------------------------------------
2026-07-24 04:01:53 | INFO    | [04:00:37] 價格: 44317.0 | 大結構趨勢 (5M): BULLISH
2026-07-24 04:01:53 | INFO    |        即時信號 : 無特殊信號
2026-07-24 04:01:53 | INFO    |        多頭 OB  : [44166.0 - 44207.0] | 空頭 OB  : [45168.0 - 45176.0]
2026-07-24 04:01:53 | INFO    |        多頭 FVG : [44312.0 - 44317.0] | 空頭 FVG : 無
2026-07-24 04:01:53 | INFO    | ----------------------------------------------------------------------
2026-07-24 04:03:08 | INFO    | [04:01:50] 價格: 44334.0 | 大結構趨勢 (5M): BULLISH
2026-07-24 04:03:08 | INFO    |        即時信號 : 無特殊信號
2026-07-24 04:03:08 | INFO    |        多頭 OB  : [44166.0 - 44207.0] | 空頭 OB  : [45168.0 - 45176.0]
2026-07-24 04:03:08 | INFO    |        多頭 FVG : 無 | 空頭 FVG : 無
2026-07-24 04:03:08 | INFO    | ----------------------------------------------------------------------
2026-07-24 04:04:20 | INFO    | [04:03:04] 價格: 44365.0 | 大結構趨勢 (5M): BULLISH
2026-07-24 04:04:20 | INFO    |        即時信號 : 無特殊信號
2026-07-24 04:04:20 | INFO    |        多頭 OB  : [44166.0 - 44207.0] | 空頭 OB  : [45168.0 - 45176.0]
2026-07-24 04:04:20 | INFO    |        多頭 FVG : 無 | 空頭 FVG : 無
2026-07-24 04:04:20 | INFO    | ----------------------------------------------------------------------
2026-07-24 04:04:42 | INFO    | ============================================================
2026-07-24 04:04:42 | INFO    | SMC Monitor Logger 啟動 | log file: D:\Antigravity\smc-trading\logs\monitor_20260724.log
2026-07-24 04:04:42 | INFO    | ============================================================
2026-07-24 04:04:42 | INFO    | SMC 監控系統啟動 | mode=mock
2026-07-24 04:04:42 | INFO    | ============================================================
2026-07-24 04:04:42 | INFO    | 正在載入初始歷史數據，建立結構基礎...
2026-07-24 04:04:42 | INFO    | 成功自本地快取檔案 shioaji_TXFR1_2026-07-14_2026-07-15.csv 載入 1000 根真實 1M K 線歷史數據！
2026-07-24 04:04:42 | INFO    | 啟動模擬實時監控 (1M K線加速為每 10 秒一根)...
2026-07-24 04:04:42 | INFO    | 開始接收模擬報價，按下 Ctrl+C 結束監控。
2026-07-24 04:04:42 | INFO    | ======================================================================
2026-07-24 04:04:52 | INFO    | [04:04:42] 價格: 45094.5 | 大結構趨勢 (5M): NONE
2026-07-24 04:04:52 | INFO    |        即時信號 : 無特殊信號
2026-07-24 04:04:52 | INFO    |        多頭 OB  : [45136.0 - 45157.0] | 空頭 OB  : [45168.0 - 45176.0]
2026-07-24 04:04:52 | INFO    |        多頭 FVG : 無 | 空頭 FVG : 無
2026-07-24 04:04:52 | INFO    | ----------------------------------------------------------------------
2026-07-24 04:05:02 | INFO    | [04:04:52] 價格: 45097.5 | 大結構趨勢 (5M): NONE
2026-07-24 04:05:02 | INFO    |        即時信號 : 無特殊信號
2026-07-24 04:05:02 | INFO    |        多頭 OB  : [45136.0 - 45157.0] | 空頭 OB  : [45168.0 - 45176.0]
2026-07-24 04:05:02 | INFO    |        多頭 FVG : 無 | 空頭 FVG : 無
2026-07-24 04:05:02 | INFO    | ----------------------------------------------------------------------
2026-07-24 04:05:12 | INFO    | [04:05:02] 價格: 45091.8 | 大結構趨勢 (5M): NONE
2026-07-24 04:05:12 | INFO    |        即時信號 : 無特殊信號
2026-07-24 04:05:12 | INFO    |        多頭 OB  : [45136.0 - 45157.0] | 空頭 OB  : [45168.0 - 45176.0]
2026-07-24 04:05:12 | INFO    |        多頭 FVG : 無 | 空頭 FVG : 無
2026-07-24 04:05:12 | INFO    | ----------------------------------------------------------------------
2026-07-24 04:05:20 | INFO    | [04:04:17] 價格: 44359.0 | 大結構趨勢 (5M): BULLISH
2026-07-24 04:05:20 | INFO    |        即時信號 : 無特殊信號
2026-07-24 04:05:20 | INFO    |        多頭 OB  : [44166.0 - 44207.0] | 空頭 OB  : [45168.0 - 45176.0]
2026-07-24 04:05:20 | INFO    |        多頭 FVG : [44334.0 - 44353.0] | 空頭 FVG : 無
2026-07-24 04:05:20 | INFO    | ----------------------------------------------------------------------
2026-07-24 04:05:23 | INFO    | [04:05:12] 價格: 45087.9 | 大結構趨勢 (5M): NONE
2026-07-24 04:05:23 | INFO    |        即時信號 : 無特殊信號
2026-07-24 04:05:23 | INFO    |        多頭 OB  : [45136.0 - 45157.0] | 空頭 OB  : [45168.0 - 45176.0]
2026-07-24 04:05:23 | INFO    |        多頭 FVG : 無 | 空頭 FVG : [45092.0 - 45092.9]
2026-07-24 04:05:23 | INFO    | ----------------------------------------------------------------------
2026-07-24 04:06:22 | INFO    | [04:05:17] 價格: 44360.0 | 大結構趨勢 (5M): BULLISH
2026-07-24 04:06:22 | INFO    |        即時信號 : 無特殊信號
2026-07-24 04:06:22 | INFO    |        多頭 OB  : [44166.0 - 44207.0] | 空頭 OB  : [45168.0 - 45176.0]
2026-07-24 04:06:22 | INFO    |        多頭 FVG : 無 | 空頭 FVG : 無
2026-07-24 04:06:22 | INFO    | ----------------------------------------------------------------------
2026-07-24 04:07:24 | INFO    | [04:06:19] 價格: 44376.0 | 大結構趨勢 (5M): BULLISH
2026-07-24 04:07:24 | INFO    |        即時信號 : 無特殊信號
2026-07-24 04:07:24 | INFO    |        多頭 OB  : [44166.0 - 44207.0] | 空頭 OB  : [45168.0 - 45176.0]
2026-07-24 04:07:24 | INFO    |        多頭 FVG : [44360.0 - 44361.0] | 空頭 FVG : 無
2026-07-24 04:07:24 | INFO    | ----------------------------------------------------------------------
2026-07-24 04:08:28 | INFO    | [04:07:20] 價格: 44387.0 | 大結構趨勢 (5M): BULLISH
2026-07-24 04:08:28 | INFO    |        即時信號 : 無特殊信號
2026-07-24 04:08:28 | INFO    |        多頭 OB  : [44166.0 - 44207.0] | 空頭 OB  : [45168.0 - 45176.0]
2026-07-24 04:08:28 | INFO    |        多頭 FVG : 無 | 空頭 FVG : 無
2026-07-24 04:08:28 | INFO    | ----------------------------------------------------------------------
2026-07-24 04:09:32 | INFO    | [04:08:25] 價格: 44385.0 | 大結構趨勢 (5M): BULLISH
2026-07-24 04:09:32 | INFO    |        即時信號 : 無特殊信號
2026-07-24 04:09:32 | INFO    |        多頭 OB  : [44166.0 - 44207.0] | 空頭 OB  : [45168.0 - 45176.0]
2026-07-24 04:09:32 | INFO    |        多頭 FVG : 無 | 空頭 FVG : 無
2026-07-24 04:09:32 | INFO    | ----------------------------------------------------------------------
2026-07-24 04:10:33 | INFO    | [04:09:28] 價格: 44388.0 | 大結構趨勢 (5M): BULLISH
2026-07-24 04:10:33 | INFO    |        即時信號 : 無特殊信號
2026-07-24 04:10:33 | INFO    |        多頭 OB  : [44166.0 - 44207.0] | 空頭 OB  : [45168.0 - 45176.0]
2026-07-24 04:10:33 | INFO    |        多頭 FVG : 無 | 空頭 FVG : 無
2026-07-24 04:10:33 | INFO    | ----------------------------------------------------------------------
2026-07-24 04:11:33 | INFO    | [04:10:29] 價格: 44398.0 | 大結構趨勢 (5M): BULLISH
2026-07-24 04:11:33 | INFO    |        即時信號 : 無特殊信號
2026-07-24 04:11:33 | INFO    |        多頭 OB  : [44166.0 - 44207.0] | 空頭 OB  : [45168.0 - 45176.0]
2026-07-24 04:11:33 | INFO    |        多頭 FVG : 無 | 空頭 FVG : 無
2026-07-24 04:11:33 | INFO    | ----------------------------------------------------------------------
2026-07-24 04:12:33 | INFO    | [04:11:29] 價格: 44418.0 | 大結構趨勢 (5M): BULLISH
2026-07-24 04:12:33 | INFO    |        即時信號 : 無特殊信號
2026-07-24 04:12:33 | INFO    |        多頭 OB  : [44166.0 - 44207.0] | 空頭 OB  : [45168.0 - 45176.0]
2026-07-24 04:12:33 | INFO    |        多頭 FVG : 無 | 空頭 FVG : 無
2026-07-24 04:12:33 | INFO    | ----------------------------------------------------------------------
2026-07-24 04:13:33 | INFO    | [04:12:30] 價格: 44424.0 | 大結構趨勢 (5M): BULLISH
2026-07-24 04:13:33 | INFO    |        即時信號 : 無特殊信號
2026-07-24 04:13:33 | INFO    |        多頭 OB  : [44166.0 - 44207.0] | 空頭 OB  : [45168.0 - 45176.0]
2026-07-24 04:13:33 | INFO    |        多頭 FVG : 無 | 空頭 FVG : 無
2026-07-24 04:13:33 | INFO    | ----------------------------------------------------------------------
2026-07-24 04:14:41 | INFO    | [04:13:30] 價格: 44420.0 | 大結構趨勢 (5M): BULLISH
2026-07-24 04:14:41 | INFO    |        即時信號 : 無特殊信號
2026-07-24 04:14:41 | INFO    |        多頭 OB  : [44166.0 - 44207.0] | 空頭 OB  : [45168.0 - 45176.0]
2026-07-24 04:14:41 | INFO    |        多頭 FVG : 無 | 空頭 FVG : 無
2026-07-24 04:14:41 | INFO    | ----------------------------------------------------------------------
2026-07-24 04:15:57 | INFO    | [04:14:37] 價格: 44426.0 | 大結構趨勢 (5M): BULLISH
2026-07-24 04:15:57 | INFO    |        即時信號 : 無特殊信號
2026-07-24 04:15:57 | INFO    |        多頭 OB  : [44166.0 - 44207.0] | 空頭 OB  : [45168.0 - 45176.0]
2026-07-24 04:15:57 | INFO    |        多頭 FVG : 無 | 空頭 FVG : 無
2026-07-24 04:15:57 | INFO    | ----------------------------------------------------------------------
2026-07-24 04:16:59 | INFO    | [04:15:53] 價格: 44412.0 | 大結構趨勢 (5M): BULLISH
2026-07-24 04:16:59 | INFO    |        即時信號 : 無特殊信號
2026-07-24 04:16:59 | INFO    |        多頭 OB  : [44166.0 - 44207.0] | 空頭 OB  : [45168.0 - 45176.0]
2026-07-24 04:16:59 | INFO    |        多頭 FVG : 無 | 空頭 FVG : 無
2026-07-24 04:16:59 | INFO    | ----------------------------------------------------------------------
2026-07-24 04:18:11 | INFO    | [04:16:55] 價格: 44415.0 | 大結構趨勢 (5M): BULLISH
2026-07-24 04:18:11 | INFO    |        即時信號 : 無特殊信號
2026-07-24 04:18:11 | INFO    |        多頭 OB  : [44166.0 - 44207.0] | 空頭 OB  : [45168.0 - 45176.0]
2026-07-24 04:18:11 | INFO    |        多頭 FVG : 無 | 空頭 FVG : 無
2026-07-24 04:18:11 | INFO    | ----------------------------------------------------------------------
2026-07-24 04:19:35 | INFO    | [04:18:07] 價格: 44425.0 | 大結構趨勢 (5M): BULLISH
2026-07-24 04:19:35 | INFO    |        即時信號 : 無特殊信號
2026-07-24 04:19:35 | INFO    |        多頭 OB  : [44166.0 - 44207.0] | 空頭 OB  : [45168.0 - 45176.0]
2026-07-24 04:19:35 | INFO    |        多頭 FVG : 無 | 空頭 FVG : 無
2026-07-24 04:19:35 | INFO    | ----------------------------------------------------------------------
2026-07-24 04:20:37 | INFO    | [04:19:32] 價格: 44444.0 | 大結構趨勢 (5M): BULLISH
2026-07-24 04:20:37 | INFO    |        即時信號 : 無特殊信號
2026-07-24 04:20:37 | INFO    |        多頭 OB  : [44166.0 - 44207.0] | 空頭 OB  : [45168.0 - 45176.0]
2026-07-24 04:20:37 | INFO    |        多頭 FVG : [44415.0 - 44425.0] | 空頭 FVG : 無
2026-07-24 04:20:37 | INFO    | ----------------------------------------------------------------------
2026-07-24 04:21:38 | INFO    | [04:20:33] 價格: 44429.0 | 大結構趨勢 (5M): BULLISH
2026-07-24 04:21:38 | INFO    |        即時信號 : 無特殊信號
2026-07-24 04:21:38 | INFO    |        多頭 OB  : [44166.0 - 44207.0] | 空頭 OB  : [45168.0 - 45176.0]
2026-07-24 04:21:38 | INFO    |        多頭 FVG : 無 | 空頭 FVG : 無
2026-07-24 04:21:38 | INFO    | ----------------------------------------------------------------------
2026-07-24 04:23:12 | INFO    | [04:21:35] 價格: 44428.0 | 大結構趨勢 (5M): BULLISH
2026-07-24 04:23:12 | INFO    |        即時信號 : 無特殊信號
2026-07-24 04:23:12 | INFO    |        多頭 OB  : [44166.0 - 44207.0] | 空頭 OB  : [45168.0 - 45176.0]
2026-07-24 04:23:12 | INFO    |        多頭 FVG : 無 | 空頭 FVG : 無
2026-07-24 04:23:12 | INFO    | ----------------------------------------------------------------------
2026-07-24 04:24:13 | INFO    | [04:23:08] 價格: 44431.0 | 大結構趨勢 (5M): BULLISH
2026-07-24 04:24:13 | INFO    |        即時信號 : 無特殊信號
2026-07-24 04:24:13 | INFO    |        多頭 OB  : [44166.0 - 44207.0] | 空頭 OB  : [45168.0 - 45176.0]
2026-07-24 04:24:13 | INFO    |        多頭 FVG : 無 | 空頭 FVG : 無
2026-07-24 04:24:13 | INFO    | ----------------------------------------------------------------------
2026-07-24 04:25:27 | INFO    | [04:24:09] 價格: 44422.0 | 大結構趨勢 (5M): BULLISH
2026-07-24 04:25:27 | INFO    |        即時信號 : 無特殊信號
2026-07-24 04:25:27 | INFO    |        多頭 OB  : [44166.0 - 44207.0] | 空頭 OB  : [45168.0 - 45176.0]
2026-07-24 04:25:27 | INFO    |        多頭 FVG : 無 | 空頭 FVG : 無
2026-07-24 04:25:27 | INFO    | ----------------------------------------------------------------------
2026-07-24 04:26:27 | INFO    | [04:25:23] 價格: 44424.0 | 大結構趨勢 (5M): BULLISH
2026-07-24 04:26:27 | INFO    |        即時信號 : 無特殊信號
2026-07-24 04:26:27 | INFO    |        多頭 OB  : [44166.0 - 44207.0] | 空頭 OB  : [45168.0 - 45176.0]
2026-07-24 04:26:27 | INFO    |        多頭 FVG : 無 | 空頭 FVG : 無
2026-07-24 04:26:27 | INFO    | ----------------------------------------------------------------------
2026-07-24 04:27:36 | INFO    | [04:26:23] 價格: 44417.0 | 大結構趨勢 (5M): BULLISH
2026-07-24 04:27:36 | INFO    |        即時信號 : 無特殊信號
2026-07-24 04:27:36 | INFO    |        多頭 OB  : [44166.0 - 44207.0] | 空頭 OB  : [45168.0 - 45176.0]
2026-07-24 04:27:36 | INFO    |        多頭 FVG : 無 | 空頭 FVG : [44417.0 - 44419.0]
2026-07-24 04:27:36 | INFO    | ----------------------------------------------------------------------
2026-07-24 04:28:37 | INFO    | [04:27:33] 價格: 44415.0 | 大結構趨勢 (5M): BULLISH
2026-07-24 04:28:37 | INFO    |        即時信號 : 無特殊信號
2026-07-24 04:28:37 | INFO    |        多頭 OB  : [44166.0 - 44207.0] | 空頭 OB  : [45168.0 - 45176.0]
2026-07-24 04:28:37 | INFO    |        多頭 FVG : 無 | 空頭 FVG : [44415.0 - 44418.0]
2026-07-24 04:28:37 | INFO    | ----------------------------------------------------------------------
2026-07-24 04:29:46 | INFO    | [04:28:33] 價格: 44415.0 | 大結構趨勢 (5M): BULLISH
2026-07-24 04:29:46 | INFO    |        即時信號 : 無特殊信號
2026-07-24 04:29:46 | INFO    |        多頭 OB  : [44166.0 - 44207.0] | 空頭 OB  : [45168.0 - 45176.0]
2026-07-24 04:29:46 | INFO    |        多頭 FVG : 無 | 空頭 FVG : 無
2026-07-24 04:29:46 | INFO    | ----------------------------------------------------------------------
2026-07-24 04:30:51 | INFO    | [04:29:42] 價格: 44413.0 | 大結構趨勢 (5M): BULLISH
2026-07-24 04:30:51 | INFO    |        即時信號 : 無特殊信號
2026-07-24 04:30:51 | INFO    |        多頭 OB  : [44166.0 - 44207.0] | 空頭 OB  : [45168.0 - 45176.0]
2026-07-24 04:30:51 | INFO    |        多頭 FVG : 無 | 空頭 FVG : 無
2026-07-24 04:30:51 | INFO    | ----------------------------------------------------------------------
2026-07-24 04:32:07 | INFO    | [04:30:47] 價格: 44410.0 | 大結構趨勢 (5M): BULLISH
2026-07-24 04:32:07 | INFO    |        即時信號 : 無特殊信號
2026-07-24 04:32:07 | INFO    |        多頭 OB  : [44166.0 - 44207.0] | 空頭 OB  : [45168.0 - 45176.0]
2026-07-24 04:32:07 | INFO    |        多頭 FVG : 無 | 空頭 FVG : 無
2026-07-24 04:32:07 | INFO    | ----------------------------------------------------------------------
2026-07-24 04:33:07 | INFO    | [04:32:03] 價格: 44438.0 | 大結構趨勢 (5M): BULLISH
2026-07-24 04:33:07 | INFO    |        即時信號 : 無特殊信號
2026-07-24 04:33:07 | INFO    |        多頭 OB  : [44166.0 - 44207.0] | 空頭 OB  : [45168.0 - 45176.0]
2026-07-24 04:33:07 | INFO    |        多頭 FVG : 無 | 空頭 FVG : 無
2026-07-24 04:33:07 | INFO    | ----------------------------------------------------------------------
2026-07-24 04:34:18 | INFO    | [04:33:04] 價格: 44419.0 | 大結構趨勢 (5M): BULLISH
2026-07-24 04:34:18 | INFO    |        即時信號 : 無特殊信號
2026-07-24 04:34:18 | INFO    |        多頭 OB  : [44166.0 - 44207.0] | 空頭 OB  : [45168.0 - 45176.0]
2026-07-24 04:34:18 | INFO    |        多頭 FVG : [44416.0 - 44417.0] | 空頭 FVG : 無
2026-07-24 04:34:18 | INFO    | ----------------------------------------------------------------------
2026-07-24 04:35:19 | INFO    | [04:34:14] 價格: 44417.0 | 大結構趨勢 (5M): BULLISH
2026-07-24 04:35:19 | INFO    |        即時信號 : 無特殊信號
2026-07-24 04:35:19 | INFO    |        多頭 OB  : [44166.0 - 44207.0] | 空頭 OB  : [45168.0 - 45176.0]
2026-07-24 04:35:19 | INFO    |        多頭 FVG : 無 | 空頭 FVG : 無
2026-07-24 04:35:19 | INFO    | ----------------------------------------------------------------------
2026-07-24 04:36:28 | INFO    | [04:35:16] 價格: 44417.0 | 大結構趨勢 (5M): BULLISH
2026-07-24 04:36:28 | INFO    |        即時信號 : 無特殊信號
2026-07-24 04:36:28 | INFO    |        多頭 OB  : [44166.0 - 44207.0] | 空頭 OB  : [45168.0 - 45176.0]
2026-07-24 04:36:28 | INFO    |        多頭 FVG : 無 | 空頭 FVG : 無
2026-07-24 04:36:28 | INFO    | ----------------------------------------------------------------------
2026-07-24 04:37:28 | INFO    | [04:36:24] 價格: 44422.0 | 大結構趨勢 (5M): BULLISH
2026-07-24 04:37:28 | INFO    |        即時信號 : 無特殊信號
2026-07-24 04:37:28 | INFO    |        多頭 OB  : [44166.0 - 44207.0] | 空頭 OB  : [45168.0 - 45176.0]
2026-07-24 04:37:28 | INFO    |        多頭 FVG : [44421.0 - 44422.0] | 空頭 FVG : 無
2026-07-24 04:37:28 | INFO    | ----------------------------------------------------------------------
2026-07-24 04:38:32 | INFO    | [04:37:25] 價格: 44424.0 | 大結構趨勢 (5M): BULLISH
2026-07-24 04:38:32 | INFO    |        即時信號 : 無特殊信號
2026-07-24 04:38:32 | INFO    |        多頭 OB  : [44166.0 - 44207.0] | 空頭 OB  : [45168.0 - 45176.0]
2026-07-24 04:38:32 | INFO    |        多頭 FVG : 無 | 空頭 FVG : 無
2026-07-24 04:38:32 | INFO    | ----------------------------------------------------------------------
2026-07-24 04:39:34 | INFO    | [04:38:28] 價格: 44425.0 | 大結構趨勢 (5M): BULLISH
2026-07-24 04:39:34 | INFO    |        即時信號 : 無特殊信號
2026-07-24 04:39:34 | INFO    |        多頭 OB  : [44166.0 - 44207.0] | 空頭 OB  : [45168.0 - 45176.0]
2026-07-24 04:39:34 | INFO    |        多頭 FVG : 無 | 空頭 FVG : 無
2026-07-24 04:39:34 | INFO    | ----------------------------------------------------------------------
2026-07-24 04:40:52 | INFO    | [04:39:30] 價格: 44425.0 | 大結構趨勢 (5M): BULLISH
2026-07-24 04:40:52 | INFO    |        即時信號 : 無特殊信號
2026-07-24 04:40:52 | INFO    |        多頭 OB  : [44166.0 - 44207.0] | 空頭 OB  : [45168.0 - 45176.0]
2026-07-24 04:40:52 | INFO    |        多頭 FVG : 無 | 空頭 FVG : 無
2026-07-24 04:40:52 | INFO    | ----------------------------------------------------------------------
2026-07-24 04:40:55 | INFO    | 監控已手動終止。
2026-07-24 04:40:59 | INFO    | ============================================================
2026-07-24 04:40:59 | INFO    | SMC Monitor Logger 啟動 | log file: D:\Antigravity\smc-trading\logs\monitor_20260724.log
2026-07-24 04:40:59 | INFO    | ============================================================
2026-07-24 04:40:59 | INFO    | SMC 監控系統啟動 | mode=shioaji
2026-07-24 04:40:59 | INFO    | ============================================================
2026-07-24 04:40:59 | INFO    | 正在載入初始歷史數據，建立結構基礎...
2026-07-24 04:41:00 | INFO    | 成功自本地快取檔案 shioaji_TXFR1_2026-01-01_2026-07-02.csv 載入 1000 根真實 1M K 線歷史數據！
2026-07-24 04:41:00 | INFO    | 正在登入 Shioaji API 進行實時監控...
2026-07-24 04:41:00 | INFO    | 登入成功！正在取得台指期近月合約...
2026-07-24 04:41:00 | INFO    | 訂閱商品: TXFR1 - 臺股期貨近月
2026-07-24 04:41:00 | INFO    | 開始接收即時報價，按下 Ctrl+C 結束監控。
2026-07-24 04:41:00 | INFO    | ============================================================
2026-07-24 04:42:15 | INFO    | [04:41:02] 價格: 44420.0 | 大結構趨勢 (5M): NONE
2026-07-24 04:42:15 | INFO    |        即時信號 : 無特殊信號
2026-07-24 04:42:15 | INFO    |        多頭 OB  : [46220.0 - 46335.0] | 空頭 OB  : [46613.0 - 46674.0]
2026-07-24 04:42:15 | INFO    |        多頭 FVG : 無 | 空頭 FVG : [44422.0 - 46275.0]
2026-07-24 04:42:15 | INFO    | ----------------------------------------------------------------------
2026-07-24 04:43:36 | INFO    | [04:42:11] 價格: 44404.0 | 大結構趨勢 (5M): NONE
2026-07-24 04:43:36 | INFO    |        即時信號 : 無特殊信號
2026-07-24 04:43:36 | INFO    |        多頭 OB  : [46220.0 - 46335.0] | 空頭 OB  : [46613.0 - 46674.0]
2026-07-24 04:43:36 | INFO    |        多頭 FVG : 無 | 空頭 FVG : [44416.0 - 46299.0]
2026-07-24 04:43:36 | INFO    | ----------------------------------------------------------------------
2026-07-24 04:44:38 | INFO    | [04:43:32] 價格: 44407.0 | 大結構趨勢 (5M): NONE
2026-07-24 04:44:38 | INFO    |        即時信號 : 無特殊信號
2026-07-24 04:44:38 | INFO    |        多頭 OB  : [46220.0 - 46335.0] | 空頭 OB  : [46613.0 - 46674.0]
2026-07-24 04:44:38 | INFO    |        多頭 FVG : 無 | 空頭 FVG : [44410.0 - 44417.0]
2026-07-24 04:44:38 | INFO    | ----------------------------------------------------------------------
2026-07-24 04:45:47 | INFO    | [04:44:35] 價格: 44412.0 | 大結構趨勢 (5M): NONE
2026-07-24 04:45:47 | INFO    |        即時信號 : 無特殊信號
2026-07-24 04:45:47 | INFO    |        多頭 OB  : [46220.0 - 46335.0] | 空頭 OB  : [46613.0 - 46674.0]
2026-07-24 04:45:47 | INFO    |        多頭 FVG : 無 | 空頭 FVG : 無
2026-07-24 04:45:47 | INFO    | ----------------------------------------------------------------------
2026-07-24 04:47:08 | INFO    | [04:45:43] 價格: 44398.0 | 大結構趨勢 (5M): BEARISH
2026-07-24 04:47:08 | INFO    |        即時信號 : 無特殊信號
2026-07-24 04:47:08 | INFO    |        多頭 OB  : [46220.0 - 46335.0] | 空頭 OB  : [46613.0 - 46674.0]
2026-07-24 04:47:08 | INFO    |        多頭 FVG : 無 | 空頭 FVG : 無
2026-07-24 04:47:08 | INFO    | ----------------------------------------------------------------------
2026-07-24 04:48:11 | INFO    | [04:47:04] 價格: 44391.0 | 大結構趨勢 (5M): BEARISH
2026-07-24 04:48:11 | INFO    |        即時信號 : 無特殊信號
2026-07-24 04:48:11 | INFO    |        多頭 OB  : [46220.0 - 46335.0] | 空頭 OB  : [46613.0 - 46674.0]
2026-07-24 04:48:11 | INFO    |        多頭 FVG : 無 | 空頭 FVG : [44399.0 - 44405.0]
2026-07-24 04:48:11 | INFO    | ----------------------------------------------------------------------
2026-07-24 04:49:13 | INFO    | [04:48:07] 價格: 44395.0 | 大結構趨勢 (5M): BEARISH
2026-07-24 04:49:13 | INFO    |        即時信號 : 無特殊信號
2026-07-24 04:49:13 | INFO    |        多頭 OB  : [46220.0 - 46335.0] | 空頭 OB  : [46613.0 - 46674.0]
2026-07-24 04:49:13 | INFO    |        多頭 FVG : 無 | 空頭 FVG : [44395.0 - 44398.0]
2026-07-24 04:49:13 | INFO    | ----------------------------------------------------------------------
2026-07-24 04:50:30 | INFO    | [04:49:09] 價格: 44395.0 | 大結構趨勢 (5M): BEARISH
2026-07-24 04:50:30 | INFO    |        即時信號 : 無特殊信號
2026-07-24 04:50:30 | INFO    |        多頭 OB  : [46220.0 - 46335.0] | 空頭 OB  : [46613.0 - 46674.0]
2026-07-24 04:50:30 | INFO    |        多頭 FVG : 無 | 空頭 FVG : 無
2026-07-24 04:50:30 | INFO    | ----------------------------------------------------------------------
2026-07-24 04:51:31 | INFO    | [04:50:26] 價格: 44404.0 | 大結構趨勢 (5M): BEARISH
2026-07-24 04:51:31 | INFO    |        即時信號 : 無特殊信號
2026-07-24 04:51:31 | INFO    |        多頭 OB  : [46220.0 - 46335.0] | 空頭 OB  : [46613.0 - 46674.0]
2026-07-24 04:51:31 | INFO    |        多頭 FVG : 無 | 空頭 FVG : 無
2026-07-24 04:51:31 | INFO    | ----------------------------------------------------------------------
2026-07-24 04:52:34 | INFO    | [04:51:28] 價格: 44412.0 | 大結構趨勢 (5M): BEARISH
2026-07-24 04:52:34 | INFO    |        即時信號 : 無特殊信號
2026-07-24 04:52:34 | INFO    |        多頭 OB  : [46220.0 - 46335.0] | 空頭 OB  : [46613.0 - 46674.0]
2026-07-24 04:52:34 | INFO    |        多頭 FVG : 無 | 空頭 FVG : 無
2026-07-24 04:52:34 | INFO    | ----------------------------------------------------------------------
2026-07-24 04:54:08 | INFO    | [04:52:30] 價格: 44406.0 | 大結構趨勢 (5M): BEARISH
2026-07-24 04:54:08 | INFO    |        即時信號 : 無特殊信號
2026-07-24 04:54:08 | INFO    |        多頭 OB  : [46220.0 - 46335.0] | 空頭 OB  : [46613.0 - 46674.0]
2026-07-24 04:54:08 | INFO    |        多頭 FVG : 無 | 空頭 FVG : 無
2026-07-24 04:54:08 | INFO    | ----------------------------------------------------------------------
2026-07-24 04:55:25 | INFO    | [04:54:05] 價格: 44412.0 | 大結構趨勢 (5M): BEARISH
2026-07-24 04:55:25 | INFO    |        即時信號 : 無特殊信號
2026-07-24 04:55:25 | INFO    |        多頭 OB  : [46220.0 - 46335.0] | 空頭 OB  : [46613.0 - 46674.0]
2026-07-24 04:55:25 | INFO    |        多頭 FVG : 無 | 空頭 FVG : 無
2026-07-24 04:55:25 | INFO    | ----------------------------------------------------------------------
2026-07-24 04:56:32 | INFO    | [04:55:21] 價格: 44410.0 | 大結構趨勢 (5M): BEARISH
2026-07-24 04:56:32 | INFO    |        即時信號 : 無特殊信號
2026-07-24 04:56:32 | INFO    |        多頭 OB  : [46220.0 - 46335.0] | 空頭 OB  : [46613.0 - 46674.0]
2026-07-24 04:56:32 | INFO    |        多頭 FVG : 無 | 空頭 FVG : 無
2026-07-24 04:56:32 | INFO    | ----------------------------------------------------------------------
2026-07-24 04:58:03 | INFO    | [04:56:28] 價格: 44415.0 | 大結構趨勢 (5M): BEARISH
2026-07-24 04:58:03 | INFO    |        即時信號 : 無特殊信號
2026-07-24 04:58:03 | INFO    |        多頭 OB  : [46220.0 - 46335.0] | 空頭 OB  : [46613.0 - 46674.0]
2026-07-24 04:58:03 | INFO    |        多頭 FVG : 無 | 空頭 FVG : 無
2026-07-24 04:58:03 | INFO    | ----------------------------------------------------------------------
2026-07-24 04:59:03 | INFO    | [04:58:00] 價格: 44406.0 | 大結構趨勢 (5M): BEARISH
2026-07-24 04:59:03 | INFO    |        即時信號 : 無特殊信號
2026-07-24 04:59:03 | INFO    |        多頭 OB  : [46220.0 - 46335.0] | 空頭 OB  : [46613.0 - 46674.0]
2026-07-24 04:59:03 | INFO    |        多頭 FVG : 無 | 空頭 FVG : 無
2026-07-24 04:59:03 | INFO    | ----------------------------------------------------------------------
2026-07-24 08:30:19 | INFO    | [04:59:00] 價格: 44391.0 | 大結構趨勢 (5M): BEARISH
2026-07-24 08:30:19 | INFO    |        即時信號 : ★ [流動性掠奪] Sweep Low 形成！(買方防守)
2026-07-24 08:30:19 | INFO    |        多頭 OB  : [46220.0 - 46335.0] | 空頭 OB  : [46613.0 - 46674.0]
2026-07-24 08:30:19 | INFO    |        多頭 FVG : 無 | 空頭 FVG : [44407.0 - 44410.0]
2026-07-24 08:30:19 | INFO    | ----------------------------------------------------------------------
2026-07-24 08:30:19 | INFO    | [過濾] 偵測到信號但建議無效，已跳過發送 Telegram 通知。
2026-07-24 08:31:19 | INFO    | [08:30:15] 價格: 44519.0 | 大結構趨勢 (5M): BEARISH
2026-07-24 08:31:19 | INFO    |        即時信號 : ★★ [結構轉換] MSS Bullish 確立！趨勢轉多
2026-07-24 08:31:19 | INFO    |        多頭 OB  : [44386.0 - 44407.0] | 空頭 OB  : [46613.0 - 46674.0]
2026-07-24 08:31:19 | INFO    |        多頭 FVG : [44415.0 - 44487.0] | 空頭 FVG : 無
2026-07-24 08:31:19 | INFO    | ----------------------------------------------------------------------
2026-07-24 08:31:19 | INFO    | [過濾] 偵測到信號但建議無效，已跳過發送 Telegram 通知。
2026-07-24 08:32:19 | INFO    | [08:31:15] 價格: 44450.0 | 大結構趨勢 (5M): BEARISH
2026-07-24 08:32:19 | INFO    |        即時信號 : ★ [流動性掠奪] Sweep Low 形成！(買方防守)
2026-07-24 08:32:19 | INFO    |        多頭 OB  : [44350.0 - 44487.0] | 空頭 OB  : [46613.0 - 46674.0]
2026-07-24 08:32:19 | INFO    |        多頭 FVG : 無 | 空頭 FVG : 無
2026-07-24 08:32:19 | INFO    | ----------------------------------------------------------------------
2026-07-24 08:32:19 | INFO    | [過濾] 偵測到信號但建議無效，已跳過發送 Telegram 通知。
2026-07-24 08:33:19 | INFO    | [08:32:15] 價格: 44322.0 | 大結構趨勢 (5M): BEARISH
2026-07-24 08:33:19 | INFO    |        即時信號 : ★ [流動性掠奪] Sweep High 形成！(賣方防守)
2026-07-24 08:33:19 | INFO    |        多頭 OB  : [44350.0 - 44487.0] | 空頭 OB  : [44322.0 - 44450.0]
2026-07-24 08:33:19 | INFO    |        多頭 FVG : 無 | 空頭 FVG : [44450.0 - 44487.0]
2026-07-24 08:33:19 | INFO    | ----------------------------------------------------------------------
2026-07-24 08:33:19 | INFO    | [過濾] 偵測到信號但建議無效，已跳過發送 Telegram 通知。
2026-07-24 08:34:19 | INFO    | [08:33:15] 價格: 44322.0 | 大結構趨勢 (5M): BEARISH
2026-07-24 08:34:19 | INFO    |        即時信號 : 無特殊信號
2026-07-24 08:34:19 | INFO    |        多頭 OB  : [44350.0 - 44487.0] | 空頭 OB  : [44322.0 - 44450.0]
2026-07-24 08:34:19 | INFO    |        多頭 FVG : 無 | 空頭 FVG : [44322.0 - 44350.0]
2026-07-24 08:34:19 | INFO    | ----------------------------------------------------------------------
2026-07-24 08:35:19 | INFO    | [08:34:15] 價格: 44322.0 | 大結構趨勢 (5M): BEARISH
2026-07-24 08:35:19 | INFO    |        即時信號 : 無特殊信號
2026-07-24 08:35:19 | INFO    |        多頭 OB  : [44350.0 - 44487.0] | 空頭 OB  : [44322.0 - 44450.0]
2026-07-24 08:35:19 | INFO    |        多頭 FVG : 無 | 空頭 FVG : 無
2026-07-24 08:35:19 | INFO    | ----------------------------------------------------------------------
2026-07-24 08:36:19 | INFO    | [08:35:15] 價格: 44322.0 | 大結構趨勢 (5M): BEARISH
2026-07-24 08:36:19 | INFO    |        即時信號 : 無特殊信號
2026-07-24 08:36:19 | INFO    |        多頭 OB  : [44350.0 - 44487.0] | 空頭 OB  : [44322.0 - 44450.0]
2026-07-24 08:36:19 | INFO    |        多頭 FVG : 無 | 空頭 FVG : 無
2026-07-24 08:36:19 | INFO    | ----------------------------------------------------------------------
2026-07-24 08:37:19 | INFO    | [08:36:15] 價格: 44322.0 | 大結構趨勢 (5M): BEARISH
2026-07-24 08:37:19 | INFO    |        即時信號 : 無特殊信號
2026-07-24 08:37:19 | INFO    |        多頭 OB  : [44350.0 - 44487.0] | 空頭 OB  : [44322.0 - 44450.0]
2026-07-24 08:37:19 | INFO    |        多頭 FVG : 無 | 空頭 FVG : 無
2026-07-24 08:37:19 | INFO    | ----------------------------------------------------------------------
2026-07-24 08:38:19 | INFO    | [08:37:15] 價格: 44322.0 | 大結構趨勢 (5M): BEARISH
2026-07-24 08:38:19 | INFO    |        即時信號 : 無特殊信號
2026-07-24 08:38:19 | INFO    |        多頭 OB  : [44350.0 - 44487.0] | 空頭 OB  : [44322.0 - 44450.0]
2026-07-24 08:38:19 | INFO    |        多頭 FVG : 無 | 空頭 FVG : 無
2026-07-24 08:38:19 | INFO    | ----------------------------------------------------------------------
2026-07-24 08:39:19 | INFO    | [08:38:15] 價格: 44322.0 | 大結構趨勢 (5M): BEARISH
2026-07-24 08:39:19 | INFO    |        即時信號 : 無特殊信號
2026-07-24 08:39:19 | INFO    |        多頭 OB  : [44350.0 - 44487.0] | 空頭 OB  : [44322.0 - 44450.0]
2026-07-24 08:39:19 | INFO    |        多頭 FVG : 無 | 空頭 FVG : 無
2026-07-24 08:39:19 | INFO    | ----------------------------------------------------------------------
2026-07-24 08:40:19 | INFO    | [08:39:15] 價格: 44322.0 | 大結構趨勢 (5M): BEARISH
2026-07-24 08:40:19 | INFO    |        即時信號 : 無特殊信號
2026-07-24 08:40:19 | INFO    |        多頭 OB  : [44350.0 - 44487.0] | 空頭 OB  : [44322.0 - 44450.0]
2026-07-24 08:40:19 | INFO    |        多頭 FVG : 無 | 空頭 FVG : 無
2026-07-24 08:40:19 | INFO    | ----------------------------------------------------------------------
2026-07-24 08:41:19 | INFO    | [08:40:15] 價格: 44322.0 | 大結構趨勢 (5M): BEARISH
2026-07-24 08:41:19 | INFO    |        即時信號 : 無特殊信號
2026-07-24 08:41:19 | INFO    |        多頭 OB  : [44350.0 - 44487.0] | 空頭 OB  : [44322.0 - 44450.0]
2026-07-24 08:41:19 | INFO    |        多頭 FVG : 無 | 空頭 FVG : 無
2026-07-24 08:41:19 | INFO    | ----------------------------------------------------------------------
2026-07-24 08:42:19 | INFO    | [08:41:15] 價格: 44322.0 | 大結構趨勢 (5M): BEARISH
2026-07-24 08:42:19 | INFO    |        即時信號 : 無特殊信號
2026-07-24 08:42:19 | INFO    |        多頭 OB  : [44350.0 - 44487.0] | 空頭 OB  : [44322.0 - 44450.0]
2026-07-24 08:42:19 | INFO    |        多頭 FVG : 無 | 空頭 FVG : 無
2026-07-24 08:42:19 | INFO    | ----------------------------------------------------------------------
2026-07-24 08:43:19 | INFO    | [08:42:15] 價格: 44322.0 | 大結構趨勢 (5M): BEARISH
2026-07-24 08:43:19 | INFO    |        即時信號 : 無特殊信號
2026-07-24 08:43:19 | INFO    |        多頭 OB  : [44350.0 - 44487.0] | 空頭 OB  : [44322.0 - 44450.0]
2026-07-24 08:43:19 | INFO    |        多頭 FVG : 無 | 空頭 FVG : 無
2026-07-24 08:43:19 | INFO    | ----------------------------------------------------------------------
2026-07-24 08:44:19 | INFO    | [08:43:15] 價格: 44322.0 | 大結構趨勢 (5M): BEARISH
2026-07-24 08:44:19 | INFO    |        即時信號 : 無特殊信號
2026-07-24 08:44:19 | INFO    |        多頭 OB  : [44350.0 - 44487.0] | 空頭 OB  : [44322.0 - 44450.0]
2026-07-24 08:44:19 | INFO    |        多頭 FVG : 無 | 空頭 FVG : 無
2026-07-24 08:44:19 | INFO    | ----------------------------------------------------------------------
2026-07-24 08:45:19 | INFO    | [08:44:15] 價格: 44210.0 | 大結構趨勢 (5M): BEARISH
2026-07-24 08:45:19 | INFO    |        即時信號 : 無特殊信號
2026-07-24 08:45:19 | INFO    |        多頭 OB  : [44350.0 - 44487.0] | 空頭 OB  : [44322.0 - 44450.0]
2026-07-24 08:45:19 | INFO    |        多頭 FVG : 無 | 空頭 FVG : 無
2026-07-24 08:45:19 | INFO    | ----------------------------------------------------------------------
2026-07-24 08:46:22 | INFO    | [08:45:15] 價格: 44223.0 | 大結構趨勢 (5M): BEARISH
2026-07-24 08:46:22 | INFO    |        即時信號 : 無特殊信號
2026-07-24 08:46:22 | INFO    |        多頭 OB  : [44350.0 - 44487.0] | 空頭 OB  : [44322.0 - 44450.0]
2026-07-24 08:46:22 | INFO    |        多頭 FVG : 無 | 空頭 FVG : [44263.0 - 44322.0]
2026-07-24 08:46:22 | INFO    | ----------------------------------------------------------------------
2026-07-24 08:47:25 | INFO    | [08:46:17] 價格: 44251.0 | 大結構趨勢 (5M): BEARISH
2026-07-24 08:47:25 | INFO    |        即時信號 : 無特殊信號
2026-07-24 08:47:25 | INFO    |        多頭 OB  : [44350.0 - 44487.0] | 空頭 OB  : [44322.0 - 44450.0]
2026-07-24 08:47:25 | INFO    |        多頭 FVG : 無 | 空頭 FVG : 無
2026-07-24 08:47:25 | INFO    | ----------------------------------------------------------------------
2026-07-24 08:48:26 | INFO    | [08:47:21] 價格: 44317.0 | 大結構趨勢 (5M): BEARISH
2026-07-24 08:48:26 | INFO    |        即時信號 : 無特殊信號
2026-07-24 08:48:26 | INFO    |        多頭 OB  : [44350.0 - 44487.0] | 空頭 OB  : [44322.0 - 44450.0]
2026-07-24 08:48:26 | INFO    |        多頭 FVG : 無 | 空頭 FVG : 無
2026-07-24 08:48:26 | INFO    | ----------------------------------------------------------------------
2026-07-24 08:49:26 | INFO    | [08:48:21] 價格: 44230.0 | 大結構趨勢 (5M): BEARISH
2026-07-24 08:49:26 | INFO    |        即時信號 : 無特殊信號
2026-07-24 08:49:26 | INFO    |        多頭 OB  : [44350.0 - 44487.0] | 空頭 OB  : [44322.0 - 44450.0]
2026-07-24 08:49:26 | INFO    |        多頭 FVG : 無 | 空頭 FVG : 無
2026-07-24 08:49:26 | INFO    | ----------------------------------------------------------------------
2026-07-24 08:50:26 | INFO    | [08:49:21] 價格: 44250.0 | 大結構趨勢 (5M): BEARISH
2026-07-24 08:50:26 | INFO    |        即時信號 : 無特殊信號
2026-07-24 08:50:26 | INFO    |        多頭 OB  : [44350.0 - 44487.0] | 空頭 OB  : [44322.0 - 44450.0]
2026-07-24 08:50:26 | INFO    |        多頭 FVG : 無 | 空頭 FVG : 無
2026-07-24 08:50:26 | INFO    | ----------------------------------------------------------------------
2026-07-24 08:51:26 | INFO    | [08:50:22] 價格: 44258.0 | 大結構趨勢 (5M): BEARISH
2026-07-24 08:51:26 | INFO    |        即時信號 : 無特殊信號
2026-07-24 08:51:26 | INFO    |        多頭 OB  : [44350.0 - 44487.0] | 空頭 OB  : [44322.0 - 44450.0]
2026-07-24 08:51:26 | INFO    |        多頭 FVG : 無 | 空頭 FVG : 無
2026-07-24 08:51:26 | INFO    | ----------------------------------------------------------------------
2026-07-24 08:52:29 | INFO    | [08:51:22] 價格: 44257.0 | 大結構趨勢 (5M): BEARISH
2026-07-24 08:52:29 | INFO    |        即時信號 : 無特殊信號
2026-07-24 08:52:29 | INFO    |        多頭 OB  : [44350.0 - 44487.0] | 空頭 OB  : [44322.0 - 44450.0]
2026-07-24 08:52:29 | INFO    |        多頭 FVG : 無 | 空頭 FVG : 無
2026-07-24 08:52:29 | INFO    | ----------------------------------------------------------------------
2026-07-24 08:53:30 | INFO    | [08:52:24] 價格: 44272.0 | 大結構趨勢 (5M): BEARISH
2026-07-24 08:53:30 | INFO    |        即時信號 : 無特殊信號
2026-07-24 08:53:30 | INFO    |        多頭 OB  : [44350.0 - 44487.0] | 空頭 OB  : [44322.0 - 44450.0]
2026-07-24 08:53:30 | INFO    |        多頭 FVG : 無 | 空頭 FVG : 無
2026-07-24 08:53:30 | INFO    | ----------------------------------------------------------------------
2026-07-24 08:54:31 | INFO    | [08:53:25] 價格: 44204.0 | 大結構趨勢 (5M): BEARISH
2026-07-24 08:54:31 | INFO    |        即時信號 : 無特殊信號
2026-07-24 08:54:31 | INFO    |        多頭 OB  : [44350.0 - 44487.0] | 空頭 OB  : [44322.0 - 44450.0]
2026-07-24 08:54:31 | INFO    |        多頭 FVG : 無 | 空頭 FVG : 無
2026-07-24 08:54:31 | INFO    | ----------------------------------------------------------------------
2026-07-24 08:55:35 | INFO    | [08:54:26] 價格: 44193.0 | 大結構趨勢 (5M): BEARISH
2026-07-24 08:55:35 | INFO    |        即時信號 : 無特殊信號
2026-07-24 08:55:35 | INFO    |        多頭 OB  : [44350.0 - 44487.0] | 空頭 OB  : [44322.0 - 44450.0]
2026-07-24 08:55:35 | INFO    |        多頭 FVG : 無 | 空頭 FVG : [44216.0 - 44250.0]
2026-07-24 08:55:35 | INFO    | ----------------------------------------------------------------------
2026-07-24 08:56:35 | INFO    | [08:55:30] 價格: 44188.0 | 大結構趨勢 (5M): BEARISH
2026-07-24 08:56:35 | INFO    |        即時信號 : 無特殊信號
2026-07-24 08:56:35 | INFO    |        多頭 OB  : [44350.0 - 44487.0] | 空頭 OB  : [44322.0 - 44450.0]
2026-07-24 08:56:35 | INFO    |        多頭 FVG : 無 | 空頭 FVG : 無
2026-07-24 08:56:35 | INFO    | ----------------------------------------------------------------------
2026-07-24 08:57:35 | INFO    | [08:56:30] 價格: 44210.0 | 大結構趨勢 (5M): BEARISH
2026-07-24 08:57:35 | INFO    |        即時信號 : 無特殊信號
2026-07-24 08:57:35 | INFO    |        多頭 OB  : [44350.0 - 44487.0] | 空頭 OB  : [44322.0 - 44450.0]
2026-07-24 08:57:35 | INFO    |        多頭 FVG : 無 | 空頭 FVG : 無
2026-07-24 08:57:35 | INFO    | ----------------------------------------------------------------------
2026-07-24 08:58:35 | INFO    | [08:57:30] 價格: 44214.0 | 大結構趨勢 (5M): BEARISH
2026-07-24 08:58:35 | INFO    |        即時信號 : 無特殊信號
2026-07-24 08:58:35 | INFO    |        多頭 OB  : [44350.0 - 44487.0] | 空頭 OB  : [44322.0 - 44450.0]
2026-07-24 08:58:35 | INFO    |        多頭 FVG : 無 | 空頭 FVG : 無
2026-07-24 08:58:35 | INFO    | ----------------------------------------------------------------------
2026-07-24 08:59:40 | INFO    | [08:58:31] 價格: 44179.0 | 大結構趨勢 (5M): BEARISH
2026-07-24 08:59:40 | INFO    |        即時信號 : ★ [流動性掠奪] Sweep Low 形成！(買方防守)
2026-07-24 08:59:40 | INFO    |        多頭 OB  : [44350.0 - 44487.0] | 空頭 OB  : [44322.0 - 44450.0]
2026-07-24 08:59:40 | INFO    |        多頭 FVG : 無 | 空頭 FVG : 無
2026-07-24 08:59:40 | INFO    | ----------------------------------------------------------------------
2026-07-24 08:59:40 | INFO    | [過濾] 偵測到信號但建議無效，已跳過發送 Telegram 通知。
2026-07-24 09:00:41 | INFO    | [08:59:36] 價格: 44227.0 | 大結構趨勢 (5M): BEARISH
2026-07-24 09:00:41 | INFO    |        即時信號 : ★ [流動性掠奪] Sweep Low 形成！(買方防守)
2026-07-24 09:00:41 | INFO    |        多頭 OB  : [44350.0 - 44487.0] | 空頭 OB  : [44322.0 - 44450.0]
2026-07-24 09:00:41 | INFO    |        多頭 FVG : 無 | 空頭 FVG : 無
2026-07-24 09:00:41 | INFO    | ----------------------------------------------------------------------
2026-07-24 09:00:41 | INFO    | [過濾] 偵測到信號但建議無效，已跳過發送 Telegram 通知。
2026-07-24 09:01:41 | INFO    | [09:00:36] 價格: 44130.0 | 大結構趨勢 (5M): BEARISH
2026-07-24 09:01:41 | INFO    |        即時信號 : 無特殊信號
2026-07-24 09:01:41 | INFO    |        多頭 OB  : [44350.0 - 44487.0] | 空頭 OB  : [44322.0 - 44450.0]
2026-07-24 09:01:41 | INFO    |        多頭 FVG : 無 | 空頭 FVG : 無
2026-07-24 09:01:41 | INFO    | ----------------------------------------------------------------------
2026-07-24 09:02:41 | INFO    | [09:01:36] 價格: 44140.0 | 大結構趨勢 (5M): BEARISH
2026-07-24 09:02:41 | INFO    |        即時信號 : 無特殊信號
2026-07-24 09:02:41 | INFO    |        多頭 OB  : [44350.0 - 44487.0] | 空頭 OB  : [44322.0 - 44450.0]
2026-07-24 09:02:41 | INFO    |        多頭 FVG : 無 | 空頭 FVG : 無
2026-07-24 09:02:41 | INFO    | ----------------------------------------------------------------------
2026-07-24 09:03:41 | INFO    | [09:02:37] 價格: 44089.0 | 大結構趨勢 (5M): BEARISH
2026-07-24 09:03:41 | INFO    |        即時信號 : 無特殊信號
2026-07-24 09:03:41 | INFO    |        多頭 OB  : [44350.0 - 44487.0] | 空頭 OB  : [44322.0 - 44450.0]
2026-07-24 09:03:41 | INFO    |        多頭 FVG : 無 | 空頭 FVG : 無
2026-07-24 09:03:41 | INFO    | ----------------------------------------------------------------------
2026-07-24 09:04:42 | INFO    | [09:03:37] 價格: 44211.0 | 大結構趨勢 (5M): BEARISH
2026-07-24 09:04:42 | INFO    |        即時信號 : ★ [流動性掠奪] Sweep Low 形成！(買方防守)
2026-07-24 09:04:42 | INFO    |        多頭 OB  : [44350.0 - 44487.0] | 空頭 OB  : [44322.0 - 44450.0]
2026-07-24 09:04:42 | INFO    |        多頭 FVG : 無 | 空頭 FVG : 無
2026-07-24 09:04:42 | INFO    | ----------------------------------------------------------------------
2026-07-24 09:04:42 | INFO    | [過濾] 偵測到信號但建議無效，已跳過發送 Telegram 通知。
2026-07-24 09:05:42 | INFO    | [09:04:37] 價格: 44293.0 | 大結構趨勢 (5M): BEARISH
2026-07-24 09:05:42 | INFO    |        即時信號 : ★★ [結構轉換] MSS Bullish 確立！趨勢轉多
2026-07-24 09:05:42 | INFO    |        多頭 OB  : [44066.0 - 44216.0] | 空頭 OB  : [44322.0 - 44450.0]
2026-07-24 09:05:42 | INFO    |        多頭 FVG : [44153.0 - 44194.0] | 空頭 FVG : 無
2026-07-24 09:05:42 | INFO    | ----------------------------------------------------------------------
2026-07-24 09:05:42 | SIGNAL  | 訊號觸發，發送 Telegram 通知: ★★ [結構轉換] MSS Bullish 確立 (多頭訊號)！
2026-07-24 09:05:43 | INFO    | [Telegram] 訊息發送成功 | chat_id=-1004387856503
2026-07-24 09:06:42 | INFO    | [09:05:37] 價格: 44336.0 | 大結構趨勢 (5M): BEARISH
2026-07-24 09:06:42 | INFO    |        即時信號 : 無特殊信號
2026-07-24 09:06:42 | INFO    |        多頭 OB  : [44066.0 - 44216.0] | 空頭 OB  : [44322.0 - 44450.0]
2026-07-24 09:06:42 | INFO    |        多頭 FVG : [44216.0 - 44282.0] | 空頭 FVG : 無
2026-07-24 09:06:42 | INFO    | ----------------------------------------------------------------------
2026-07-24 09:07:42 | INFO    | [09:06:37] 價格: 44328.0 | 大結構趨勢 (5M): BEARISH
2026-07-24 09:07:42 | INFO    |        即時信號 : 無特殊信號
2026-07-24 09:07:42 | INFO    |        多頭 OB  : [44066.0 - 44216.0] | 空頭 OB  : [44322.0 - 44450.0]
2026-07-24 09:07:42 | INFO    |        多頭 FVG : 無 | 空頭 FVG : 無
2026-07-24 09:07:42 | INFO    | ----------------------------------------------------------------------
2026-07-24 09:08:43 | INFO    | [09:07:38] 價格: 44353.0 | 大結構趨勢 (5M): BEARISH
2026-07-24 09:08:43 | INFO    |        即時信號 : 無特殊信號
2026-07-24 09:08:43 | INFO    |        多頭 OB  : [44066.0 - 44216.0] | 空頭 OB  : [44322.0 - 44450.0]
2026-07-24 09:08:43 | INFO    |        多頭 FVG : 無 | 空頭 FVG : 無
2026-07-24 09:08:43 | INFO    | ----------------------------------------------------------------------
2026-07-24 09:09:44 | INFO    | [09:08:38] 價格: 44364.0 | 大結構趨勢 (5M): BEARISH
2026-07-24 09:09:44 | INFO    |        即時信號 : 無特殊信號
2026-07-24 09:09:44 | INFO    |        多頭 OB  : [44066.0 - 44216.0] | 空頭 OB  : [44322.0 - 44450.0]
2026-07-24 09:09:44 | INFO    |        多頭 FVG : 無 | 空頭 FVG : 無
2026-07-24 09:09:44 | INFO    | ----------------------------------------------------------------------
2026-07-24 09:10:44 | INFO    | [09:09:39] 價格: 44305.0 | 大結構趨勢 (5M): BEARISH
2026-07-24 09:10:44 | INFO    |        即時信號 : 無特殊信號
2026-07-24 09:10:44 | INFO    |        多頭 OB  : [44066.0 - 44216.0] | 空頭 OB  : [44322.0 - 44450.0]
2026-07-24 09:10:44 | INFO    |        多頭 FVG : 無 | 空頭 FVG : 無
2026-07-24 09:10:44 | INFO    | ----------------------------------------------------------------------
2026-07-24 09:11:44 | INFO    | [09:10:39] 價格: 44252.0 | 大結構趨勢 (5M): BEARISH
2026-07-24 09:11:44 | INFO    |        即時信號 : 無特殊信號
2026-07-24 09:11:44 | INFO    |        多頭 OB  : [44066.0 - 44216.0] | 空頭 OB  : [44322.0 - 44450.0]
2026-07-24 09:11:44 | INFO    |        多頭 FVG : 無 | 空頭 FVG : [44301.0 - 44342.0]
2026-07-24 09:11:44 | INFO    | ----------------------------------------------------------------------
2026-07-24 09:12:44 | INFO    | [09:11:39] 價格: 44323.0 | 大結構趨勢 (5M): BEARISH
2026-07-24 09:12:44 | INFO    |        即時信號 : 無特殊信號
2026-07-24 09:12:44 | INFO    |        多頭 OB  : [44066.0 - 44216.0] | 空頭 OB  : [44322.0 - 44450.0]
2026-07-24 09:12:44 | INFO    |        多頭 FVG : 無 | 空頭 FVG : 無
2026-07-24 09:12:44 | INFO    | ----------------------------------------------------------------------
2026-07-24 09:13:44 | INFO    | [09:12:39] 價格: 44321.0 | 大結構趨勢 (5M): BEARISH
2026-07-24 09:13:44 | INFO    |        即時信號 : 無特殊信號
2026-07-24 09:13:44 | INFO    |        多頭 OB  : [44066.0 - 44216.0] | 空頭 OB  : [44322.0 - 44450.0]
2026-07-24 09:13:44 | INFO    |        多頭 FVG : [44301.0 - 44304.0] | 空頭 FVG : 無
2026-07-24 09:13:44 | INFO    | ----------------------------------------------------------------------
2026-07-24 09:14:45 | INFO    | [09:13:40] 價格: 44256.0 | 大結構趨勢 (5M): BEARISH
2026-07-24 09:14:45 | INFO    |        即時信號 : 無特殊信號
2026-07-24 09:14:45 | INFO    |        多頭 OB  : [44066.0 - 44216.0] | 空頭 OB  : [44322.0 - 44450.0]
2026-07-24 09:14:45 | INFO    |        多頭 FVG : 無 | 空頭 FVG : 無
2026-07-24 09:14:45 | INFO    | ----------------------------------------------------------------------
2026-07-24 09:15:47 | INFO    | [09:14:40] 價格: 44194.0 | 大結構趨勢 (5M): BEARISH
2026-07-24 09:15:47 | INFO    |        即時信號 : 無特殊信號
2026-07-24 09:15:47 | INFO    |        多頭 OB  : [44066.0 - 44216.0] | 空頭 OB  : [44322.0 - 44450.0]
2026-07-24 09:15:47 | INFO    |        多頭 FVG : 無 | 空頭 FVG : [44256.0 - 44304.0]
2026-07-24 09:15:47 | INFO    | ----------------------------------------------------------------------
2026-07-24 09:16:47 | INFO    | [09:15:42] 價格: 44276.0 | 大結構趨勢 (5M): BEARISH
2026-07-24 09:16:47 | INFO    |        即時信號 : ★ [流動性掠奪] Sweep Low 形成！(買方防守)
2026-07-24 09:16:47 | INFO    |        多頭 OB  : [44066.0 - 44216.0] | 空頭 OB  : [44322.0 - 44450.0]
2026-07-24 09:16:47 | INFO    |        多頭 FVG : 無 | 空頭 FVG : 無
2026-07-24 09:16:47 | INFO    | ----------------------------------------------------------------------
2026-07-24 09:16:47 | SIGNAL  | 訊號觸發，發送 Telegram 通知: ★ [流動性掠奪] Sweep Low 形成 (多頭訊號)！
2026-07-24 09:16:48 | INFO    | [Telegram] 訊息發送成功 | chat_id=-1004387856503
2026-07-24 09:17:48 | INFO    | [09:16:42] 價格: 44284.0 | 大結構趨勢 (5M): BEARISH
2026-07-24 09:17:48 | INFO    |        即時信號 : ★ [流動性掠奪] Sweep Low 形成！(買方防守)
2026-07-24 09:17:48 | INFO    |        多頭 OB  : [44066.0 - 44216.0] | 空頭 OB  : [44322.0 - 44450.0]
2026-07-24 09:17:48 | INFO    |        多頭 FVG : 無 | 空頭 FVG : 無
2026-07-24 09:17:48 | INFO    | ----------------------------------------------------------------------
2026-07-24 09:17:48 | SIGNAL  | 訊號觸發，發送 Telegram 通知: ★ [流動性掠奪] Sweep Low 形成 (多頭訊號)！
2026-07-24 09:17:50 | INFO    | [Telegram] 訊息發送成功 | chat_id=-1004387856503
2026-07-24 09:18:49 | INFO    | [09:17:44] 價格: 44232.0 | 大結構趨勢 (5M): BEARISH
2026-07-24 09:18:49 | INFO    |        即時信號 : 無特殊信號
2026-07-24 09:18:49 | INFO    |        多頭 OB  : [44066.0 - 44216.0] | 空頭 OB  : [44322.0 - 44450.0]
2026-07-24 09:18:49 | INFO    |        多頭 FVG : 無 | 空頭 FVG : 無
2026-07-24 09:18:49 | INFO    | ----------------------------------------------------------------------
2026-07-24 09:19:50 | INFO    | [09:18:44] 價格: 44283.0 | 大結構趨勢 (5M): BEARISH
2026-07-24 09:19:50 | INFO    |        即時信號 : 無特殊信號
2026-07-24 09:19:50 | INFO    |        多頭 OB  : [44066.0 - 44216.0] | 空頭 OB  : [44322.0 - 44450.0]
2026-07-24 09:19:50 | INFO    |        多頭 FVG : 無 | 空頭 FVG : 無
2026-07-24 09:19:50 | INFO    | ----------------------------------------------------------------------
2026-07-24 09:20:50 | INFO    | [09:19:45] 價格: 44304.0 | 大結構趨勢 (5M): BEARISH
2026-07-24 09:20:50 | INFO    |        即時信號 : 無特殊信號
2026-07-24 09:20:50 | INFO    |        多頭 OB  : [44066.0 - 44216.0] | 空頭 OB  : [44322.0 - 44450.0]
2026-07-24 09:20:50 | INFO    |        多頭 FVG : 無 | 空頭 FVG : 無
2026-07-24 09:20:50 | INFO    | ----------------------------------------------------------------------
2026-07-24 09:21:50 | INFO    | [09:20:45] 價格: 44293.0 | 大結構趨勢 (5M): BEARISH
2026-07-24 09:21:50 | INFO    |        即時信號 : 無特殊信號
2026-07-24 09:21:50 | INFO    |        多頭 OB  : [44066.0 - 44216.0] | 空頭 OB  : [44322.0 - 44450.0]
2026-07-24 09:21:50 | INFO    |        多頭 FVG : 無 | 空頭 FVG : 無
2026-07-24 09:21:50 | INFO    | ----------------------------------------------------------------------
2026-07-24 09:22:51 | INFO    | [09:21:45] 價格: 44303.0 | 大結構趨勢 (5M): BEARISH
2026-07-24 09:22:51 | INFO    |        即時信號 : 無特殊信號
2026-07-24 09:22:51 | INFO    |        多頭 OB  : [44066.0 - 44216.0] | 空頭 OB  : [44322.0 - 44450.0]
2026-07-24 09:22:51 | INFO    |        多頭 FVG : 無 | 空頭 FVG : 無
2026-07-24 09:22:51 | INFO    | ----------------------------------------------------------------------
2026-07-24 09:23:51 | INFO    | [09:22:46] 價格: 44268.0 | 大結構趨勢 (5M): BEARISH
2026-07-24 09:23:51 | INFO    |        即時信號 : 無特殊信號
2026-07-24 09:23:51 | INFO    |        多頭 OB  : [44066.0 - 44216.0] | 空頭 OB  : [44322.0 - 44450.0]
2026-07-24 09:23:51 | INFO    |        多頭 FVG : 無 | 空頭 FVG : 無
2026-07-24 09:23:51 | INFO    | ----------------------------------------------------------------------
2026-07-24 09:24:51 | INFO    | [09:23:46] 價格: 44317.0 | 大結構趨勢 (5M): BEARISH
2026-07-24 09:24:51 | INFO    |        即時信號 : 無特殊信號
2026-07-24 09:24:51 | INFO    |        多頭 OB  : [44066.0 - 44216.0] | 空頭 OB  : [44322.0 - 44450.0]
2026-07-24 09:24:51 | INFO    |        多頭 FVG : 無 | 空頭 FVG : 無
2026-07-24 09:24:51 | INFO    | ----------------------------------------------------------------------
2026-07-24 09:25:52 | INFO    | [09:24:46] 價格: 44394.0 | 大結構趨勢 (5M): BEARISH
2026-07-24 09:25:52 | INFO    |        即時信號 : ★ [流動性掠奪] Sweep High 形成！(賣方防守)
2026-07-24 09:25:52 | INFO    |        多頭 OB  : [44066.0 - 44216.0] | 空頭 OB  : [44322.0 - 44450.0]
2026-07-24 09:25:52 | INFO    |        多頭 FVG : 無 | 空頭 FVG : 無
2026-07-24 09:25:52 | INFO    | ----------------------------------------------------------------------
2026-07-24 09:25:52 | INFO    | [過濾] 偵測到信號但建議無效，已跳過發送 Telegram 通知。
2026-07-24 09:26:52 | INFO    | [09:25:47] 價格: 44471.0 | 大結構趨勢 (5M): BEARISH
2026-07-24 09:26:52 | INFO    |        即時信號 : ★★ [結構轉換] MSS Bullish 確立！趨勢轉多
2026-07-24 09:26:52 | INFO    |        多頭 OB  : [44249.0 - 44330.0] | 空頭 OB  : [44322.0 - 44450.0]
2026-07-24 09:26:52 | INFO    |        多頭 FVG : [44321.0 - 44394.0] | 空頭 FVG : 無
2026-07-24 09:26:52 | INFO    | ----------------------------------------------------------------------
2026-07-24 09:26:52 | INFO    | [過濾] 偵測到信號但建議無效，已跳過發送 Telegram 通知。
2026-07-24 09:27:52 | INFO    | [09:26:47] 價格: 44417.0 | 大結構趨勢 (5M): BEARISH
2026-07-24 09:27:52 | INFO    |        即時信號 : 無特殊信號
2026-07-24 09:27:52 | INFO    |        多頭 OB  : [44249.0 - 44330.0] | 空頭 OB  : [44322.0 - 44450.0]
2026-07-24 09:27:52 | INFO    |        多頭 FVG : 無 | 空頭 FVG : 無
2026-07-24 09:27:52 | INFO    | ----------------------------------------------------------------------
2026-07-24 09:28:56 | INFO    | [09:27:47] 價格: 44370.0 | 大結構趨勢 (5M): BEARISH
2026-07-24 09:28:56 | INFO    |        即時信號 : ★ [流動性掠奪] Sweep High 形成！(賣方防守)
2026-07-24 09:28:56 | INFO    |        多頭 OB  : [44249.0 - 44330.0] | 空頭 OB  : [44322.0 - 44450.0]
2026-07-24 09:28:56 | INFO    |        多頭 FVG : 無 | 空頭 FVG : 無
2026-07-24 09:28:56 | INFO    | ----------------------------------------------------------------------
2026-07-24 09:28:56 | SIGNAL  | 訊號觸發，發送 Telegram 通知: ★ [流動性掠奪] Sweep High 形成 (空頭訊號)！
2026-07-24 09:28:57 | INFO    | [Telegram] 訊息發送成功 | chat_id=-1004387856503
2026-07-24 09:29:57 | INFO    | [09:28:51] 價格: 44372.0 | 大結構趨勢 (5M): BEARISH
2026-07-24 09:29:57 | INFO    |        即時信號 : 無特殊信號
2026-07-24 09:29:57 | INFO    |        多頭 OB  : [44249.0 - 44330.0] | 空頭 OB  : [44322.0 - 44450.0]
2026-07-24 09:29:57 | INFO    |        多頭 FVG : 無 | 空頭 FVG : [44388.0 - 44389.0]
2026-07-24 09:29:57 | INFO    | ----------------------------------------------------------------------
2026-07-24 09:30:57 | INFO    | [09:29:52] 價格: 44398.0 | 大結構趨勢 (5M): BEARISH
2026-07-24 09:30:57 | INFO    |        即時信號 : 無特殊信號
2026-07-24 09:30:57 | INFO    |        多頭 OB  : [44249.0 - 44330.0] | 空頭 OB  : [44322.0 - 44450.0]
2026-07-24 09:30:57 | INFO    |        多頭 FVG : 無 | 空頭 FVG : 無
2026-07-24 09:30:57 | INFO    | ----------------------------------------------------------------------
2026-07-24 09:31:58 | INFO    | [09:30:52] 價格: 44378.0 | 大結構趨勢 (5M): BEARISH
2026-07-24 09:31:58 | INFO    |        即時信號 : 無特殊信號
2026-07-24 09:31:58 | INFO    |        多頭 OB  : [44249.0 - 44330.0] | 空頭 OB  : [44322.0 - 44450.0]
2026-07-24 09:31:58 | INFO    |        多頭 FVG : 無 | 空頭 FVG : 無
2026-07-24 09:31:58 | INFO    | ----------------------------------------------------------------------
2026-07-24 09:32:59 | INFO    | [09:31:53] 價格: 44366.0 | 大結構趨勢 (5M): BEARISH
2026-07-24 09:32:59 | INFO    |        即時信號 : 無特殊信號
2026-07-24 09:32:59 | INFO    |        多頭 OB  : [44249.0 - 44330.0] | 空頭 OB  : [44322.0 - 44450.0]
2026-07-24 09:32:59 | INFO    |        多頭 FVG : 無 | 空頭 FVG : 無
2026-07-24 09:32:59 | INFO    | ----------------------------------------------------------------------
2026-07-24 09:33:59 | INFO    | [09:32:54] 價格: 44475.0 | 大結構趨勢 (5M): BEARISH
2026-07-24 09:33:59 | INFO    |        即時信號 : 無特殊信號
2026-07-24 09:33:59 | INFO    |        多頭 OB  : [44249.0 - 44330.0] | 空頭 OB  : [44322.0 - 44450.0]
2026-07-24 09:33:59 | INFO    |        多頭 FVG : 無 | 空頭 FVG : 無
2026-07-24 09:33:59 | INFO    | ----------------------------------------------------------------------
2026-07-24 09:34:59 | INFO    | [09:33:54] 價格: 44442.0 | 大結構趨勢 (5M): BEARISH
2026-07-24 09:34:59 | INFO    |        即時信號 : 無特殊信號
2026-07-24 09:34:59 | INFO    |        多頭 OB  : [44249.0 - 44330.0] | 空頭 OB  : [44322.0 - 44450.0]
2026-07-24 09:34:59 | INFO    |        多頭 FVG : [44390.0 - 44432.0] | 空頭 FVG : 無
2026-07-24 09:34:59 | INFO    | ----------------------------------------------------------------------
2026-07-24 09:35:59 | INFO    | [09:34:54] 價格: 44412.0 | 大結構趨勢 (5M): BEARISH
2026-07-24 09:35:59 | INFO    |        即時信號 : 無特殊信號
2026-07-24 09:35:59 | INFO    |        多頭 OB  : [44249.0 - 44330.0] | 空頭 OB  : [44322.0 - 44450.0]
2026-07-24 09:35:59 | INFO    |        多頭 FVG : 無 | 空頭 FVG : 無
2026-07-24 09:35:59 | INFO    | ----------------------------------------------------------------------
2026-07-24 09:36:59 | INFO    | [09:35:54] 價格: 44433.0 | 大結構趨勢 (5M): BEARISH
2026-07-24 09:36:59 | INFO    |        即時信號 : 無特殊信號
2026-07-24 09:36:59 | INFO    |        多頭 OB  : [44249.0 - 44330.0] | 空頭 OB  : [44322.0 - 44450.0]
2026-07-24 09:36:59 | INFO    |        多頭 FVG : 無 | 空頭 FVG : 無
2026-07-24 09:36:59 | INFO    | ----------------------------------------------------------------------
2026-07-24 09:37:59 | INFO    | [09:36:54] 價格: 44437.0 | 大結構趨勢 (5M): BEARISH
2026-07-24 09:37:59 | INFO    |        即時信號 : 無特殊信號
2026-07-24 09:37:59 | INFO    |        多頭 OB  : [44249.0 - 44330.0] | 空頭 OB  : [44322.0 - 44450.0]
2026-07-24 09:37:59 | INFO    |        多頭 FVG : 無 | 空頭 FVG : 無
2026-07-24 09:37:59 | INFO    | ----------------------------------------------------------------------
2026-07-24 09:39:03 | INFO    | [09:37:54] 價格: 44449.0 | 大結構趨勢 (5M): BEARISH
2026-07-24 09:39:03 | INFO    |        即時信號 : 無特殊信號
2026-07-24 09:39:03 | INFO    |        多頭 OB  : [44249.0 - 44330.0] | 空頭 OB  : [44322.0 - 44450.0]
2026-07-24 09:39:03 | INFO    |        多頭 FVG : 無 | 空頭 FVG : 無
2026-07-24 09:39:03 | INFO    | ----------------------------------------------------------------------
2026-07-24 09:40:04 | INFO    | [09:38:58] 價格: 44378.0 | 大結構趨勢 (5M): BEARISH
2026-07-24 09:40:04 | INFO    |        即時信號 : 無特殊信號
2026-07-24 09:40:04 | INFO    |        多頭 OB  : [44249.0 - 44330.0] | 空頭 OB  : [44322.0 - 44450.0]
2026-07-24 09:40:04 | INFO    |        多頭 FVG : 無 | 空頭 FVG : 無
2026-07-24 09:40:04 | INFO    | ----------------------------------------------------------------------
2026-07-24 09:41:05 | INFO    | [09:39:59] 價格: 44314.0 | 大結構趨勢 (5M): BEARISH
2026-07-24 09:41:05 | INFO    |        即時信號 : ★★ [結構轉換] MSS Bearish 確立！趨勢轉空
2026-07-24 09:41:05 | INFO    |        多頭 OB  : [44249.0 - 44330.0] | 空頭 OB  : [44398.0 - 44456.0]
2026-07-24 09:41:05 | INFO    |        多頭 FVG : 無 | 空頭 FVG : [44381.0 - 44398.0]
2026-07-24 09:41:05 | INFO    | ----------------------------------------------------------------------
2026-07-24 09:41:05 | INFO    | [過濾] 偵測到信號但建議無效，已跳過發送 Telegram 通知。
2026-07-24 09:42:05 | INFO    | [09:41:00] 價格: 44384.0 | 大結構趨勢 (5M): BEARISH
2026-07-24 09:42:05 | INFO    |        即時信號 : ★ [流動性掠奪] Sweep Low 形成！(買方防守)
2026-07-24 09:42:05 | INFO    |        多頭 OB  : [44249.0 - 44330.0] | 空頭 OB  : [44398.0 - 44456.0]
2026-07-24 09:42:05 | INFO    |        多頭 FVG : 無 | 空頭 FVG : 無
2026-07-24 09:42:05 | INFO    | ----------------------------------------------------------------------
2026-07-24 09:42:05 | INFO    | [過濾] 偵測到信號但建議無效，已跳過發送 Telegram 通知。
2026-07-24 09:43:05 | INFO    | [09:42:00] 價格: 44401.0 | 大結構趨勢 (5M): BEARISH
2026-07-24 09:43:05 | INFO    |        即時信號 : 無特殊信號
2026-07-24 09:43:05 | INFO    |        多頭 OB  : [44249.0 - 44330.0] | 空頭 OB  : [44398.0 - 44456.0]
2026-07-24 09:43:05 | INFO    |        多頭 FVG : [44381.0 - 44385.0] | 空頭 FVG : 無
2026-07-24 09:43:05 | INFO    | ----------------------------------------------------------------------
2026-07-24 09:44:05 | INFO    | [09:43:00] 價格: 44474.0 | 大結構趨勢 (5M): BEARISH
2026-07-24 09:44:05 | INFO    |        即時信號 : ★★ [結構轉換] MSS Bullish 確立！趨勢轉多
2026-07-24 09:44:05 | INFO    |        多頭 OB  : [44284.0 - 44391.0] | 空頭 OB  : [44398.0 - 44456.0]
2026-07-24 09:44:05 | INFO    |        多頭 FVG : [44391.0 - 44400.0] | 空頭 FVG : 無
2026-07-24 09:44:05 | INFO    | ----------------------------------------------------------------------
2026-07-24 09:44:05 | INFO    | [過濾] 偵測到信號但建議無效，已跳過發送 Telegram 通知。
2026-07-24 09:45:05 | INFO    | [09:44:00] 價格: 44459.0 | 大結構趨勢 (5M): BEARISH
2026-07-24 09:45:05 | INFO    |        即時信號 : 無特殊信號
2026-07-24 09:45:05 | INFO    |        多頭 OB  : [44284.0 - 44391.0] | 空頭 OB  : [44398.0 - 44456.0]
2026-07-24 09:45:05 | INFO    |        多頭 FVG : 無 | 空頭 FVG : 無
2026-07-24 09:45:05 | INFO    | ----------------------------------------------------------------------
2026-07-24 09:46:06 | INFO    | [09:45:00] 價格: 44423.0 | 大結構趨勢 (5M): BEARISH
2026-07-24 09:46:06 | INFO    |        即時信號 : ★ [流動性掠奪] Sweep High 形成！(賣方防守)
2026-07-24 09:46:06 | INFO    |        多頭 OB  : [44284.0 - 44391.0] | 空頭 OB  : [44398.0 - 44456.0]
2026-07-24 09:46:06 | INFO    |        多頭 FVG : 無 | 空頭 FVG : 無
2026-07-24 09:46:06 | INFO    | ----------------------------------------------------------------------
2026-07-24 09:46:06 | INFO    | [過濾] 偵測到信號但建議無效，已跳過發送 Telegram 通知。
2026-07-24 09:47:06 | INFO    | [09:46:01] 價格: 44421.0 | 大結構趨勢 (5M): BEARISH
2026-07-24 09:47:06 | INFO    |        即時信號 : 無特殊信號
2026-07-24 09:47:06 | INFO    |        多頭 OB  : [44284.0 - 44391.0] | 空頭 OB  : [44398.0 - 44456.0]
2026-07-24 09:47:06 | INFO    |        多頭 FVG : 無 | 空頭 FVG : 無
2026-07-24 09:47:06 | INFO    | ----------------------------------------------------------------------
2026-07-24 09:48:07 | INFO    | [09:47:01] 價格: 44400.0 | 大結構趨勢 (5M): BEARISH
2026-07-24 09:48:07 | INFO    |        即時信號 : 無特殊信號
2026-07-24 09:48:07 | INFO    |        多頭 OB  : [44284.0 - 44391.0] | 空頭 OB  : [44398.0 - 44456.0]
2026-07-24 09:48:07 | INFO    |        多頭 FVG : 無 | 空頭 FVG : 無
2026-07-24 09:48:07 | INFO    | ----------------------------------------------------------------------
2026-07-24 09:49:08 | INFO    | [09:48:02] 價格: 44372.0 | 大結構趨勢 (5M): BEARISH
2026-07-24 09:49:08 | INFO    |        即時信號 : 無特殊信號
2026-07-24 09:49:08 | INFO    |        多頭 OB  : [44284.0 - 44391.0] | 空頭 OB  : [44398.0 - 44456.0]
2026-07-24 09:49:08 | INFO    |        多頭 FVG : 無 | 空頭 FVG : 無
2026-07-24 09:49:08 | INFO    | ----------------------------------------------------------------------
2026-07-24 09:50:08 | INFO    | [09:49:03] 價格: 44273.0 | 大結構趨勢 (5M): BEARISH
2026-07-24 09:50:08 | INFO    |        即時信號 : ★★ [結構轉換] MSS Bearish 確立！趨勢轉空
2026-07-24 09:50:08 | INFO    |        多頭 OB  : [44284.0 - 44391.0] | 空頭 OB  : [44417.0 - 44460.0]
2026-07-24 09:50:08 | INFO    |        多頭 FVG : 無 | 空頭 FVG : [44375.0 - 44391.0]
2026-07-24 09:50:08 | INFO    | ----------------------------------------------------------------------
2026-07-24 09:50:08 | INFO    | [過濾] 偵測到信號但建議無效，已跳過發送 Telegram 通知。
2026-07-24 09:51:09 | INFO    | [09:50:03] 價格: 44246.0 | 大結構趨勢 (5M): BEARISH
2026-07-24 09:51:09 | INFO    |        即時信號 : 無特殊信號
2026-07-24 09:51:09 | INFO    |        多頭 OB  : [44284.0 - 44391.0] | 空頭 OB  : [44417.0 - 44460.0]
2026-07-24 09:51:09 | INFO    |        多頭 FVG : 無 | 空頭 FVG : [44282.0 - 44372.0]
2026-07-24 09:51:09 | INFO    | ----------------------------------------------------------------------
2026-07-24 09:52:10 | INFO    | [09:51:04] 價格: 44250.0 | 大結構趨勢 (5M): BEARISH
2026-07-24 09:52:10 | INFO    |        即時信號 : 無特殊信號
2026-07-24 09:52:10 | INFO    |        多頭 OB  : [44284.0 - 44391.0] | 空頭 OB  : [44417.0 - 44460.0]
2026-07-24 09:52:10 | INFO    |        多頭 FVG : 無 | 空頭 FVG : 無
2026-07-24 09:52:10 | INFO    | ----------------------------------------------------------------------
2026-07-24 09:53:10 | INFO    | [09:52:05] 價格: 44238.0 | 大結構趨勢 (5M): BEARISH
2026-07-24 09:53:10 | INFO    |        即時信號 : 無特殊信號
2026-07-24 09:53:10 | INFO    |        多頭 OB  : [44284.0 - 44391.0] | 空頭 OB  : [44417.0 - 44460.0]
2026-07-24 09:53:10 | INFO    |        多頭 FVG : 無 | 空頭 FVG : 無
2026-07-24 09:53:10 | INFO    | ----------------------------------------------------------------------
2026-07-24 09:54:10 | INFO    | [09:53:05] 價格: 44319.0 | 大結構趨勢 (5M): BEARISH
2026-07-24 09:54:10 | INFO    |        即時信號 : ★ [流動性掠奪] Sweep Low 形成！(買方防守)
2026-07-24 09:54:10 | INFO    |        多頭 OB  : [44284.0 - 44391.0] | 空頭 OB  : [44417.0 - 44460.0]
2026-07-24 09:54:10 | INFO    |        多頭 FVG : 無 | 空頭 FVG : 無
2026-07-24 09:54:10 | INFO    | ----------------------------------------------------------------------
2026-07-24 09:54:10 | INFO    | [過濾] 偵測到信號但建議無效，已跳過發送 Telegram 通知。
2026-07-24 09:55:12 | INFO    | [09:54:05] 價格: 44310.0 | 大結構趨勢 (5M): BEARISH
2026-07-24 09:55:12 | INFO    |        即時信號 : 無特殊信號
2026-07-24 09:55:12 | INFO    |        多頭 OB  : [44284.0 - 44391.0] | 空頭 OB  : [44417.0 - 44460.0]
2026-07-24 09:55:12 | INFO    |        多頭 FVG : [44247.0 - 44292.0] | 空頭 FVG : 無
2026-07-24 09:55:12 | INFO    | ----------------------------------------------------------------------
2026-07-24 09:56:12 | INFO    | [09:55:07] 價格: 44259.0 | 大結構趨勢 (5M): BEARISH
2026-07-24 09:56:12 | INFO    |        即時信號 : 無特殊信號
2026-07-24 09:56:12 | INFO    |        多頭 OB  : [44284.0 - 44391.0] | 空頭 OB  : [44417.0 - 44460.0]
2026-07-24 09:56:12 | INFO    |        多頭 FVG : 無 | 空頭 FVG : 無
2026-07-24 09:56:12 | INFO    | ----------------------------------------------------------------------
2026-07-24 09:57:12 | INFO    | [09:56:07] 價格: 44251.0 | 大結構趨勢 (5M): BEARISH
2026-07-24 09:57:12 | INFO    |        即時信號 : 無特殊信號
2026-07-24 09:57:12 | INFO    |        多頭 OB  : [44284.0 - 44391.0] | 空頭 OB  : [44417.0 - 44460.0]
2026-07-24 09:57:12 | INFO    |        多頭 FVG : 無 | 空頭 FVG : [44282.0 - 44292.0]
2026-07-24 09:57:12 | INFO    | ----------------------------------------------------------------------
2026-07-24 09:58:13 | INFO    | [09:57:07] 價格: 44210.0 | 大結構趨勢 (5M): BEARISH
2026-07-24 09:58:13 | INFO    |        即時信號 : 無特殊信號
2026-07-24 09:58:13 | INFO    |        多頭 OB  : [44284.0 - 44391.0] | 空頭 OB  : [44417.0 - 44460.0]
2026-07-24 09:58:13 | INFO    |        多頭 FVG : 無 | 空頭 FVG : 無
2026-07-24 09:58:13 | INFO    | ----------------------------------------------------------------------
2026-07-24 09:59:13 | INFO    | [09:58:08] 價格: 44206.0 | 大結構趨勢 (5M): BEARISH
2026-07-24 09:59:13 | INFO    |        即時信號 : 無特殊信號
2026-07-24 09:59:13 | INFO    |        多頭 OB  : [44284.0 - 44391.0] | 空頭 OB  : [44417.0 - 44460.0]
2026-07-24 09:59:13 | INFO    |        多頭 FVG : 無 | 空頭 FVG : [44225.0 - 44237.0]
2026-07-24 09:59:13 | INFO    | ----------------------------------------------------------------------
2026-07-24 10:00:14 | INFO    | [09:59:08] 價格: 44210.0 | 大結構趨勢 (5M): BEARISH
2026-07-24 10:00:14 | INFO    |        即時信號 : 無特殊信號
2026-07-24 10:00:14 | INFO    |        多頭 OB  : [44284.0 - 44391.0] | 空頭 OB  : [44417.0 - 44460.0]
2026-07-24 10:00:14 | INFO    |        多頭 FVG : 無 | 空頭 FVG : 無
2026-07-24 10:00:14 | INFO    | ----------------------------------------------------------------------
2026-07-24 10:01:14 | INFO    | [10:00:09] 價格: 44191.0 | 大結構趨勢 (5M): BEARISH
2026-07-24 10:01:14 | INFO    |        即時信號 : 無特殊信號
2026-07-24 10:01:14 | INFO    |        多頭 OB  : [44284.0 - 44391.0] | 空頭 OB  : [44417.0 - 44460.0]
2026-07-24 10:01:14 | INFO    |        多頭 FVG : 無 | 空頭 FVG : 無
2026-07-24 10:01:14 | INFO    | ----------------------------------------------------------------------
2026-07-24 10:02:14 | INFO    | [10:01:09] 價格: 44209.0 | 大結構趨勢 (5M): BEARISH
2026-07-24 10:02:14 | INFO    |        即時信號 : ★ [流動性掠奪] Sweep Low 形成！(買方防守)
2026-07-24 10:02:14 | INFO    |        多頭 OB  : [44284.0 - 44391.0] | 空頭 OB  : [44417.0 - 44460.0]
2026-07-24 10:02:14 | INFO    |        多頭 FVG : 無 | 空頭 FVG : 無
2026-07-24 10:02:14 | INFO    | ----------------------------------------------------------------------
2026-07-24 10:02:14 | INFO    | [過濾] 偵測到信號但建議無效，已跳過發送 Telegram 通知。
2026-07-24 10:03:14 | INFO    | [10:02:09] 價格: 44188.0 | 大結構趨勢 (5M): BEARISH
2026-07-24 10:03:14 | INFO    |        即時信號 : 無特殊信號
2026-07-24 10:03:14 | INFO    |        多頭 OB  : [44284.0 - 44391.0] | 空頭 OB  : [44417.0 - 44460.0]
2026-07-24 10:03:14 | INFO    |        多頭 FVG : 無 | 空頭 FVG : 無
2026-07-24 10:03:14 | INFO    | ----------------------------------------------------------------------
2026-07-24 10:04:15 | INFO    | [10:03:09] 價格: 44222.0 | 大結構趨勢 (5M): BEARISH
2026-07-24 10:04:15 | INFO    |        即時信號 : ★ [流動性掠奪] Sweep Low 形成！(買方防守)
2026-07-24 10:04:15 | INFO    |        多頭 OB  : [44284.0 - 44391.0] | 空頭 OB  : [44417.0 - 44460.0]
2026-07-24 10:04:15 | INFO    |        多頭 FVG : 無 | 空頭 FVG : 無
2026-07-24 10:04:15 | INFO    | ----------------------------------------------------------------------
2026-07-24 10:04:15 | INFO    | [過濾] 偵測到信號但建議無效，已跳過發送 Telegram 通知。
2026-07-24 10:05:16 | INFO    | [10:04:10] 價格: 44166.0 | 大結構趨勢 (5M): BEARISH
2026-07-24 10:05:16 | INFO    |        即時信號 : 無特殊信號
2026-07-24 10:05:16 | INFO    |        多頭 OB  : [44284.0 - 44391.0] | 空頭 OB  : [44417.0 - 44460.0]
2026-07-24 10:05:16 | INFO    |        多頭 FVG : 無 | 空頭 FVG : 無
2026-07-24 10:05:16 | INFO    | ----------------------------------------------------------------------
2026-07-24 10:06:16 | INFO    | [10:05:11] 價格: 44153.0 | 大結構趨勢 (5M): BEARISH
2026-07-24 10:06:16 | INFO    |        即時信號 : 無特殊信號
2026-07-24 10:06:16 | INFO    |        多頭 OB  : [44284.0 - 44391.0] | 空頭 OB  : [44417.0 - 44460.0]
2026-07-24 10:06:16 | INFO    |        多頭 FVG : 無 | 空頭 FVG : 無
2026-07-24 10:06:16 | INFO    | ----------------------------------------------------------------------
2026-07-24 10:07:17 | INFO    | [10:06:11] 價格: 44146.0 | 大結構趨勢 (5M): BEARISH
2026-07-24 10:07:17 | INFO    |        即時信號 : 無特殊信號
2026-07-24 10:07:17 | INFO    |        多頭 OB  : [44284.0 - 44391.0] | 空頭 OB  : [44417.0 - 44460.0]
2026-07-24 10:07:17 | INFO    |        多頭 FVG : 無 | 空頭 FVG : 無
2026-07-24 10:07:17 | INFO    | ----------------------------------------------------------------------
2026-07-24 10:08:17 | INFO    | [10:07:12] 價格: 44175.0 | 大結構趨勢 (5M): BEARISH
2026-07-24 10:08:17 | INFO    |        即時信號 : 無特殊信號
2026-07-24 10:08:17 | INFO    |        多頭 OB  : [44284.0 - 44391.0] | 空頭 OB  : [44417.0 - 44460.0]
2026-07-24 10:08:17 | INFO    |        多頭 FVG : 無 | 空頭 FVG : 無
2026-07-24 10:08:17 | INFO    | ----------------------------------------------------------------------
2026-07-24 10:09:18 | INFO    | [10:08:12] 價格: 44126.0 | 大結構趨勢 (5M): BEARISH
2026-07-24 10:09:18 | INFO    |        即時信號 : 無特殊信號
2026-07-24 10:09:18 | INFO    |        多頭 OB  : [44284.0 - 44391.0] | 空頭 OB  : [44417.0 - 44460.0]
2026-07-24 10:09:18 | INFO    |        多頭 FVG : 無 | 空頭 FVG : 無
2026-07-24 10:09:18 | INFO    | ----------------------------------------------------------------------
2026-07-24 10:10:18 | INFO    | [10:09:13] 價格: 44194.0 | 大結構趨勢 (5M): BEARISH
2026-07-24 10:10:18 | INFO    |        即時信號 : ★ [流動性掠奪] Sweep Low 形成！(買方防守)
2026-07-24 10:10:18 | INFO    |        多頭 OB  : [44284.0 - 44391.0] | 空頭 OB  : [44417.0 - 44460.0]
2026-07-24 10:10:18 | INFO    |        多頭 FVG : 無 | 空頭 FVG : 無
2026-07-24 10:10:18 | INFO    | ----------------------------------------------------------------------
2026-07-24 10:10:18 | INFO    | [過濾] 偵測到信號但建議無效，已跳過發送 Telegram 通知。
2026-07-24 10:11:18 | INFO    | [10:10:13] 價格: 44195.0 | 大結構趨勢 (5M): BEARISH
2026-07-24 10:11:18 | INFO    |        即時信號 : ★ [流動性掠奪] Sweep Low 形成！(買方防守)
2026-07-24 10:11:18 | INFO    |        多頭 OB  : [44284.0 - 44391.0] | 空頭 OB  : [44417.0 - 44460.0]
2026-07-24 10:11:18 | INFO    |        多頭 FVG : 無 | 空頭 FVG : 無
2026-07-24 10:11:18 | INFO    | ----------------------------------------------------------------------
2026-07-24 10:11:18 | INFO    | [過濾] 偵測到信號但建議無效，已跳過發送 Telegram 通知。
2026-07-24 10:12:20 | INFO    | [10:11:13] 價格: 44217.0 | 大結構趨勢 (5M): BEARISH
2026-07-24 10:12:20 | INFO    |        即時信號 : ★ [流動性掠奪] Sweep High 形成！(賣方防守)
2026-07-24 10:12:20 | INFO    |        多頭 OB  : [44284.0 - 44391.0] | 空頭 OB  : [44417.0 - 44460.0]
2026-07-24 10:12:20 | INFO    |        多頭 FVG : 無 | 空頭 FVG : 無
2026-07-24 10:12:20 | INFO    | ----------------------------------------------------------------------
2026-07-24 10:12:20 | INFO    | [過濾] 偵測到信號但建議無效，已跳過發送 Telegram 通知。
2026-07-24 10:13:21 | INFO    | [10:12:14] 價格: 44211.0 | 大結構趨勢 (5M): BEARISH
2026-07-24 10:13:21 | INFO    |        即時信號 : ★ [流動性掠奪] Sweep High 形成！(賣方防守)
2026-07-24 10:13:21 | INFO    |        多頭 OB  : [44284.0 - 44391.0] | 空頭 OB  : [44417.0 - 44460.0]
2026-07-24 10:13:21 | INFO    |        多頭 FVG : 無 | 空頭 FVG : 無
2026-07-24 10:13:21 | INFO    | ----------------------------------------------------------------------
2026-07-24 10:13:21 | INFO    | [過濾] 偵測到信號但建議無效，已跳過發送 Telegram 通知。
2026-07-24 10:14:22 | INFO    | [10:13:16] 價格: 44179.0 | 大結構趨勢 (5M): BEARISH
2026-07-24 10:14:22 | INFO    |        即時信號 : ★ [流動性掠奪] Sweep High 形成！(賣方防守)
2026-07-24 10:14:22 | INFO    |        多頭 OB  : [44284.0 - 44391.0] | 空頭 OB  : [44417.0 - 44460.0]
2026-07-24 10:14:22 | INFO    |        多頭 FVG : 無 | 空頭 FVG : 無
2026-07-24 10:14:22 | INFO    | ----------------------------------------------------------------------
2026-07-24 10:14:22 | SIGNAL  | 訊號觸發，發送 Telegram 通知: ★ [流動性掠奪] Sweep High 形成 (空頭訊號)！
2026-07-24 10:14:23 | INFO    | [Telegram] 訊息發送成功 | chat_id=-1004387856503
2026-07-24 10:15:22 | INFO    | [10:14:17] 價格: 44184.0 | 大結構趨勢 (5M): BEARISH
2026-07-24 10:15:22 | INFO    |        即時信號 : 無特殊信號
2026-07-24 10:15:22 | INFO    |        多頭 OB  : [44284.0 - 44391.0] | 空頭 OB  : [44417.0 - 44460.0]
2026-07-24 10:15:22 | INFO    |        多頭 FVG : 無 | 空頭 FVG : 無
2026-07-24 10:15:22 | INFO    | ----------------------------------------------------------------------
2026-07-24 10:16:23 | INFO    | [10:15:17] 價格: 44195.0 | 大結構趨勢 (5M): BEARISH
2026-07-24 10:16:23 | INFO    |        即時信號 : 無特殊信號
2026-07-24 10:16:23 | INFO    |        多頭 OB  : [44284.0 - 44391.0] | 空頭 OB  : [44417.0 - 44460.0]
2026-07-24 10:16:23 | INFO    |        多頭 FVG : 無 | 空頭 FVG : 無
2026-07-24 10:16:23 | INFO    | ----------------------------------------------------------------------
2026-07-24 10:17:26 | INFO    | [10:16:18] 價格: 44156.0 | 大結構趨勢 (5M): BEARISH
2026-07-24 10:17:26 | INFO    |        即時信號 : 無特殊信號
2026-07-24 10:17:26 | INFO    |        多頭 OB  : [44284.0 - 44391.0] | 空頭 OB  : [44417.0 - 44460.0]
2026-07-24 10:17:26 | INFO    |        多頭 FVG : 無 | 空頭 FVG : 無
2026-07-24 10:17:26 | INFO    | ----------------------------------------------------------------------
2026-07-24 10:18:28 | INFO    | [10:17:21] 價格: 44150.0 | 大結構趨勢 (5M): BEARISH
2026-07-24 10:18:28 | INFO    |        即時信號 : 無特殊信號
2026-07-24 10:18:28 | INFO    |        多頭 OB  : [44284.0 - 44391.0] | 空頭 OB  : [44417.0 - 44460.0]
2026-07-24 10:18:28 | INFO    |        多頭 FVG : 無 | 空頭 FVG : 無
2026-07-24 10:18:28 | INFO    | ----------------------------------------------------------------------
2026-07-24 10:19:29 | INFO    | [10:18:23] 價格: 44169.0 | 大結構趨勢 (5M): BEARISH
2026-07-24 10:19:29 | INFO    |        即時信號 : 無特殊信號
2026-07-24 10:19:29 | INFO    |        多頭 OB  : [44284.0 - 44391.0] | 空頭 OB  : [44417.0 - 44460.0]
2026-07-24 10:19:29 | INFO    |        多頭 FVG : 無 | 空頭 FVG : 無
2026-07-24 10:19:29 | INFO    | ----------------------------------------------------------------------
2026-07-24 10:20:29 | INFO    | [10:19:23] 價格: 44091.0 | 大結構趨勢 (5M): BEARISH
2026-07-24 10:20:29 | INFO    |        即時信號 : ★★ [結構轉換] MSS Bearish 確立！趨勢轉空
2026-07-24 10:20:29 | INFO    |        多頭 OB  : [44284.0 - 44391.0] | 空頭 OB  : [44128.0 - 44170.0]
2026-07-24 10:20:29 | INFO    |        多頭 FVG : 無 | 空頭 FVG : 無
2026-07-24 10:20:29 | INFO    | ----------------------------------------------------------------------
2026-07-24 10:20:29 | SIGNAL  | 訊號觸發，發送 Telegram 通知: ★★ [結構轉換] MSS Bearish 確立 (空頭訊號)！
2026-07-24 10:20:30 | INFO    | [Telegram] 訊息發送成功 | chat_id=-1004387856503
2026-07-24 10:21:29 | INFO    | [10:20:24] 價格: 44065.0 | 大結構趨勢 (5M): BEARISH
2026-07-24 10:21:29 | INFO    |        即時信號 : 無特殊信號
2026-07-24 10:21:29 | INFO    |        多頭 OB  : [44284.0 - 44391.0] | 空頭 OB  : [44128.0 - 44170.0]
2026-07-24 10:21:29 | INFO    |        多頭 FVG : 無 | 空頭 FVG : [44106.0 - 44128.0]
2026-07-24 10:21:29 | INFO    | ----------------------------------------------------------------------
2026-07-24 10:22:30 | INFO    | [10:21:24] 價格: 44054.0 | 大結構趨勢 (5M): BEARISH
2026-07-24 10:22:30 | INFO    |        即時信號 : 無特殊信號
2026-07-24 10:22:30 | INFO    |        多頭 OB  : [44284.0 - 44391.0] | 空頭 OB  : [44128.0 - 44170.0]
2026-07-24 10:22:30 | INFO    |        多頭 FVG : 無 | 空頭 FVG : 無
2026-07-24 10:22:30 | INFO    | ----------------------------------------------------------------------
2026-07-24 10:23:30 | INFO    | [10:22:25] 價格: 43995.0 | 大結構趨勢 (5M): BEARISH
2026-07-24 10:23:30 | INFO    |        即時信號 : ★★★ [價格交付改變] CISD Bearish 爆量跌破對立 OB！
2026-07-24 10:23:30 | INFO    |        多頭 OB  : [44284.0 - 44391.0] | 空頭 OB  : [44128.0 - 44170.0]
2026-07-24 10:23:30 | INFO    |        多頭 FVG : 無 | 空頭 FVG : [44056.0 - 44061.0]
2026-07-24 10:23:30 | INFO    | ----------------------------------------------------------------------
2026-07-24 10:23:30 | SIGNAL  | 訊號觸發，發送 Telegram 通知: ★★★ [價格交付改變] CISD Bearish 爆量跌破 (空頭訊號)！
2026-07-24 10:23:31 | INFO    | [Telegram] 訊息發送成功 | chat_id=-1004387856503
2026-07-24 10:24:31 | INFO    | [10:23:25] 價格: 44004.0 | 大結構趨勢 (5M): BEARISH
2026-07-24 10:24:31 | INFO    |        即時信號 : ★★★ [價格交付改變] CISD Bearish 爆量跌破對立 OB！
2026-07-24 10:24:31 | INFO    |        多頭 OB  : [44284.0 - 44391.0] | 空頭 OB  : [43984.0 - 44020.0]
2026-07-24 10:24:31 | INFO    |        多頭 FVG : 無 | 空頭 FVG : [44020.0 - 44048.0]
2026-07-24 10:24:31 | INFO    | ----------------------------------------------------------------------
2026-07-24 10:24:31 | INFO    | [過濾] 偵測到信號但建議無效，已跳過發送 Telegram 通知。
2026-07-24 10:25:31 | INFO    | [10:24:26] 價格: 44022.0 | 大結構趨勢 (5M): BEARISH
2026-07-24 10:25:31 | INFO    |        即時信號 : 無特殊信號
2026-07-24 10:25:31 | INFO    |        多頭 OB  : [44284.0 - 44391.0] | 空頭 OB  : [43984.0 - 44020.0]
2026-07-24 10:25:31 | INFO    |        多頭 FVG : 無 | 空頭 FVG : 無
2026-07-24 10:25:31 | INFO    | ----------------------------------------------------------------------
2026-07-24 10:26:32 | INFO    | [10:25:26] 價格: 44066.0 | 大結構趨勢 (5M): BEARISH
2026-07-24 10:26:32 | INFO    |        即時信號 : 無特殊信號
2026-07-24 10:26:32 | INFO    |        多頭 OB  : [44284.0 - 44391.0] | 空頭 OB  : [43984.0 - 44020.0]
2026-07-24 10:26:32 | INFO    |        多頭 FVG : [44020.0 - 44021.0] | 空頭 FVG : 無
2026-07-24 10:26:32 | INFO    | ----------------------------------------------------------------------
2026-07-24 10:27:32 | INFO    | [10:26:27] 價格: 44062.0 | 大結構趨勢 (5M): BEARISH
2026-07-24 10:27:32 | INFO    |        即時信號 : 無特殊信號
2026-07-24 10:27:32 | INFO    |        多頭 OB  : [44284.0 - 44391.0] | 空頭 OB  : [43984.0 - 44020.0]
2026-07-24 10:27:32 | INFO    |        多頭 FVG : [44032.0 - 44049.0] | 空頭 FVG : 無
2026-07-24 10:27:32 | INFO    | ----------------------------------------------------------------------
2026-07-24 10:28:32 | INFO    | [10:27:27] 價格: 44115.0 | 大結構趨勢 (5M): BEARISH
2026-07-24 10:28:32 | INFO    |        即時信號 : 無特殊信號
2026-07-24 10:28:32 | INFO    |        多頭 OB  : [44284.0 - 44391.0] | 空頭 OB  : [43984.0 - 44020.0]
2026-07-24 10:28:32 | INFO    |        多頭 FVG : 無 | 空頭 FVG : 無
2026-07-24 10:28:32 | INFO    | ----------------------------------------------------------------------
2026-07-24 10:29:33 | INFO    | [10:28:27] 價格: 44029.0 | 大結構趨勢 (5M): BEARISH
2026-07-24 10:29:33 | INFO    |        即時信號 : 無特殊信號
2026-07-24 10:29:33 | INFO    |        多頭 OB  : [44284.0 - 44391.0] | 空頭 OB  : [43984.0 - 44020.0]
2026-07-24 10:29:33 | INFO    |        多頭 FVG : 無 | 空頭 FVG : 無
2026-07-24 10:29:33 | INFO    | ----------------------------------------------------------------------
2026-07-24 10:30:33 | INFO    | [10:29:28] 價格: 43995.0 | 大結構趨勢 (5M): BEARISH
2026-07-24 10:30:33 | INFO    |        即時信號 : ★ [流動性掠奪] Sweep Low 形成！(買方防守)
2026-07-24 10:30:33 | INFO    |        多頭 OB  : [44284.0 - 44391.0] | 空頭 OB  : [44041.0 - 44123.0]
2026-07-24 10:30:33 | INFO    |        多頭 FVG : 無 | 空頭 FVG : [44034.0 - 44041.0]
2026-07-24 10:30:33 | INFO    | ----------------------------------------------------------------------
2026-07-24 10:30:33 | INFO    | [過濾] 偵測到信號但建議無效，已跳過發送 Telegram 通知。
2026-07-24 10:31:33 | INFO    | [10:30:28] 價格: 44033.0 | 大結構趨勢 (5M): BEARISH
2026-07-24 10:31:33 | INFO    |        即時信號 : 無特殊信號
2026-07-24 10:31:33 | INFO    |        多頭 OB  : [44284.0 - 44391.0] | 空頭 OB  : [44041.0 - 44123.0]
2026-07-24 10:31:33 | INFO    |        多頭 FVG : 無 | 空頭 FVG : 無
2026-07-24 10:31:33 | INFO    | ----------------------------------------------------------------------
2026-07-24 10:32:34 | INFO    | [10:31:28] 價格: 43996.0 | 大結構趨勢 (5M): BEARISH
2026-07-24 10:32:34 | INFO    |        即時信號 : 無特殊信號
2026-07-24 10:32:34 | INFO    |        多頭 OB  : [44284.0 - 44391.0] | 空頭 OB  : [44041.0 - 44123.0]
2026-07-24 10:32:34 | INFO    |        多頭 FVG : 無 | 空頭 FVG : 無
2026-07-24 10:32:34 | INFO    | ----------------------------------------------------------------------
2026-07-24 10:33:36 | INFO    | [10:32:29] 價格: 43943.0 | 大結構趨勢 (5M): BEARISH
2026-07-24 10:33:36 | INFO    |        即時信號 : 無特殊信號
2026-07-24 10:33:36 | INFO    |        多頭 OB  : [44284.0 - 44391.0] | 空頭 OB  : [44041.0 - 44123.0]
2026-07-24 10:33:36 | INFO    |        多頭 FVG : 無 | 空頭 FVG : 無
2026-07-24 10:33:36 | INFO    | ----------------------------------------------------------------------
2026-07-24 10:34:36 | INFO    | [10:33:31] 價格: 43902.0 | 大結構趨勢 (5M): BEARISH
2026-07-24 10:34:36 | INFO    |        即時信號 : ★★★ [價格交付改變] CISD Bearish 爆量跌破對立 OB！
2026-07-24 10:34:36 | INFO    |        多頭 OB  : [44284.0 - 44391.0] | 空頭 OB  : [43993.0 - 44072.0]
2026-07-24 10:34:36 | INFO    |        多頭 FVG : 無 | 空頭 FVG : [43956.0 - 43989.0]
2026-07-24 10:34:36 | INFO    | ----------------------------------------------------------------------
2026-07-24 10:34:36 | SIGNAL  | 訊號觸發，發送 Telegram 通知: ★★★ [價格交付改變] CISD Bearish 爆量跌破 (空頭訊號)！
2026-07-24 10:34:38 | INFO    | [Telegram] 訊息發送成功 | chat_id=-1004387856503
2026-07-24 10:35:37 | INFO    | [10:34:31] 價格: 43888.0 | 大結構趨勢 (5M): BEARISH
2026-07-24 10:35:37 | INFO    |        即時信號 : 無特殊信號
2026-07-24 10:35:37 | INFO    |        多頭 OB  : [44284.0 - 44391.0] | 空頭 OB  : [43993.0 - 44072.0]
2026-07-24 10:35:37 | INFO    |        多頭 FVG : 無 | 空頭 FVG : 無
2026-07-24 10:35:37 | INFO    | ----------------------------------------------------------------------
2026-07-24 10:36:38 | INFO    | [10:35:32] 價格: 43863.0 | 大結構趨勢 (5M): BEARISH
2026-07-24 10:36:38 | INFO    |        即時信號 : 無特殊信號
2026-07-24 10:36:38 | INFO    |        多頭 OB  : [44284.0 - 44391.0] | 空頭 OB  : [43993.0 - 44072.0]
2026-07-24 10:36:38 | INFO    |        多頭 FVG : 無 | 空頭 FVG : [43890.0 - 43891.0]
2026-07-24 10:36:38 | INFO    | ----------------------------------------------------------------------
2026-07-24 10:37:38 | INFO    | [10:36:33] 價格: 43828.0 | 大結構趨勢 (5M): BEARISH
2026-07-24 10:37:38 | INFO    |        即時信號 : ★★★ [價格交付改變] CISD Bearish 爆量跌破對立 OB！
2026-07-24 10:37:38 | INFO    |        多頭 OB  : [44284.0 - 44391.0] | 空頭 OB  : [43993.0 - 44072.0]
2026-07-24 10:37:38 | INFO    |        多頭 FVG : 無 | 空頭 FVG : [43871.0 - 43884.0]
2026-07-24 10:37:38 | INFO    | ----------------------------------------------------------------------
2026-07-24 10:37:38 | SIGNAL  | 訊號觸發，發送 Telegram 通知: ★★★ [價格交付改變] CISD Bearish 爆量跌破 (空頭訊號)！
2026-07-24 10:37:39 | INFO    | [Telegram] 訊息發送成功 | chat_id=-1004387856503
2026-07-24 10:38:39 | INFO    | [10:37:33] 價格: 43812.0 | 大結構趨勢 (5M): BEARISH
2026-07-24 10:38:39 | INFO    |        即時信號 : 無特殊信號
2026-07-24 10:38:39 | INFO    |        多頭 OB  : [44284.0 - 44391.0] | 空頭 OB  : [43993.0 - 44072.0]
2026-07-24 10:38:39 | INFO    |        多頭 FVG : 無 | 空頭 FVG : [43853.0 - 43860.0]
2026-07-24 10:38:39 | INFO    | ----------------------------------------------------------------------
2026-07-24 10:39:40 | INFO    | [10:38:34] 價格: 43789.0 | 大結構趨勢 (5M): BEARISH
2026-07-24 10:39:40 | INFO    |        即時信號 : 無特殊信號
2026-07-24 10:39:40 | INFO    |        多頭 OB  : [44284.0 - 44391.0] | 空頭 OB  : [43993.0 - 44072.0]
2026-07-24 10:39:40 | INFO    |        多頭 FVG : 無 | 空頭 FVG : 無
2026-07-24 10:39:40 | INFO    | ----------------------------------------------------------------------
2026-07-24 10:40:40 | INFO    | [10:39:35] 價格: 43785.0 | 大結構趨勢 (5M): BEARISH
2026-07-24 10:40:40 | INFO    |        即時信號 : 無特殊信號
2026-07-24 10:40:40 | INFO    |        多頭 OB  : [44284.0 - 44391.0] | 空頭 OB  : [43993.0 - 44072.0]
2026-07-24 10:40:40 | INFO    |        多頭 FVG : 無 | 空頭 FVG : [43791.0 - 43808.0]
2026-07-24 10:40:40 | INFO    | ----------------------------------------------------------------------
2026-07-24 10:41:41 | INFO    | [10:40:35] 價格: 43760.0 | 大結構趨勢 (5M): BEARISH
2026-07-24 10:41:41 | INFO    |        即時信號 : 無特殊信號
2026-07-24 10:41:41 | INFO    |        多頭 OB  : [44284.0 - 44391.0] | 空頭 OB  : [43993.0 - 44072.0]
2026-07-24 10:41:41 | INFO    |        多頭 FVG : 無 | 空頭 FVG : 無
2026-07-24 10:41:41 | INFO    | ----------------------------------------------------------------------
2026-07-24 10:42:42 | INFO    | [10:41:36] 價格: 43735.0 | 大結構趨勢 (5M): BEARISH
2026-07-24 10:42:42 | INFO    |        即時信號 : 無特殊信號
2026-07-24 10:42:42 | INFO    |        多頭 OB  : [44284.0 - 44391.0] | 空頭 OB  : [43993.0 - 44072.0]
2026-07-24 10:42:42 | INFO    |        多頭 FVG : 無 | 空頭 FVG : 無
2026-07-24 10:42:42 | INFO    | ----------------------------------------------------------------------
2026-07-24 10:43:43 | INFO    | [10:42:37] 價格: 43758.0 | 大結構趨勢 (5M): BEARISH
2026-07-24 10:43:43 | INFO    |        即時信號 : 無特殊信號
2026-07-24 10:43:43 | INFO    |        多頭 OB  : [44284.0 - 44391.0] | 空頭 OB  : [43993.0 - 44072.0]
2026-07-24 10:43:43 | INFO    |        多頭 FVG : 無 | 空頭 FVG : 無
2026-07-24 10:43:43 | INFO    | ----------------------------------------------------------------------
2026-07-24 10:44:43 | INFO    | [10:43:38] 價格: 43784.0 | 大結構趨勢 (5M): BEARISH
2026-07-24 10:44:43 | INFO    |        即時信號 : 無特殊信號
2026-07-24 10:44:43 | INFO    |        多頭 OB  : [44284.0 - 44391.0] | 空頭 OB  : [43993.0 - 44072.0]
2026-07-24 10:44:43 | INFO    |        多頭 FVG : 無 | 空頭 FVG : 無
2026-07-24 10:44:43 | INFO    | ----------------------------------------------------------------------
2026-07-24 10:45:47 | INFO    | [10:44:38] 價格: 43743.0 | 大結構趨勢 (5M): BEARISH
2026-07-24 10:45:47 | INFO    |        即時信號 : 無特殊信號
2026-07-24 10:45:47 | INFO    |        多頭 OB  : [44284.0 - 44391.0] | 空頭 OB  : [43993.0 - 44072.0]
2026-07-24 10:45:47 | INFO    |        多頭 FVG : 無 | 空頭 FVG : 無
2026-07-24 10:45:47 | INFO    | ----------------------------------------------------------------------
2026-07-24 10:46:47 | INFO    | [10:45:41] 價格: 43731.0 | 大結構趨勢 (5M): BEARISH
2026-07-24 10:46:47 | INFO    |        即時信號 : 無特殊信號
2026-07-24 10:46:47 | INFO    |        多頭 OB  : [44284.0 - 44391.0] | 空頭 OB  : [43993.0 - 44072.0]
2026-07-24 10:46:47 | INFO    |        多頭 FVG : 無 | 空頭 FVG : 無
2026-07-24 10:46:47 | INFO    | ----------------------------------------------------------------------
2026-07-24 10:47:48 | INFO    | [10:46:42] 價格: 43727.0 | 大結構趨勢 (5M): BEARISH
2026-07-24 10:47:48 | INFO    |        即時信號 : ★ [流動性掠奪] Sweep Low 形成！(買方防守)
2026-07-24 10:47:48 | INFO    |        多頭 OB  : [44284.0 - 44391.0] | 空頭 OB  : [43993.0 - 44072.0]
2026-07-24 10:47:48 | INFO    |        多頭 FVG : 無 | 空頭 FVG : 無
2026-07-24 10:47:48 | INFO    | ----------------------------------------------------------------------
2026-07-24 10:47:48 | INFO    | [過濾] 偵測到信號但建議無效，已跳過發送 Telegram 通知。
2026-07-24 10:48:49 | INFO    | [10:47:43] 價格: 43703.0 | 大結構趨勢 (5M): BEARISH
2026-07-24 10:48:49 | INFO    |        即時信號 : 無特殊信號
2026-07-24 10:48:49 | INFO    |        多頭 OB  : [44284.0 - 44391.0] | 空頭 OB  : [43993.0 - 44072.0]
2026-07-24 10:48:49 | INFO    |        多頭 FVG : 無 | 空頭 FVG : 無
2026-07-24 10:48:49 | INFO    | ----------------------------------------------------------------------
2026-07-24 10:49:49 | INFO    | [10:48:44] 價格: 43715.0 | 大結構趨勢 (5M): BEARISH
2026-07-24 10:49:49 | INFO    |        即時信號 : ★ [流動性掠奪] Sweep Low 形成！(買方防守)
2026-07-24 10:49:49 | INFO    |        多頭 OB  : [44284.0 - 44391.0] | 空頭 OB  : [43993.0 - 44072.0]
2026-07-24 10:49:49 | INFO    |        多頭 FVG : 無 | 空頭 FVG : 無
2026-07-24 10:49:49 | INFO    | ----------------------------------------------------------------------
2026-07-24 10:49:49 | INFO    | [過濾] 偵測到信號但建議無效，已跳過發送 Telegram 通知。
2026-07-24 10:50:50 | INFO    | [10:49:44] 價格: 43699.0 | 大結構趨勢 (5M): BEARISH
2026-07-24 10:50:50 | INFO    |        即時信號 : 無特殊信號
2026-07-24 10:50:50 | INFO    |        多頭 OB  : [44284.0 - 44391.0] | 空頭 OB  : [43993.0 - 44072.0]
2026-07-24 10:50:50 | INFO    |        多頭 FVG : 無 | 空頭 FVG : 無
2026-07-24 10:50:50 | INFO    | ----------------------------------------------------------------------
2026-07-24 10:51:50 | INFO    | [10:50:45] 價格: 43713.0 | 大結構趨勢 (5M): BEARISH
2026-07-24 10:51:50 | INFO    |        即時信號 : ★ [流動性掠奪] Sweep Low 形成！(買方防守)
2026-07-24 10:51:50 | INFO    |        多頭 OB  : [44284.0 - 44391.0] | 空頭 OB  : [43993.0 - 44072.0]
2026-07-24 10:51:50 | INFO    |        多頭 FVG : 無 | 空頭 FVG : 無
2026-07-24 10:51:50 | INFO    | ----------------------------------------------------------------------
2026-07-24 10:51:50 | INFO    | [過濾] 偵測到信號但建議無效，已跳過發送 Telegram 通知。
2026-07-24 10:52:50 | INFO    | [10:51:45] 價格: 43674.0 | 大結構趨勢 (5M): BEARISH
2026-07-24 10:52:50 | INFO    |        即時信號 : 無特殊信號
2026-07-24 10:52:50 | INFO    |        多頭 OB  : [44284.0 - 44391.0] | 空頭 OB  : [43993.0 - 44072.0]
2026-07-24 10:52:50 | INFO    |        多頭 FVG : 無 | 空頭 FVG : 無
2026-07-24 10:52:50 | INFO    | ----------------------------------------------------------------------
2026-07-24 10:53:51 | INFO    | [10:52:45] 價格: 43712.0 | 大結構趨勢 (5M): BEARISH
2026-07-24 10:53:51 | INFO    |        即時信號 : 無特殊信號
2026-07-24 10:53:51 | INFO    |        多頭 OB  : [44284.0 - 44391.0] | 空頭 OB  : [43993.0 - 44072.0]
2026-07-24 10:53:51 | INFO    |        多頭 FVG : 無 | 空頭 FVG : 無
2026-07-24 10:53:51 | INFO    | ----------------------------------------------------------------------
2026-07-24 10:54:52 | INFO    | [10:53:46] 價格: 43701.0 | 大結構趨勢 (5M): BEARISH
2026-07-24 10:54:52 | INFO    |        即時信號 : 無特殊信號
2026-07-24 10:54:52 | INFO    |        多頭 OB  : [44284.0 - 44391.0] | 空頭 OB  : [43993.0 - 44072.0]
2026-07-24 10:54:52 | INFO    |        多頭 FVG : 無 | 空頭 FVG : 無
2026-07-24 10:54:52 | INFO    | ----------------------------------------------------------------------
2026-07-24 10:55:52 | INFO    | [10:54:47] 價格: 43758.0 | 大結構趨勢 (5M): BEARISH
2026-07-24 10:55:52 | INFO    |        即時信號 : 無特殊信號
2026-07-24 10:55:52 | INFO    |        多頭 OB  : [44284.0 - 44391.0] | 空頭 OB  : [43993.0 - 44072.0]
2026-07-24 10:55:52 | INFO    |        多頭 FVG : 無 | 空頭 FVG : 無
2026-07-24 10:55:52 | INFO    | ----------------------------------------------------------------------
2026-07-24 10:56:57 | INFO    | [10:55:47] 價格: 43770.0 | 大結構趨勢 (5M): BEARISH
2026-07-24 10:56:57 | INFO    |        即時信號 : 無特殊信號
2026-07-24 10:56:57 | INFO    |        多頭 OB  : [44284.0 - 44391.0] | 空頭 OB  : [43993.0 - 44072.0]
2026-07-24 10:56:57 | INFO    |        多頭 FVG : [43716.0 - 43750.0] | 空頭 FVG : 無
2026-07-24 10:56:57 | INFO    | ----------------------------------------------------------------------
2026-07-24 10:57:57 | INFO    | [10:56:51] 價格: 43734.0 | 大結構趨勢 (5M): BEARISH
2026-07-24 10:57:57 | INFO    |        即時信號 : 無特殊信號
2026-07-24 10:57:57 | INFO    |        多頭 OB  : [44284.0 - 44391.0] | 空頭 OB  : [43993.0 - 44072.0]
2026-07-24 10:57:57 | INFO    |        多頭 FVG : 無 | 空頭 FVG : 無
2026-07-24 10:57:57 | INFO    | ----------------------------------------------------------------------
2026-07-24 10:58:58 | INFO    | [10:57:52] 價格: 43674.0 | 大結構趨勢 (5M): BEARISH
2026-07-24 10:58:58 | INFO    |        即時信號 : 無特殊信號
2026-07-24 10:58:58 | INFO    |        多頭 OB  : [44284.0 - 44391.0] | 空頭 OB  : [43993.0 - 44072.0]
2026-07-24 10:58:58 | INFO    |        多頭 FVG : 無 | 空頭 FVG : [43735.0 - 43750.0]
2026-07-24 10:58:58 | INFO    | ----------------------------------------------------------------------
2026-07-24 10:59:58 | INFO    | [10:58:52] 價格: 43660.0 | 大結構趨勢 (5M): BEARISH
2026-07-24 10:59:58 | INFO    |        即時信號 : ★ [流動性掠奪] Sweep Low 形成！(買方防守)
2026-07-24 10:59:58 | INFO    |        多頭 OB  : [44284.0 - 44391.0] | 空頭 OB  : [43750.0 - 43810.0]
2026-07-24 10:59:58 | INFO    |        多頭 FVG : 無 | 空頭 FVG : [43712.0 - 43719.0]
2026-07-24 10:59:58 | INFO    | ----------------------------------------------------------------------
2026-07-24 10:59:58 | INFO    | [過濾] 偵測到信號但建議無效，已跳過發送 Telegram 通知。
2026-07-24 11:00:58 | INFO    | [10:59:53] 價格: 43712.0 | 大結構趨勢 (5M): BEARISH
2026-07-24 11:00:58 | INFO    |        即時信號 : ★ [流動性掠奪] Sweep Low 形成！(買方防守)
2026-07-24 11:00:58 | INFO    |        多頭 OB  : [44284.0 - 44391.0] | 空頭 OB  : [43750.0 - 43810.0]
2026-07-24 11:00:58 | INFO    |        多頭 FVG : 無 | 空頭 FVG : 無
2026-07-24 11:00:58 | INFO    | ----------------------------------------------------------------------
2026-07-24 11:00:58 | INFO    | [過濾] 偵測到信號但建議無效，已跳過發送 Telegram 通知。
2026-07-24 11:01:58 | INFO    | [11:00:53] 價格: 43695.0 | 大結構趨勢 (5M): BEARISH
2026-07-24 11:01:58 | INFO    |        即時信號 : 無特殊信號
2026-07-24 11:01:58 | INFO    |        多頭 OB  : [44284.0 - 44391.0] | 空頭 OB  : [43750.0 - 43810.0]
2026-07-24 11:01:58 | INFO    |        多頭 FVG : 無 | 空頭 FVG : 無
2026-07-24 11:01:58 | INFO    | ----------------------------------------------------------------------
2026-07-24 11:03:00 | INFO    | [11:01:53] 價格: 43736.0 | 大結構趨勢 (5M): BEARISH
2026-07-24 11:03:00 | INFO    |        即時信號 : 無特殊信號
2026-07-24 11:03:00 | INFO    |        多頭 OB  : [44284.0 - 44391.0] | 空頭 OB  : [43750.0 - 43810.0]
2026-07-24 11:03:00 | INFO    |        多頭 FVG : 無 | 空頭 FVG : 無
2026-07-24 11:03:00 | INFO    | ----------------------------------------------------------------------
2026-07-24 11:04:01 | INFO    | [11:02:55] 價格: 43762.0 | 大結構趨勢 (5M): BEARISH
2026-07-24 11:04:01 | INFO    |        即時信號 : 無特殊信號
2026-07-24 11:04:01 | INFO    |        多頭 OB  : [44284.0 - 44391.0] | 空頭 OB  : [43750.0 - 43810.0]
2026-07-24 11:04:01 | INFO    |        多頭 FVG : [43722.0 - 43739.0] | 空頭 FVG : 無
2026-07-24 11:04:01 | INFO    | ----------------------------------------------------------------------
2026-07-24 11:05:02 | INFO    | [11:03:56] 價格: 43739.0 | 大結構趨勢 (5M): BEARISH
2026-07-24 11:05:02 | INFO    |        即時信號 : 無特殊信號
2026-07-24 11:05:02 | INFO    |        多頭 OB  : [44284.0 - 44391.0] | 空頭 OB  : [43750.0 - 43810.0]
2026-07-24 11:05:02 | INFO    |        多頭 FVG : 無 | 空頭 FVG : 無
2026-07-24 11:05:02 | INFO    | ----------------------------------------------------------------------
2026-07-24 11:06:03 | INFO    | [11:04:57] 價格: 43760.0 | 大結構趨勢 (5M): BEARISH
2026-07-24 11:06:03 | INFO    |        即時信號 : 無特殊信號
2026-07-24 11:06:03 | INFO    |        多頭 OB  : [44284.0 - 44391.0] | 空頭 OB  : [43750.0 - 43810.0]
2026-07-24 11:06:03 | INFO    |        多頭 FVG : 無 | 空頭 FVG : 無
2026-07-24 11:06:03 | INFO    | ----------------------------------------------------------------------
2026-07-24 11:07:04 | INFO    | [11:05:58] 價格: 43737.0 | 大結構趨勢 (5M): BEARISH
2026-07-24 11:07:04 | INFO    |        即時信號 : 無特殊信號
2026-07-24 11:07:04 | INFO    |        多頭 OB  : [44284.0 - 44391.0] | 空頭 OB  : [43750.0 - 43810.0]
2026-07-24 11:07:04 | INFO    |        多頭 FVG : 無 | 空頭 FVG : 無
2026-07-24 11:07:04 | INFO    | ----------------------------------------------------------------------
2026-07-24 11:08:05 | INFO    | [11:06:59] 價格: 43743.0 | 大結構趨勢 (5M): BEARISH
2026-07-24 11:08:05 | INFO    |        即時信號 : 無特殊信號
2026-07-24 11:08:05 | INFO    |        多頭 OB  : [44284.0 - 44391.0] | 空頭 OB  : [43750.0 - 43810.0]
2026-07-24 11:08:05 | INFO    |        多頭 FVG : 無 | 空頭 FVG : 無
2026-07-24 11:08:05 | INFO    | ----------------------------------------------------------------------
2026-07-24 11:09:07 | INFO    | [11:08:00] 價格: 43736.0 | 大結構趨勢 (5M): BEARISH
2026-07-24 11:09:07 | INFO    |        即時信號 : 無特殊信號
2026-07-24 11:09:07 | INFO    |        多頭 OB  : [44284.0 - 44391.0] | 空頭 OB  : [43750.0 - 43810.0]
2026-07-24 11:09:07 | INFO    |        多頭 FVG : 無 | 空頭 FVG : 無
2026-07-24 11:09:07 | INFO    | ----------------------------------------------------------------------
2026-07-24 11:10:07 | INFO    | [11:09:02] 價格: 43702.0 | 大結構趨勢 (5M): BEARISH
2026-07-24 11:10:07 | INFO    |        即時信號 : 無特殊信號
2026-07-24 11:10:07 | INFO    |        多頭 OB  : [44284.0 - 44391.0] | 空頭 OB  : [43750.0 - 43810.0]
2026-07-24 11:10:07 | INFO    |        多頭 FVG : 無 | 空頭 FVG : 無
2026-07-24 11:10:07 | INFO    | ----------------------------------------------------------------------
2026-07-24 11:11:07 | INFO    | [11:10:02] 價格: 43706.0 | 大結構趨勢 (5M): BEARISH
2026-07-24 11:11:07 | INFO    |        即時信號 : 無特殊信號
2026-07-24 11:11:07 | INFO    |        多頭 OB  : [44284.0 - 44391.0] | 空頭 OB  : [43750.0 - 43810.0]
2026-07-24 11:11:07 | INFO    |        多頭 FVG : 無 | 空頭 FVG : [43713.0 - 43717.0]
2026-07-24 11:11:07 | INFO    | ----------------------------------------------------------------------
2026-07-24 11:12:08 | INFO    | [11:11:02] 價格: 43783.0 | 大結構趨勢 (5M): BEARISH
2026-07-24 11:12:08 | INFO    |        即時信號 : 無特殊信號
2026-07-24 11:12:08 | INFO    |        多頭 OB  : [44284.0 - 44391.0] | 空頭 OB  : [43750.0 - 43810.0]
2026-07-24 11:12:08 | INFO    |        多頭 FVG : 無 | 空頭 FVG : 無
2026-07-24 11:12:08 | INFO    | ----------------------------------------------------------------------
2026-07-24 11:13:09 | INFO    | [11:12:03] 價格: 43817.0 | 大結構趨勢 (5M): BEARISH
2026-07-24 11:13:09 | INFO    |        即時信號 : ★★ [結構轉換] MSS Bullish 確立！趨勢轉多
2026-07-24 11:13:09 | INFO    |        多頭 OB  : [43691.0 - 43736.0] | 空頭 OB  : [43750.0 - 43810.0]
2026-07-24 11:13:09 | INFO    |        多頭 FVG : [43713.0 - 43765.0] | 空頭 FVG : 無
2026-07-24 11:13:09 | INFO    | ----------------------------------------------------------------------
2026-07-24 11:13:09 | INFO    | [過濾] 偵測到信號但建議無效，已跳過發送 Telegram 通知。
2026-07-24 11:14:09 | INFO    | [11:13:03] 價格: 43832.0 | 大結構趨勢 (5M): BEARISH
2026-07-24 11:14:09 | INFO    |        即時信號 : 無特殊信號
2026-07-24 11:14:09 | INFO    |        多頭 OB  : [43691.0 - 43736.0] | 空頭 OB  : [43750.0 - 43810.0]
2026-07-24 11:14:09 | INFO    |        多頭 FVG : 無 | 空頭 FVG : 無
2026-07-24 11:14:09 | INFO    | ----------------------------------------------------------------------
2026-07-24 11:15:09 | INFO    | [11:14:04] 價格: 43853.0 | 大結構趨勢 (5M): BEARISH
2026-07-24 11:15:09 | INFO    |        即時信號 : 無特殊信號
2026-07-24 11:15:09 | INFO    |        多頭 OB  : [43691.0 - 43736.0] | 空頭 OB  : [43750.0 - 43810.0]
2026-07-24 11:15:09 | INFO    |        多頭 FVG : 無 | 空頭 FVG : 無
2026-07-24 11:15:09 | INFO    | ----------------------------------------------------------------------
2026-07-24 11:16:09 | INFO    | [11:15:04] 價格: 43865.0 | 大結構趨勢 (5M): BEARISH
2026-07-24 11:16:09 | INFO    |        即時信號 : 無特殊信號
2026-07-24 11:16:09 | INFO    |        多頭 OB  : [43691.0 - 43736.0] | 空頭 OB  : [43750.0 - 43810.0]
2026-07-24 11:16:09 | INFO    |        多頭 FVG : 無 | 空頭 FVG : 無
2026-07-24 11:16:09 | INFO    | ----------------------------------------------------------------------
2026-07-24 11:17:10 | INFO    | [11:16:04] 價格: 43864.0 | 大結構趨勢 (5M): BEARISH
2026-07-24 11:17:10 | INFO    |        即時信號 : 無特殊信號
2026-07-24 11:17:10 | INFO    |        多頭 OB  : [43691.0 - 43736.0] | 空頭 OB  : [43750.0 - 43810.0]
2026-07-24 11:17:10 | INFO    |        多頭 FVG : 無 | 空頭 FVG : 無
2026-07-24 11:17:10 | INFO    | ----------------------------------------------------------------------
2026-07-24 11:18:10 | INFO    | [11:17:04] 價格: 43953.0 | 大結構趨勢 (5M): BEARISH
2026-07-24 11:18:10 | INFO    |        即時信號 : 無特殊信號
2026-07-24 11:18:10 | INFO    |        多頭 OB  : [43691.0 - 43736.0] | 空頭 OB  : [43750.0 - 43810.0]
2026-07-24 11:18:10 | INFO    |        多頭 FVG : 無 | 空頭 FVG : 無
2026-07-24 11:18:10 | INFO    | ----------------------------------------------------------------------
2026-07-24 11:19:10 | INFO    | [11:18:04] 價格: 43905.0 | 大結構趨勢 (5M): BEARISH
2026-07-24 11:19:10 | INFO    |        即時信號 : 無特殊信號
2026-07-24 11:19:10 | INFO    |        多頭 OB  : [43691.0 - 43736.0] | 空頭 OB  : [43750.0 - 43810.0]
2026-07-24 11:19:10 | INFO    |        多頭 FVG : [43872.0 - 43905.0] | 空頭 FVG : 無
2026-07-24 11:19:10 | INFO    | ----------------------------------------------------------------------
2026-07-24 11:20:11 | INFO    | [11:19:05] 價格: 43915.0 | 大結構趨勢 (5M): BEARISH
2026-07-24 11:20:11 | INFO    |        即時信號 : 無特殊信號
2026-07-24 11:20:11 | INFO    |        多頭 OB  : [43691.0 - 43736.0] | 空頭 OB  : [43750.0 - 43810.0]
2026-07-24 11:20:11 | INFO    |        多頭 FVG : 無 | 空頭 FVG : 無
2026-07-24 11:20:11 | INFO    | ----------------------------------------------------------------------
2026-07-24 11:21:12 | INFO    | [11:20:06] 價格: 43936.0 | 大結構趨勢 (5M): BEARISH
2026-07-24 11:21:12 | INFO    |        即時信號 : 無特殊信號
2026-07-24 11:21:12 | INFO    |        多頭 OB  : [43691.0 - 43736.0] | 空頭 OB  : [43750.0 - 43810.0]
2026-07-24 11:21:12 | INFO    |        多頭 FVG : 無 | 空頭 FVG : 無
2026-07-24 11:21:12 | INFO    | ----------------------------------------------------------------------
2026-07-24 11:22:12 | INFO    | [11:21:07] 價格: 43990.0 | 大結構趨勢 (5M): BEARISH
2026-07-24 11:22:12 | INFO    |        即時信號 : 無特殊信號
2026-07-24 11:22:12 | INFO    |        多頭 OB  : [43691.0 - 43736.0] | 空頭 OB  : [43750.0 - 43810.0]
2026-07-24 11:22:12 | INFO    |        多頭 FVG : 無 | 空頭 FVG : 無
2026-07-24 11:22:12 | INFO    | ----------------------------------------------------------------------
2026-07-24 11:23:13 | INFO    | [11:22:07] 價格: 43928.0 | 大結構趨勢 (5M): BEARISH
2026-07-24 11:23:13 | INFO    |        即時信號 : ★ [流動性掠奪] Sweep High 形成！(賣方防守)
2026-07-24 11:23:13 | INFO    |        多頭 OB  : [43691.0 - 43736.0] | 空頭 OB  : [43750.0 - 43810.0]
2026-07-24 11:23:13 | INFO    |        多頭 FVG : 無 | 空頭 FVG : 無
2026-07-24 11:23:13 | INFO    | ----------------------------------------------------------------------
2026-07-24 11:23:13 | INFO    | [過濾] 偵測到信號但建議無效，已跳過發送 Telegram 通知。
2026-07-24 11:24:14 | INFO    | [11:23:07] 價格: 43939.0 | 大結構趨勢 (5M): BEARISH
2026-07-24 11:24:14 | INFO    |        即時信號 : 無特殊信號
2026-07-24 11:24:14 | INFO    |        多頭 OB  : [43691.0 - 43736.0] | 空頭 OB  : [43750.0 - 43810.0]
2026-07-24 11:24:14 | INFO    |        多頭 FVG : 無 | 空頭 FVG : 無
2026-07-24 11:24:14 | INFO    | ----------------------------------------------------------------------
2026-07-24 11:25:16 | INFO    | [11:24:08] 價格: 43942.0 | 大結構趨勢 (5M): BEARISH
2026-07-24 11:25:16 | INFO    |        即時信號 : ★ [流動性掠奪] Sweep High 形成！(賣方防守)
2026-07-24 11:25:16 | INFO    |        多頭 OB  : [43691.0 - 43736.0] | 空頭 OB  : [43750.0 - 43810.0]
2026-07-24 11:25:16 | INFO    |        多頭 FVG : 無 | 空頭 FVG : 無
2026-07-24 11:25:16 | INFO    | ----------------------------------------------------------------------
2026-07-24 11:25:16 | INFO    | [過濾] 偵測到信號但建議無效，已跳過發送 Telegram 通知。
2026-07-24 11:26:16 | INFO    | [11:25:10] 價格: 43979.0 | 大結構趨勢 (5M): BEARISH
2026-07-24 11:26:16 | INFO    |        即時信號 : 無特殊信號
2026-07-24 11:26:16 | INFO    |        多頭 OB  : [43691.0 - 43736.0] | 空頭 OB  : [43750.0 - 43810.0]
2026-07-24 11:26:16 | INFO    |        多頭 FVG : 無 | 空頭 FVG : 無
2026-07-24 11:26:16 | INFO    | ----------------------------------------------------------------------
2026-07-24 11:27:17 | INFO    | [11:26:11] 價格: 44013.0 | 大結構趨勢 (5M): BEARISH
2026-07-24 11:27:17 | INFO    |        即時信號 : 無特殊信號
2026-07-24 11:27:17 | INFO    |        多頭 OB  : [43691.0 - 43736.0] | 空頭 OB  : [43750.0 - 43810.0]
2026-07-24 11:27:17 | INFO    |        多頭 FVG : 無 | 空頭 FVG : 無
2026-07-24 11:27:17 | INFO    | ----------------------------------------------------------------------
2026-07-24 11:28:17 | INFO    | [11:27:11] 價格: 44039.0 | 大結構趨勢 (5M): BEARISH
2026-07-24 11:28:17 | INFO    |        即時信號 : 無特殊信號
2026-07-24 11:28:17 | INFO    |        多頭 OB  : [43691.0 - 43736.0] | 空頭 OB  : [43750.0 - 43810.0]
2026-07-24 11:28:17 | INFO    |        多頭 FVG : [44000.0 - 44008.0] | 空頭 FVG : 無
2026-07-24 11:28:17 | INFO    | ----------------------------------------------------------------------
2026-07-24 11:29:18 | INFO    | [11:28:12] 價格: 44053.0 | 大結構趨勢 (5M): BEARISH
2026-07-24 11:29:18 | INFO    |        即時信號 : 無特殊信號
2026-07-24 11:29:18 | INFO    |        多頭 OB  : [43691.0 - 43736.0] | 空頭 OB  : [43750.0 - 43810.0]
2026-07-24 11:29:18 | INFO    |        多頭 FVG : [44013.0 - 44015.0] | 空頭 FVG : 無
2026-07-24 11:29:18 | INFO    | ----------------------------------------------------------------------
2026-07-24 11:30:18 | INFO    | [11:29:12] 價格: 44030.0 | 大結構趨勢 (5M): BEARISH
2026-07-24 11:30:18 | INFO    |        即時信號 : 無特殊信號
2026-07-24 11:30:18 | INFO    |        多頭 OB  : [43691.0 - 43736.0] | 空頭 OB  : [43750.0 - 43810.0]
2026-07-24 11:30:18 | INFO    |        多頭 FVG : 無 | 空頭 FVG : 無
2026-07-24 11:30:18 | INFO    | ----------------------------------------------------------------------
2026-07-24 11:31:18 | INFO    | [11:30:13] 價格: 44006.0 | 大結構趨勢 (5M): BEARISH
2026-07-24 11:31:18 | INFO    |        即時信號 : 無特殊信號
2026-07-24 11:31:18 | INFO    |        多頭 OB  : [43691.0 - 43736.0] | 空頭 OB  : [43750.0 - 43810.0]
2026-07-24 11:31:18 | INFO    |        多頭 FVG : 無 | 空頭 FVG : 無
2026-07-24 11:31:18 | INFO    | ----------------------------------------------------------------------
2026-07-24 11:32:20 | INFO    | [11:31:13] 價格: 44000.0 | 大結構趨勢 (5M): BEARISH
2026-07-24 11:32:20 | INFO    |        即時信號 : 無特殊信號
2026-07-24 11:32:20 | INFO    |        多頭 OB  : [43691.0 - 43736.0] | 空頭 OB  : [43750.0 - 43810.0]
2026-07-24 11:32:20 | INFO    |        多頭 FVG : 無 | 空頭 FVG : 無
2026-07-24 11:32:20 | INFO    | ----------------------------------------------------------------------
2026-07-24 11:33:20 | INFO    | [11:32:14] 價格: 43900.0 | 大結構趨勢 (5M): BEARISH
2026-07-24 11:33:20 | INFO    |        即時信號 : 無特殊信號
2026-07-24 11:33:20 | INFO    |        多頭 OB  : [43691.0 - 43736.0] | 空頭 OB  : [43750.0 - 43810.0]
2026-07-24 11:33:20 | INFO    |        多頭 FVG : 無 | 空頭 FVG : [44004.0 - 44005.0]
2026-07-24 11:33:20 | INFO    | ----------------------------------------------------------------------
2026-07-24 11:34:20 | INFO    | [11:33:14] 價格: 43901.0 | 大結構趨勢 (5M): BEARISH
2026-07-24 11:34:20 | INFO    |        即時信號 : 無特殊信號
2026-07-24 11:34:20 | INFO    |        多頭 OB  : [43691.0 - 43736.0] | 空頭 OB  : [43750.0 - 43810.0]
2026-07-24 11:34:20 | INFO    |        多頭 FVG : 無 | 空頭 FVG : [43944.0 - 43993.0]
2026-07-24 11:34:20 | INFO    | ----------------------------------------------------------------------
2026-07-24 11:35:21 | INFO    | [11:34:15] 價格: 43958.0 | 大結構趨勢 (5M): BEARISH
2026-07-24 11:35:21 | INFO    |        即時信號 : 無特殊信號
2026-07-24 11:35:21 | INFO    |        多頭 OB  : [43691.0 - 43736.0] | 空頭 OB  : [43750.0 - 43810.0]
2026-07-24 11:35:21 | INFO    |        多頭 FVG : 無 | 空頭 FVG : 無
2026-07-24 11:35:21 | INFO    | ----------------------------------------------------------------------
2026-07-24 11:36:22 | INFO    | [11:35:16] 價格: 43914.0 | 大結構趨勢 (5M): BEARISH
2026-07-24 11:36:22 | INFO    |        即時信號 : 無特殊信號
2026-07-24 11:36:22 | INFO    |        多頭 OB  : [43691.0 - 43736.0] | 空頭 OB  : [43750.0 - 43810.0]
2026-07-24 11:36:22 | INFO    |        多頭 FVG : 無 | 空頭 FVG : 無
2026-07-24 11:36:22 | INFO    | ----------------------------------------------------------------------
2026-07-24 11:37:24 | INFO    | [11:36:16] 價格: 43906.0 | 大結構趨勢 (5M): BEARISH
2026-07-24 11:37:24 | INFO    |        即時信號 : 無特殊信號
2026-07-24 11:37:24 | INFO    |        多頭 OB  : [43691.0 - 43736.0] | 空頭 OB  : [43750.0 - 43810.0]
2026-07-24 11:37:24 | INFO    |        多頭 FVG : 無 | 空頭 FVG : 無
2026-07-24 11:37:24 | INFO    | ----------------------------------------------------------------------
2026-07-24 11:38:25 | INFO    | [11:37:19] 價格: 43901.0 | 大結構趨勢 (5M): BEARISH
2026-07-24 11:38:25 | INFO    |        即時信號 : 無特殊信號
2026-07-24 11:38:25 | INFO    |        多頭 OB  : [43691.0 - 43736.0] | 空頭 OB  : [43750.0 - 43810.0]
2026-07-24 11:38:25 | INFO    |        多頭 FVG : 無 | 空頭 FVG : 無
2026-07-24 11:38:25 | INFO    | ----------------------------------------------------------------------
2026-07-24 11:39:26 | INFO    | [11:38:20] 價格: 43961.0 | 大結構趨勢 (5M): BEARISH
2026-07-24 11:39:26 | INFO    |        即時信號 : 無特殊信號
2026-07-24 11:39:26 | INFO    |        多頭 OB  : [43691.0 - 43736.0] | 空頭 OB  : [43750.0 - 43810.0]
2026-07-24 11:39:26 | INFO    |        多頭 FVG : 無 | 空頭 FVG : 無
2026-07-24 11:39:26 | INFO    | ----------------------------------------------------------------------
2026-07-24 11:40:27 | INFO    | [11:39:20] 價格: 43951.0 | 大結構趨勢 (5M): BEARISH
2026-07-24 11:40:27 | INFO    |        即時信號 : 無特殊信號
2026-07-24 11:40:27 | INFO    |        多頭 OB  : [43691.0 - 43736.0] | 空頭 OB  : [43750.0 - 43810.0]
2026-07-24 11:40:27 | INFO    |        多頭 FVG : 無 | 空頭 FVG : 無
2026-07-24 11:40:27 | INFO    | ----------------------------------------------------------------------
2026-07-24 11:41:28 | INFO    | [11:40:22] 價格: 43909.0 | 大結構趨勢 (5M): BEARISH
2026-07-24 11:41:28 | INFO    |        即時信號 : 無特殊信號
2026-07-24 11:41:28 | INFO    |        多頭 OB  : [43691.0 - 43736.0] | 空頭 OB  : [43750.0 - 43810.0]
2026-07-24 11:41:28 | INFO    |        多頭 FVG : 無 | 空頭 FVG : 無
2026-07-24 11:41:28 | INFO    | ----------------------------------------------------------------------
2026-07-24 11:42:29 | INFO    | [11:41:23] 價格: 43909.0 | 大結構趨勢 (5M): BEARISH
2026-07-24 11:42:29 | INFO    |        即時信號 : 無特殊信號
2026-07-24 11:42:29 | INFO    |        多頭 OB  : [43691.0 - 43736.0] | 空頭 OB  : [43750.0 - 43810.0]
2026-07-24 11:42:29 | INFO    |        多頭 FVG : 無 | 空頭 FVG : [43923.0 - 43928.0]
2026-07-24 11:42:29 | INFO    | ----------------------------------------------------------------------
2026-07-24 11:43:30 | INFO    | [11:42:24] 價格: 43911.0 | 大結構趨勢 (5M): BEARISH
2026-07-24 11:43:30 | INFO    |        即時信號 : 無特殊信號
2026-07-24 11:43:30 | INFO    |        多頭 OB  : [43691.0 - 43736.0] | 空頭 OB  : [43750.0 - 43810.0]
2026-07-24 11:43:30 | INFO    |        多頭 FVG : 無 | 空頭 FVG : 無
2026-07-24 11:43:30 | INFO    | ----------------------------------------------------------------------
2026-07-24 11:44:31 | INFO    | [11:43:25] 價格: 43882.0 | 大結構趨勢 (5M): BEARISH
2026-07-24 11:44:31 | INFO    |        即時信號 : ★★ [結構轉換] MSS Bearish 確立！趨勢轉空
2026-07-24 11:44:31 | INFO    |        多頭 OB  : [43691.0 - 43736.0] | 空頭 OB  : [43895.0 - 43920.0]
2026-07-24 11:44:31 | INFO    |        多頭 FVG : 無 | 空頭 FVG : 無
2026-07-24 11:44:31 | INFO    | ----------------------------------------------------------------------
2026-07-24 11:44:31 | INFO    | [過濾] 偵測到信號但建議無效，已跳過發送 Telegram 通知。
2026-07-24 11:45:31 | INFO    | [11:44:25] 價格: 43883.0 | 大結構趨勢 (5M): BEARISH
2026-07-24 11:45:31 | INFO    |        即時信號 : 無特殊信號
2026-07-24 11:45:31 | INFO    |        多頭 OB  : [43691.0 - 43736.0] | 空頭 OB  : [43895.0 - 43920.0]
2026-07-24 11:45:31 | INFO    |        多頭 FVG : 無 | 空頭 FVG : 無
2026-07-24 11:45:31 | INFO    | ----------------------------------------------------------------------
2026-07-24 11:46:35 | INFO    | [11:45:26] 價格: 43911.0 | 大結構趨勢 (5M): BEARISH
2026-07-24 11:46:35 | INFO    |        即時信號 : ★ [流動性掠奪] Sweep Low 形成！(買方防守)
2026-07-24 11:46:35 | INFO    |        多頭 OB  : [43691.0 - 43736.0] | 空頭 OB  : [43895.0 - 43920.0]
2026-07-24 11:46:35 | INFO    |        多頭 FVG : 無 | 空頭 FVG : 無
2026-07-24 11:46:35 | INFO    | ----------------------------------------------------------------------
2026-07-24 11:46:35 | INFO    | [過濾] 偵測到信號但建議無效，已跳過發送 Telegram 通知。
2026-07-24 11:47:36 | INFO    | [11:46:29] 價格: 43934.0 | 大結構趨勢 (5M): BEARISH
2026-07-24 11:47:36 | INFO    |        即時信號 : 無特殊信號
2026-07-24 11:47:36 | INFO    |        多頭 OB  : [43691.0 - 43736.0] | 空頭 OB  : [43895.0 - 43920.0]
2026-07-24 11:47:36 | INFO    |        多頭 FVG : 無 | 空頭 FVG : 無
2026-07-24 11:47:36 | INFO    | ----------------------------------------------------------------------
2026-07-24 11:48:36 | INFO    | [11:47:30] 價格: 43937.0 | 大結構趨勢 (5M): BEARISH
2026-07-24 11:48:36 | INFO    |        即時信號 : 無特殊信號
2026-07-24 11:48:36 | INFO    |        多頭 OB  : [43691.0 - 43736.0] | 空頭 OB  : [43895.0 - 43920.0]
2026-07-24 11:48:36 | INFO    |        多頭 FVG : 無 | 空頭 FVG : 無
2026-07-24 11:48:36 | INFO    | ----------------------------------------------------------------------
2026-07-24 11:49:37 | INFO    | [11:48:31] 價格: 43923.0 | 大結構趨勢 (5M): BEARISH
2026-07-24 11:49:37 | INFO    |        即時信號 : 無特殊信號
2026-07-24 11:49:37 | INFO    |        多頭 OB  : [43691.0 - 43736.0] | 空頭 OB  : [43895.0 - 43920.0]
2026-07-24 11:49:37 | INFO    |        多頭 FVG : 無 | 空頭 FVG : 無
2026-07-24 11:49:37 | INFO    | ----------------------------------------------------------------------
2026-07-24 11:50:39 | INFO    | [11:49:32] 價格: 43894.0 | 大結構趨勢 (5M): BEARISH
2026-07-24 11:50:39 | INFO    |        即時信號 : 無特殊信號
2026-07-24 11:50:39 | INFO    |        多頭 OB  : [43691.0 - 43736.0] | 空頭 OB  : [43895.0 - 43920.0]
2026-07-24 11:50:39 | INFO    |        多頭 FVG : 無 | 空頭 FVG : 無
2026-07-24 11:50:39 | INFO    | ----------------------------------------------------------------------
2026-07-24 11:51:41 | INFO    | [11:50:34] 價格: 43880.0 | 大結構趨勢 (5M): BEARISH
2026-07-24 11:51:41 | INFO    |        即時信號 : ★ [流動性掠奪] Sweep Low 形成！(買方防守)
2026-07-24 11:51:41 | INFO    |        多頭 OB  : [43691.0 - 43736.0] | 空頭 OB  : [43895.0 - 43920.0]
2026-07-24 11:51:41 | INFO    |        多頭 FVG : 無 | 空頭 FVG : [43895.0 - 43918.0]
2026-07-24 11:51:41 | INFO    | ----------------------------------------------------------------------
2026-07-24 11:51:41 | INFO    | [過濾] 偵測到信號但建議無效，已跳過發送 Telegram 通知。
2026-07-24 11:52:41 | INFO    | [11:51:35] 價格: 43884.0 | 大結構趨勢 (5M): BEARISH
2026-07-24 11:52:41 | INFO    |        即時信號 : ★ [流動性掠奪] Sweep Low 形成！(買方防守)
2026-07-24 11:52:41 | INFO    |        多頭 OB  : [43691.0 - 43736.0] | 空頭 OB  : [43895.0 - 43920.0]
2026-07-24 11:52:41 | INFO    |        多頭 FVG : 無 | 空頭 FVG : 無
2026-07-24 11:52:41 | INFO    | ----------------------------------------------------------------------
2026-07-24 11:52:41 | INFO    | [過濾] 偵測到信號但建議無效，已跳過發送 Telegram 通知。
2026-07-24 11:53:42 | INFO    | [11:52:35] 價格: 43901.0 | 大結構趨勢 (5M): BEARISH
2026-07-24 11:53:42 | INFO    |        即時信號 : 無特殊信號
2026-07-24 11:53:42 | INFO    |        多頭 OB  : [43691.0 - 43736.0] | 空頭 OB  : [43895.0 - 43920.0]
2026-07-24 11:53:42 | INFO    |        多頭 FVG : 無 | 空頭 FVG : 無
2026-07-24 11:53:42 | INFO    | ----------------------------------------------------------------------
2026-07-24 11:54:42 | INFO    | [11:53:36] 價格: 43867.0 | 大結構趨勢 (5M): BEARISH
2026-07-24 11:54:42 | INFO    |        即時信號 : 無特殊信號
2026-07-24 11:54:42 | INFO    |        多頭 OB  : [43691.0 - 43736.0] | 空頭 OB  : [43895.0 - 43920.0]
2026-07-24 11:54:42 | INFO    |        多頭 FVG : 無 | 空頭 FVG : 無
2026-07-24 11:54:42 | INFO    | ----------------------------------------------------------------------
2026-07-24 11:55:42 | INFO    | [11:54:37] 價格: 43825.0 | 大結構趨勢 (5M): BEARISH
2026-07-24 11:55:42 | INFO    |        即時信號 : 無特殊信號
2026-07-24 11:55:42 | INFO    |        多頭 OB  : [43691.0 - 43736.0] | 空頭 OB  : [43895.0 - 43920.0]
2026-07-24 11:55:42 | INFO    |        多頭 FVG : 無 | 空頭 FVG : [43874.0 - 43883.0]
2026-07-24 11:55:42 | INFO    | ----------------------------------------------------------------------
2026-07-24 11:56:45 | INFO    | [11:55:37] 價格: 43830.0 | 大結構趨勢 (5M): BEARISH
2026-07-24 11:56:45 | INFO    |        即時信號 : 無特殊信號
2026-07-24 11:56:45 | INFO    |        多頭 OB  : [43691.0 - 43736.0] | 空頭 OB  : [43895.0 - 43920.0]
2026-07-24 11:56:45 | INFO    |        多頭 FVG : 無 | 空頭 FVG : [43836.0 - 43863.0]
2026-07-24 11:56:45 | INFO    | ----------------------------------------------------------------------
2026-07-24 11:57:45 | INFO    | [11:56:39] 價格: 43797.0 | 大結構趨勢 (5M): BEARISH
2026-07-24 11:57:45 | INFO    |        即時信號 : 無特殊信號
2026-07-24 11:57:45 | INFO    |        多頭 OB  : [43691.0 - 43736.0] | 空頭 OB  : [43895.0 - 43920.0]
2026-07-24 11:57:45 | INFO    |        多頭 FVG : 無 | 空頭 FVG : 無
2026-07-24 11:57:45 | INFO    | ----------------------------------------------------------------------
2026-07-24 11:58:46 | INFO    | [11:57:40] 價格: 43786.0 | 大結構趨勢 (5M): BEARISH
2026-07-24 11:58:46 | INFO    |        即時信號 : 無特殊信號
2026-07-24 11:58:46 | INFO    |        多頭 OB  : [43691.0 - 43736.0] | 空頭 OB  : [43895.0 - 43920.0]
2026-07-24 11:58:46 | INFO    |        多頭 FVG : 無 | 空頭 FVG : [43815.0 - 43816.0]
2026-07-24 11:58:46 | INFO    | ----------------------------------------------------------------------
2026-07-24 11:59:46 | INFO    | [11:58:40] 價格: 43765.0 | 大結構趨勢 (5M): BEARISH
2026-07-24 11:59:46 | INFO    |        即時信號 : 無特殊信號
2026-07-24 11:59:46 | INFO    |        多頭 OB  : [43691.0 - 43736.0] | 空頭 OB  : [43895.0 - 43920.0]
2026-07-24 11:59:46 | INFO    |        多頭 FVG : 無 | 空頭 FVG : [43793.0 - 43797.0]
2026-07-24 11:59:46 | INFO    | ----------------------------------------------------------------------
2026-07-24 12:00:48 | INFO    | [11:59:41] 價格: 43772.0 | 大結構趨勢 (5M): BEARISH
2026-07-24 12:00:48 | INFO    |        即時信號 : 無特殊信號
2026-07-24 12:00:48 | INFO    |        多頭 OB  : [43691.0 - 43736.0] | 空頭 OB  : [43895.0 - 43920.0]
2026-07-24 12:00:48 | INFO    |        多頭 FVG : 無 | 空頭 FVG : 無
2026-07-24 12:00:48 | INFO    | ----------------------------------------------------------------------
2026-07-24 12:01:48 | INFO    | [12:00:42] 價格: 43764.0 | 大結構趨勢 (5M): BEARISH
2026-07-24 12:01:48 | INFO    |        即時信號 : 無特殊信號
2026-07-24 12:01:48 | INFO    |        多頭 OB  : [43691.0 - 43736.0] | 空頭 OB  : [43895.0 - 43920.0]
2026-07-24 12:01:48 | INFO    |        多頭 FVG : 無 | 空頭 FVG : 無
2026-07-24 12:01:48 | INFO    | ----------------------------------------------------------------------
2026-07-24 12:02:48 | INFO    | [12:01:42] 價格: 43765.0 | 大結構趨勢 (5M): BEARISH
2026-07-24 12:02:48 | INFO    |        即時信號 : 無特殊信號
2026-07-24 12:02:48 | INFO    |        多頭 OB  : [43691.0 - 43736.0] | 空頭 OB  : [43895.0 - 43920.0]
2026-07-24 12:02:48 | INFO    |        多頭 FVG : 無 | 空頭 FVG : 無
2026-07-24 12:02:48 | INFO    | ----------------------------------------------------------------------
2026-07-24 12:03:49 | INFO    | [12:02:43] 價格: 43763.0 | 大結構趨勢 (5M): BEARISH
2026-07-24 12:03:49 | INFO    |        即時信號 : 無特殊信號
2026-07-24 12:03:49 | INFO    |        多頭 OB  : [43691.0 - 43736.0] | 空頭 OB  : [43895.0 - 43920.0]
2026-07-24 12:03:49 | INFO    |        多頭 FVG : 無 | 空頭 FVG : 無
2026-07-24 12:03:49 | INFO    | ----------------------------------------------------------------------
2026-07-24 12:04:50 | INFO    | [12:03:44] 價格: 43757.0 | 大結構趨勢 (5M): BEARISH
2026-07-24 12:04:50 | INFO    |        即時信號 : 無特殊信號
2026-07-24 12:04:50 | INFO    |        多頭 OB  : [43691.0 - 43736.0] | 空頭 OB  : [43895.0 - 43920.0]
2026-07-24 12:04:50 | INFO    |        多頭 FVG : 無 | 空頭 FVG : 無
2026-07-24 12:04:50 | INFO    | ----------------------------------------------------------------------
2026-07-24 12:05:50 | INFO    | [12:04:45] 價格: 43825.0 | 大結構趨勢 (5M): BEARISH
2026-07-24 12:05:50 | INFO    |        即時信號 : 無特殊信號
2026-07-24 12:05:50 | INFO    |        多頭 OB  : [43691.0 - 43736.0] | 空頭 OB  : [43895.0 - 43920.0]
2026-07-24 12:05:50 | INFO    |        多頭 FVG : 無 | 空頭 FVG : 無
2026-07-24 12:05:50 | INFO    | ----------------------------------------------------------------------
2026-07-24 12:06:51 | INFO    | [12:05:45] 價格: 43815.0 | 大結構趨勢 (5M): BEARISH
2026-07-24 12:06:51 | INFO    |        即時信號 : 無特殊信號
2026-07-24 12:06:51 | INFO    |        多頭 OB  : [43691.0 - 43736.0] | 空頭 OB  : [43895.0 - 43920.0]
2026-07-24 12:06:51 | INFO    |        多頭 FVG : [43775.0 - 43800.0] | 空頭 FVG : 無
2026-07-24 12:06:51 | INFO    | ----------------------------------------------------------------------
2026-07-24 12:07:51 | INFO    | [12:06:45] 價格: 43838.0 | 大結構趨勢 (5M): BEARISH
2026-07-24 12:07:51 | INFO    |        即時信號 : 無特殊信號
2026-07-24 12:07:51 | INFO    |        多頭 OB  : [43691.0 - 43736.0] | 空頭 OB  : [43895.0 - 43920.0]
2026-07-24 12:07:51 | INFO    |        多頭 FVG : 無 | 空頭 FVG : 無
2026-07-24 12:07:51 | INFO    | ----------------------------------------------------------------------
2026-07-24 12:08:54 | INFO    | [12:07:45] 價格: 43831.0 | 大結構趨勢 (5M): BEARISH
2026-07-24 12:08:54 | INFO    |        即時信號 : 無特殊信號
2026-07-24 12:08:54 | INFO    |        多頭 OB  : [43691.0 - 43736.0] | 空頭 OB  : [43895.0 - 43920.0]
2026-07-24 12:08:54 | INFO    |        多頭 FVG : 無 | 空頭 FVG : 無
2026-07-24 12:08:54 | INFO    | ----------------------------------------------------------------------
2026-07-24 12:09:58 | INFO    | [12:08:48] 價格: 43825.0 | 大結構趨勢 (5M): BEARISH
2026-07-24 12:09:58 | INFO    |        即時信號 : 無特殊信號
2026-07-24 12:09:58 | INFO    |        多頭 OB  : [43691.0 - 43736.0] | 空頭 OB  : [43895.0 - 43920.0]
2026-07-24 12:09:58 | INFO    |        多頭 FVG : 無 | 空頭 FVG : 無
2026-07-24 12:09:58 | INFO    | ----------------------------------------------------------------------
2026-07-24 12:10:59 | INFO    | [12:09:53] 價格: 43805.0 | 大結構趨勢 (5M): BEARISH
2026-07-24 12:10:59 | INFO    |        即時信號 : 無特殊信號
2026-07-24 12:10:59 | INFO    |        多頭 OB  : [43691.0 - 43736.0] | 空頭 OB  : [43895.0 - 43920.0]
2026-07-24 12:10:59 | INFO    |        多頭 FVG : 無 | 空頭 FVG : 無
2026-07-24 12:10:59 | INFO    | ----------------------------------------------------------------------
2026-07-24 12:12:00 | INFO    | [12:10:53] 價格: 43797.0 | 大結構趨勢 (5M): BEARISH
2026-07-24 12:12:00 | INFO    |        即時信號 : 無特殊信號
2026-07-24 12:12:00 | INFO    |        多頭 OB  : [43691.0 - 43736.0] | 空頭 OB  : [43895.0 - 43920.0]
2026-07-24 12:12:00 | INFO    |        多頭 FVG : 無 | 空頭 FVG : [43806.0 - 43814.0]
2026-07-24 12:12:00 | INFO    | ----------------------------------------------------------------------
2026-07-24 12:13:01 | INFO    | [12:11:54] 價格: 43755.0 | 大結構趨勢 (5M): BEARISH
2026-07-24 12:13:01 | INFO    |        即時信號 : 無特殊信號
2026-07-24 12:13:01 | INFO    |        多頭 OB  : [43691.0 - 43736.0] | 空頭 OB  : [43895.0 - 43920.0]
2026-07-24 12:13:01 | INFO    |        多頭 FVG : 無 | 空頭 FVG : 無
2026-07-24 12:13:01 | INFO    | ----------------------------------------------------------------------
2026-07-24 12:14:01 | INFO    | [12:12:55] 價格: 43741.0 | 大結構趨勢 (5M): BEARISH
2026-07-24 12:14:01 | INFO    |        即時信號 : ★ [流動性掠奪] Sweep Low 形成！(買方防守)
2026-07-24 12:14:01 | INFO    |        多頭 OB  : [43691.0 - 43736.0] | 空頭 OB  : [43895.0 - 43920.0]
2026-07-24 12:14:01 | INFO    |        多頭 FVG : 無 | 空頭 FVG : 無
2026-07-24 12:14:01 | INFO    | ----------------------------------------------------------------------
2026-07-24 12:14:01 | SIGNAL  | 訊號觸發，發送 Telegram 通知: ★ [流動性掠奪] Sweep Low 形成 (多頭訊號)！
2026-07-24 12:14:03 | INFO    | [Telegram] 訊息發送成功 | chat_id=-1004387856503
2026-07-24 12:15:03 | INFO    | [12:13:56] 價格: 43729.0 | 大結構趨勢 (5M): BEARISH
2026-07-24 12:15:03 | INFO    |        即時信號 : 無特殊信號
2026-07-24 12:15:03 | INFO    |        多頭 OB  : [43691.0 - 43736.0] | 空頭 OB  : [43895.0 - 43920.0]
2026-07-24 12:15:03 | INFO    |        多頭 FVG : 無 | 空頭 FVG : [43746.0 - 43754.0]
2026-07-24 12:15:03 | INFO    | ----------------------------------------------------------------------
2026-07-24 12:16:03 | INFO    | [12:14:58] 價格: 43723.0 | 大結構趨勢 (5M): BEARISH
2026-07-24 12:16:03 | INFO    |        即時信號 : 無特殊信號
2026-07-24 12:16:03 | INFO    |        多頭 OB  : [43691.0 - 43736.0] | 空頭 OB  : [43895.0 - 43920.0]
2026-07-24 12:16:03 | INFO    |        多頭 FVG : 無 | 空頭 FVG : 無
2026-07-24 12:16:03 | INFO    | ----------------------------------------------------------------------
2026-07-24 12:17:04 | INFO    | [12:15:58] 價格: 43752.0 | 大結構趨勢 (5M): BEARISH
2026-07-24 12:17:04 | INFO    |        即時信號 : ★ [流動性掠奪] Sweep Low 形成！(買方防守)
2026-07-24 12:17:04 | INFO    |        多頭 OB  : [43691.0 - 43736.0] | 空頭 OB  : [43895.0 - 43920.0]
2026-07-24 12:17:04 | INFO    |        多頭 FVG : 無 | 空頭 FVG : 無
2026-07-24 12:17:04 | INFO    | ----------------------------------------------------------------------
2026-07-24 12:17:04 | SIGNAL  | 訊號觸發，發送 Telegram 通知: ★ [流動性掠奪] Sweep Low 形成 (多頭訊號)！
2026-07-24 12:17:06 | INFO    | [Telegram] 訊息發送成功 | chat_id=-1004387856503
2026-07-24 12:18:04 | INFO    | [12:16:59] 價格: 43781.0 | 大結構趨勢 (5M): BEARISH
2026-07-24 12:18:04 | INFO    |        即時信號 : ★ [流動性掠奪] Sweep Low 形成！(買方防守)
2026-07-24 12:18:04 | INFO    |        多頭 OB  : [43691.0 - 43736.0] | 空頭 OB  : [43895.0 - 43920.0]
2026-07-24 12:18:04 | INFO    |        多頭 FVG : 無 | 空頭 FVG : 無
2026-07-24 12:18:04 | INFO    | ----------------------------------------------------------------------
2026-07-24 12:18:04 | SIGNAL  | 訊號觸發，發送 Telegram 通知: ★ [流動性掠奪] Sweep Low 形成 (多頭訊號)！
2026-07-24 12:18:06 | INFO    | [Telegram] 訊息發送成功 | chat_id=-1004387856503
2026-07-24 12:19:06 | INFO    | [12:17:59] 價格: 43791.0 | 大結構趨勢 (5M): BEARISH
2026-07-24 12:19:06 | INFO    |        即時信號 : 無特殊信號
2026-07-24 12:19:06 | INFO    |        多頭 OB  : [43691.0 - 43736.0] | 空頭 OB  : [43895.0 - 43920.0]
2026-07-24 12:19:06 | INFO    |        多頭 FVG : [43752.0 - 43758.0] | 空頭 FVG : 無
2026-07-24 12:19:06 | INFO    | ----------------------------------------------------------------------
2026-07-24 12:20:06 | INFO    | [12:19:00] 價格: 43823.0 | 大結構趨勢 (5M): BEARISH
2026-07-24 12:20:06 | INFO    |        即時信號 : 無特殊信號
2026-07-24 12:20:06 | INFO    |        多頭 OB  : [43691.0 - 43736.0] | 空頭 OB  : [43895.0 - 43920.0]
2026-07-24 12:20:06 | INFO    |        多頭 FVG : 無 | 空頭 FVG : 無
2026-07-24 12:20:06 | INFO    | ----------------------------------------------------------------------
2026-07-24 12:21:06 | INFO    | [12:20:00] 價格: 43781.0 | 大結構趨勢 (5M): BEARISH
2026-07-24 12:21:06 | INFO    |        即時信號 : 無特殊信號
2026-07-24 12:21:06 | INFO    |        多頭 OB  : [43691.0 - 43736.0] | 空頭 OB  : [43895.0 - 43920.0]
2026-07-24 12:21:06 | INFO    |        多頭 FVG : 無 | 空頭 FVG : 無
2026-07-24 12:21:06 | INFO    | ----------------------------------------------------------------------
2026-07-24 12:22:06 | INFO    | [12:21:00] 價格: 43799.0 | 大結構趨勢 (5M): BEARISH
2026-07-24 12:22:06 | INFO    |        即時信號 : 無特殊信號
2026-07-24 12:22:06 | INFO    |        多頭 OB  : [43691.0 - 43736.0] | 空頭 OB  : [43895.0 - 43920.0]
2026-07-24 12:22:06 | INFO    |        多頭 FVG : 無 | 空頭 FVG : 無
2026-07-24 12:22:06 | INFO    | ----------------------------------------------------------------------
2026-07-24 12:23:07 | INFO    | [12:22:00] 價格: 43845.0 | 大結構趨勢 (5M): BEARISH
2026-07-24 12:23:07 | INFO    |        即時信號 : ★ [流動性掠奪] Sweep High 形成！(賣方防守)
2026-07-24 12:23:07 | INFO    |        多頭 OB  : [43691.0 - 43736.0] | 空頭 OB  : [43895.0 - 43920.0]
2026-07-24 12:23:07 | INFO    |        多頭 FVG : 無 | 空頭 FVG : 無
2026-07-24 12:23:07 | INFO    | ----------------------------------------------------------------------
2026-07-24 12:23:07 | SIGNAL  | 訊號觸發，發送 Telegram 通知: ★ [流動性掠奪] Sweep High 形成 (空頭訊號)！
2026-07-24 12:23:08 | INFO    | [Telegram] 訊息發送成功 | chat_id=-1004387856503
2026-07-24 12:24:11 | INFO    | [12:23:01] 價格: 43857.0 | 大結構趨勢 (5M): BEARISH
2026-07-24 12:24:11 | INFO    |        即時信號 : ★★ [結構轉換] MSS Bullish 確立！趨勢轉多
2026-07-24 12:24:11 | INFO    |        多頭 OB  : [43770.0 - 43828.0] | 空頭 OB  : [43895.0 - 43920.0]
2026-07-24 12:24:11 | INFO    |        多頭 FVG : [43799.0 - 43840.0] | 空頭 FVG : 無
2026-07-24 12:24:11 | INFO    | ----------------------------------------------------------------------
2026-07-24 12:24:11 | SIGNAL  | 訊號觸發，發送 Telegram 通知: ★★ [結構轉換] MSS Bullish 確立 (多頭訊號)！
2026-07-24 12:24:12 | INFO    | [Telegram] 訊息發送成功 | chat_id=-1004387856503
2026-07-24 12:25:12 | INFO    | [12:24:05] 價格: 43872.0 | 大結構趨勢 (5M): BEARISH
2026-07-24 12:25:12 | INFO    |        即時信號 : 無特殊信號
2026-07-24 12:25:12 | INFO    |        多頭 OB  : [43770.0 - 43828.0] | 空頭 OB  : [43895.0 - 43920.0]
2026-07-24 12:25:12 | INFO    |        多頭 FVG : [43854.0 - 43858.0] | 空頭 FVG : 無
2026-07-24 12:25:12 | INFO    | ----------------------------------------------------------------------
2026-07-24 12:26:13 | INFO    | [12:25:06] 價格: 43883.0 | 大結構趨勢 (5M): BEARISH
2026-07-24 12:26:13 | INFO    |        即時信號 : 無特殊信號
2026-07-24 12:26:13 | INFO    |        多頭 OB  : [43770.0 - 43828.0] | 空頭 OB  : [43895.0 - 43920.0]
2026-07-24 12:26:13 | INFO    |        多頭 FVG : 無 | 空頭 FVG : 無
2026-07-24 12:26:13 | INFO    | ----------------------------------------------------------------------
2026-07-24 12:27:13 | INFO    | [12:26:07] 價格: 43899.0 | 大結構趨勢 (5M): BEARISH
2026-07-24 12:27:13 | INFO    |        即時信號 : 無特殊信號
2026-07-24 12:27:13 | INFO    |        多頭 OB  : [43770.0 - 43828.0] | 空頭 OB  : [43895.0 - 43920.0]
2026-07-24 12:27:13 | INFO    |        多頭 FVG : 無 | 空頭 FVG : 無
2026-07-24 12:27:13 | INFO    | ----------------------------------------------------------------------
2026-07-24 12:28:14 | INFO    | [12:27:08] 價格: 43956.0 | 大結構趨勢 (5M): BEARISH
2026-07-24 12:28:14 | INFO    |        即時信號 : 無特殊信號
2026-07-24 12:28:14 | INFO    |        多頭 OB  : [43770.0 - 43828.0] | 空頭 OB  : [43895.0 - 43920.0]
2026-07-24 12:28:14 | INFO    |        多頭 FVG : [43888.0 - 43891.0] | 空頭 FVG : 無
2026-07-24 12:28:14 | INFO    | ----------------------------------------------------------------------
2026-07-24 12:29:14 | INFO    | [12:28:09] 價格: 43914.0 | 大結構趨勢 (5M): BEARISH
2026-07-24 12:29:14 | INFO    |        即時信號 : 無特殊信號
2026-07-24 12:29:14 | INFO    |        多頭 OB  : [43770.0 - 43828.0] | 空頭 OB  : [43895.0 - 43920.0]
2026-07-24 12:29:14 | INFO    |        多頭 FVG : 無 | 空頭 FVG : 無
2026-07-24 12:29:14 | INFO    | ----------------------------------------------------------------------
2026-07-24 12:30:15 | INFO    | [12:29:09] 價格: 43918.0 | 大結構趨勢 (5M): BEARISH
2026-07-24 12:30:15 | INFO    |        即時信號 : 無特殊信號
2026-07-24 12:30:15 | INFO    |        多頭 OB  : [43770.0 - 43828.0] | 空頭 OB  : [43895.0 - 43920.0]
2026-07-24 12:30:15 | INFO    |        多頭 FVG : 無 | 空頭 FVG : 無
2026-07-24 12:30:15 | INFO    | ----------------------------------------------------------------------
2026-07-24 12:31:16 | INFO    | [12:30:10] 價格: 43899.0 | 大結構趨勢 (5M): BEARISH
2026-07-24 12:31:16 | INFO    |        即時信號 : 無特殊信號
2026-07-24 12:31:16 | INFO    |        多頭 OB  : [43770.0 - 43828.0] | 空頭 OB  : [43895.0 - 43920.0]
2026-07-24 12:31:16 | INFO    |        多頭 FVG : 無 | 空頭 FVG : 無
2026-07-24 12:31:16 | INFO    | ----------------------------------------------------------------------
2026-07-24 12:32:18 | INFO    | [12:31:10] 價格: 43919.0 | 大結構趨勢 (5M): BEARISH
2026-07-24 12:32:18 | INFO    |        即時信號 : 無特殊信號
2026-07-24 12:32:18 | INFO    |        多頭 OB  : [43770.0 - 43828.0] | 空頭 OB  : [43895.0 - 43920.0]
2026-07-24 12:32:18 | INFO    |        多頭 FVG : 無 | 空頭 FVG : 無
2026-07-24 12:32:18 | INFO    | ----------------------------------------------------------------------
2026-07-24 12:33:19 | INFO    | [12:32:13] 價格: 43890.0 | 大結構趨勢 (5M): BEARISH
2026-07-24 12:33:19 | INFO    |        即時信號 : 無特殊信號
2026-07-24 12:33:19 | INFO    |        多頭 OB  : [43770.0 - 43828.0] | 空頭 OB  : [43895.0 - 43920.0]
2026-07-24 12:33:19 | INFO    |        多頭 FVG : 無 | 空頭 FVG : 無
2026-07-24 12:33:19 | INFO    | ----------------------------------------------------------------------
2026-07-24 12:34:20 | INFO    | [12:33:14] 價格: 43880.0 | 大結構趨勢 (5M): BEARISH
2026-07-24 12:34:20 | INFO    |        即時信號 : 無特殊信號
2026-07-24 12:34:20 | INFO    |        多頭 OB  : [43770.0 - 43828.0] | 空頭 OB  : [43895.0 - 43920.0]
2026-07-24 12:34:20 | INFO    |        多頭 FVG : 無 | 空頭 FVG : 無
2026-07-24 12:34:20 | INFO    | ----------------------------------------------------------------------
2026-07-24 12:35:21 | INFO    | [12:34:15] 價格: 43875.0 | 大結構趨勢 (5M): BEARISH
2026-07-24 12:35:21 | INFO    |        即時信號 : 無特殊信號
2026-07-24 12:35:21 | INFO    |        多頭 OB  : [43770.0 - 43828.0] | 空頭 OB  : [43895.0 - 43920.0]
2026-07-24 12:35:21 | INFO    |        多頭 FVG : 無 | 空頭 FVG : 無
2026-07-24 12:35:21 | INFO    | ----------------------------------------------------------------------
2026-07-24 12:36:22 | INFO    | [12:35:15] 價格: 43879.0 | 大結構趨勢 (5M): BEARISH
2026-07-24 12:36:22 | INFO    |        即時信號 : 無特殊信號
2026-07-24 12:36:22 | INFO    |        多頭 OB  : [43770.0 - 43828.0] | 空頭 OB  : [43895.0 - 43920.0]
2026-07-24 12:36:22 | INFO    |        多頭 FVG : 無 | 空頭 FVG : 無
2026-07-24 12:36:22 | INFO    | ----------------------------------------------------------------------
2026-07-24 12:37:22 | INFO    | [12:36:16] 價格: 43869.0 | 大結構趨勢 (5M): BEARISH
2026-07-24 12:37:22 | INFO    |        即時信號 : 無特殊信號
2026-07-24 12:37:22 | INFO    |        多頭 OB  : [43770.0 - 43828.0] | 空頭 OB  : [43895.0 - 43920.0]
2026-07-24 12:37:22 | INFO    |        多頭 FVG : 無 | 空頭 FVG : 無
2026-07-24 12:37:22 | INFO    | ----------------------------------------------------------------------
2026-07-24 12:38:23 | INFO    | [12:37:16] 價格: 43826.0 | 大結構趨勢 (5M): BEARISH
2026-07-24 12:38:23 | INFO    |        即時信號 : 無特殊信號
2026-07-24 12:38:23 | INFO    |        多頭 OB  : [43770.0 - 43828.0] | 空頭 OB  : [43895.0 - 43920.0]
2026-07-24 12:38:23 | INFO    |        多頭 FVG : 無 | 空頭 FVG : 無
2026-07-24 12:38:23 | INFO    | ----------------------------------------------------------------------
2026-07-24 12:39:24 | INFO    | [12:38:18] 價格: 43817.0 | 大結構趨勢 (5M): BEARISH
2026-07-24 12:39:24 | INFO    |        即時信號 : 無特殊信號
2026-07-24 12:39:24 | INFO    |        多頭 OB  : [43770.0 - 43828.0] | 空頭 OB  : [43895.0 - 43920.0]
2026-07-24 12:39:24 | INFO    |        多頭 FVG : 無 | 空頭 FVG : [43840.0 - 43853.0]
2026-07-24 12:39:24 | INFO    | ----------------------------------------------------------------------
2026-07-24 12:40:25 | INFO    | [12:39:18] 價格: 43815.0 | 大結構趨勢 (5M): BEARISH
2026-07-24 12:40:25 | INFO    |        即時信號 : 無特殊信號
2026-07-24 12:40:25 | INFO    |        多頭 OB  : [43770.0 - 43828.0] | 空頭 OB  : [43895.0 - 43920.0]
2026-07-24 12:40:25 | INFO    |        多頭 FVG : 無 | 空頭 FVG : 無
2026-07-24 12:40:25 | INFO    | ----------------------------------------------------------------------
2026-07-24 12:41:25 | INFO    | [12:40:19] 價格: 43778.0 | 大結構趨勢 (5M): BEARISH
2026-07-24 12:41:25 | INFO    |        即時信號 : 無特殊信號
2026-07-24 12:41:25 | INFO    |        多頭 OB  : [43770.0 - 43828.0] | 空頭 OB  : [43895.0 - 43920.0]
2026-07-24 12:41:25 | INFO    |        多頭 FVG : 無 | 空頭 FVG : 無
2026-07-24 12:41:25 | INFO    | ----------------------------------------------------------------------
2026-07-24 12:42:26 | INFO    | [12:41:19] 價格: 43775.0 | 大結構趨勢 (5M): BEARISH
2026-07-24 12:42:26 | INFO    |        即時信號 : 無特殊信號
2026-07-24 12:42:26 | INFO    |        多頭 OB  : [43770.0 - 43828.0] | 空頭 OB  : [43895.0 - 43920.0]
2026-07-24 12:42:26 | INFO    |        多頭 FVG : 無 | 空頭 FVG : [43783.0 - 43805.0]
2026-07-24 12:42:26 | INFO    | ----------------------------------------------------------------------
2026-07-24 12:43:27 | INFO    | [12:42:20] 價格: 43825.0 | 大結構趨勢 (5M): BEARISH
2026-07-24 12:43:27 | INFO    |        即時信號 : 無特殊信號
2026-07-24 12:43:27 | INFO    |        多頭 OB  : [43770.0 - 43828.0] | 空頭 OB  : [43895.0 - 43920.0]
2026-07-24 12:43:27 | INFO    |        多頭 FVG : 無 | 空頭 FVG : 無
2026-07-24 12:43:27 | INFO    | ----------------------------------------------------------------------
2026-07-24 12:44:28 | INFO    | [12:43:22] 價格: 43800.0 | 大結構趨勢 (5M): BEARISH
2026-07-24 12:44:28 | INFO    |        即時信號 : 無特殊信號
2026-07-24 12:44:28 | INFO    |        多頭 OB  : [43770.0 - 43828.0] | 空頭 OB  : [43895.0 - 43920.0]
2026-07-24 12:44:28 | INFO    |        多頭 FVG : [43783.0 - 43799.0] | 空頭 FVG : 無
2026-07-24 12:44:28 | INFO    | ----------------------------------------------------------------------
2026-07-24 12:45:28 | INFO    | [12:44:22] 價格: 43809.0 | 大結構趨勢 (5M): BEARISH
2026-07-24 12:45:28 | INFO    |        即時信號 : 無特殊信號
2026-07-24 12:45:28 | INFO    |        多頭 OB  : [43770.0 - 43828.0] | 空頭 OB  : [43895.0 - 43920.0]
2026-07-24 12:45:28 | INFO    |        多頭 FVG : 無 | 空頭 FVG : 無
2026-07-24 12:45:28 | INFO    | ----------------------------------------------------------------------
2026-07-24 12:46:29 | INFO    | [12:45:23] 價格: 43825.0 | 大結構趨勢 (5M): BEARISH
2026-07-24 12:46:29 | INFO    |        即時信號 : 無特殊信號
2026-07-24 12:46:29 | INFO    |        多頭 OB  : [43770.0 - 43828.0] | 空頭 OB  : [43895.0 - 43920.0]
2026-07-24 12:46:29 | INFO    |        多頭 FVG : 無 | 空頭 FVG : 無
2026-07-24 12:46:29 | INFO    | ----------------------------------------------------------------------
2026-07-24 12:47:30 | INFO    | [12:46:24] 價格: 43821.0 | 大結構趨勢 (5M): BEARISH
2026-07-24 12:47:30 | INFO    |        即時信號 : 無特殊信號
2026-07-24 12:47:30 | INFO    |        多頭 OB  : [43770.0 - 43828.0] | 空頭 OB  : [43895.0 - 43920.0]
2026-07-24 12:47:30 | INFO    |        多頭 FVG : 無 | 空頭 FVG : 無
2026-07-24 12:47:30 | INFO    | ----------------------------------------------------------------------
2026-07-24 12:48:31 | INFO    | [12:47:24] 價格: 43798.0 | 大結構趨勢 (5M): BEARISH
2026-07-24 12:48:31 | INFO    |        即時信號 : 無特殊信號
2026-07-24 12:48:31 | INFO    |        多頭 OB  : [43770.0 - 43828.0] | 空頭 OB  : [43895.0 - 43920.0]
2026-07-24 12:48:31 | INFO    |        多頭 FVG : 無 | 空頭 FVG : 無
2026-07-24 12:48:31 | INFO    | ----------------------------------------------------------------------
2026-07-24 12:49:31 | INFO    | [12:48:25] 價格: 43775.0 | 大結構趨勢 (5M): BEARISH
2026-07-24 12:49:31 | INFO    |        即時信號 : 無特殊信號
2026-07-24 12:49:31 | INFO    |        多頭 OB  : [43770.0 - 43828.0] | 空頭 OB  : [43895.0 - 43920.0]
2026-07-24 12:49:31 | INFO    |        多頭 FVG : 無 | 空頭 FVG : [43798.0 - 43807.0]
2026-07-24 12:49:31 | INFO    | ----------------------------------------------------------------------
2026-07-24 12:50:32 | INFO    | [12:49:26] 價格: 43830.0 | 大結構趨勢 (5M): BEARISH
2026-07-24 12:50:32 | INFO    |        即時信號 : 無特殊信號
2026-07-24 12:50:32 | INFO    |        多頭 OB  : [43770.0 - 43828.0] | 空頭 OB  : [43895.0 - 43920.0]
2026-07-24 12:50:32 | INFO    |        多頭 FVG : 無 | 空頭 FVG : 無
2026-07-24 12:50:32 | INFO    | ----------------------------------------------------------------------
2026-07-24 12:51:33 | INFO    | [12:50:26] 價格: 43777.0 | 大結構趨勢 (5M): BEARISH
2026-07-24 12:51:33 | INFO    |        即時信號 : 無特殊信號
2026-07-24 12:51:33 | INFO    |        多頭 OB  : [43770.0 - 43828.0] | 空頭 OB  : [43895.0 - 43920.0]
2026-07-24 12:51:33 | INFO    |        多頭 FVG : 無 | 空頭 FVG : 無
2026-07-24 12:51:33 | INFO    | ----------------------------------------------------------------------
2026-07-24 12:52:33 | INFO    | [12:51:27] 價格: 43786.0 | 大結構趨勢 (5M): BEARISH
2026-07-24 12:52:33 | INFO    |        即時信號 : 無特殊信號
2026-07-24 12:52:33 | INFO    |        多頭 OB  : [43770.0 - 43828.0] | 空頭 OB  : [43895.0 - 43920.0]
2026-07-24 12:52:33 | INFO    |        多頭 FVG : 無 | 空頭 FVG : 無
2026-07-24 12:52:33 | INFO    | ----------------------------------------------------------------------
2026-07-24 12:53:34 | INFO    | [12:52:27] 價格: 43820.0 | 大結構趨勢 (5M): BEARISH
2026-07-24 12:53:34 | INFO    |        即時信號 : 無特殊信號
2026-07-24 12:53:34 | INFO    |        多頭 OB  : [43770.0 - 43828.0] | 空頭 OB  : [43895.0 - 43920.0]
2026-07-24 12:53:34 | INFO    |        多頭 FVG : 無 | 空頭 FVG : 無
2026-07-24 12:53:34 | INFO    | ----------------------------------------------------------------------
2026-07-24 12:54:35 | INFO    | [12:53:28] 價格: 43842.0 | 大結構趨勢 (5M): BEARISH
2026-07-24 12:54:35 | INFO    |        即時信號 : ★ [流動性掠奪] Sweep High 形成！(賣方防守)
2026-07-24 12:54:35 | INFO    |        多頭 OB  : [43770.0 - 43828.0] | 空頭 OB  : [43895.0 - 43920.0]
2026-07-24 12:54:35 | INFO    |        多頭 FVG : [43789.0 - 43799.0] | 空頭 FVG : 無
2026-07-24 12:54:35 | INFO    | ----------------------------------------------------------------------
2026-07-24 12:54:35 | INFO    | [過濾] 偵測到信號但建議無效，已跳過發送 Telegram 通知。
2026-07-24 12:55:35 | INFO    | [12:54:29] 價格: 43821.0 | 大結構趨勢 (5M): BEARISH
2026-07-24 12:55:35 | INFO    |        即時信號 : ★ [流動性掠奪] Sweep High 形成！(賣方防守)
2026-07-24 12:55:35 | INFO    |        多頭 OB  : [43770.0 - 43828.0] | 空頭 OB  : [43895.0 - 43920.0]
2026-07-24 12:55:35 | INFO    |        多頭 FVG : 無 | 空頭 FVG : 無
2026-07-24 12:55:35 | INFO    | ----------------------------------------------------------------------
2026-07-24 12:55:35 | INFO    | [過濾] 偵測到信號但建議無效，已跳過發送 Telegram 通知。
2026-07-24 12:56:35 | INFO    | [12:55:29] 價格: 43818.0 | 大結構趨勢 (5M): BEARISH
2026-07-24 12:56:35 | INFO    |        即時信號 : 無特殊信號
2026-07-24 12:56:35 | INFO    |        多頭 OB  : [43770.0 - 43828.0] | 空頭 OB  : [43895.0 - 43920.0]
2026-07-24 12:56:35 | INFO    |        多頭 FVG : 無 | 空頭 FVG : 無
2026-07-24 12:56:35 | INFO    | ----------------------------------------------------------------------
2026-07-24 12:57:36 | INFO    | [12:56:29] 價格: 43840.0 | 大結構趨勢 (5M): BEARISH
2026-07-24 12:57:36 | INFO    |        即時信號 : 無特殊信號
2026-07-24 12:57:36 | INFO    |        多頭 OB  : [43770.0 - 43828.0] | 空頭 OB  : [43895.0 - 43920.0]
2026-07-24 12:57:36 | INFO    |        多頭 FVG : 無 | 空頭 FVG : 無
2026-07-24 12:57:36 | INFO    | ----------------------------------------------------------------------
2026-07-24 12:58:36 | INFO    | [12:57:30] 價格: 43837.0 | 大結構趨勢 (5M): BEARISH
2026-07-24 12:58:36 | INFO    |        即時信號 : ★ [流動性掠奪] Sweep High 形成！(賣方防守)
2026-07-24 12:58:36 | INFO    |        多頭 OB  : [43770.0 - 43828.0] | 空頭 OB  : [43895.0 - 43920.0]
2026-07-24 12:58:36 | INFO    |        多頭 FVG : 無 | 空頭 FVG : 無
2026-07-24 12:58:36 | INFO    | ----------------------------------------------------------------------
2026-07-24 12:58:36 | INFO    | [過濾] 偵測到信號但建議無效，已跳過發送 Telegram 通知。
2026-07-24 12:59:36 | INFO    | [12:58:30] 價格: 43849.0 | 大結構趨勢 (5M): BEARISH
2026-07-24 12:59:36 | INFO    |        即時信號 : 無特殊信號
2026-07-24 12:59:36 | INFO    |        多頭 OB  : [43770.0 - 43828.0] | 空頭 OB  : [43895.0 - 43920.0]
2026-07-24 12:59:36 | INFO    |        多頭 FVG : 無 | 空頭 FVG : 無
2026-07-24 12:59:36 | INFO    | ----------------------------------------------------------------------
2026-07-24 13:00:36 | INFO    | [12:59:30] 價格: 43859.0 | 大結構趨勢 (5M): BEARISH
2026-07-24 13:00:36 | INFO    |        即時信號 : 無特殊信號
2026-07-24 13:00:36 | INFO    |        多頭 OB  : [43770.0 - 43828.0] | 空頭 OB  : [43895.0 - 43920.0]
2026-07-24 13:00:36 | INFO    |        多頭 FVG : 無 | 空頭 FVG : 無
2026-07-24 13:00:36 | INFO    | ----------------------------------------------------------------------
2026-07-24 13:01:37 | INFO    | [13:00:30] 價格: 43790.0 | 大結構趨勢 (5M): BEARISH
2026-07-24 13:01:37 | INFO    |        即時信號 : ★ [流動性掠奪] Sweep High 形成！(賣方防守)
2026-07-24 13:01:37 | INFO    |        多頭 OB  : [43770.0 - 43828.0] | 空頭 OB  : [43895.0 - 43920.0]
2026-07-24 13:01:37 | INFO    |        多頭 FVG : 無 | 空頭 FVG : 無
2026-07-24 13:01:37 | INFO    | ----------------------------------------------------------------------
2026-07-24 13:01:37 | SIGNAL  | 訊號觸發，發送 Telegram 通知: ★ [流動性掠奪] Sweep High 形成 (空頭訊號)！
2026-07-24 13:01:38 | INFO    | [Telegram] 訊息發送成功 | chat_id=-1004387856503
2026-07-24 13:02:37 | INFO    | [13:01:31] 價格: 43769.0 | 大結構趨勢 (5M): BEARISH
2026-07-24 13:02:37 | INFO    |        即時信號 : ★ [流動性掠奪] Sweep Low 形成！(買方防守)
2026-07-24 13:02:37 | INFO    |        多頭 OB  : [43770.0 - 43828.0] | 空頭 OB  : [43895.0 - 43920.0]
2026-07-24 13:02:37 | INFO    |        多頭 FVG : 無 | 空頭 FVG : [43795.0 - 43849.0]
2026-07-24 13:02:37 | INFO    | ----------------------------------------------------------------------
2026-07-24 13:02:37 | INFO    | [過濾] 偵測到信號但建議無效，已跳過發送 Telegram 通知。
2026-07-24 13:03:38 | INFO    | [13:02:32] 價格: 43788.0 | 大結構趨勢 (5M): BEARISH
2026-07-24 13:03:38 | INFO    |        即時信號 : 無特殊信號
2026-07-24 13:03:38 | INFO    |        多頭 OB  : [43770.0 - 43828.0] | 空頭 OB  : [43895.0 - 43920.0]
2026-07-24 13:03:38 | INFO    |        多頭 FVG : 無 | 空頭 FVG : 無
2026-07-24 13:03:38 | INFO    | ----------------------------------------------------------------------
2026-07-24 13:04:39 | INFO    | [13:03:32] 價格: 43767.0 | 大結構趨勢 (5M): BEARISH
2026-07-24 13:04:39 | INFO    |        即時信號 : ★★ [結構轉換] MSS Bearish 確立！趨勢轉空
2026-07-24 13:04:39 | INFO    |        多頭 OB  : [43770.0 - 43828.0] | 空頭 OB  : [43769.0 - 43788.0]
2026-07-24 13:04:39 | INFO    |        多頭 FVG : 無 | 空頭 FVG : 無
2026-07-24 13:04:39 | INFO    | ----------------------------------------------------------------------
2026-07-24 13:04:39 | SIGNAL  | 訊號觸發，發送 Telegram 通知: ★★ [結構轉換] MSS Bearish 確立 (空頭訊號)！
2026-07-24 13:04:41 | INFO    | [Telegram] 訊息發送成功 | chat_id=-1004387856503
2026-07-24 13:05:41 | INFO    | [13:04:34] 價格: 43768.0 | 大結構趨勢 (5M): BEARISH
2026-07-24 13:05:41 | INFO    |        即時信號 : 無特殊信號
2026-07-24 13:05:41 | INFO    |        多頭 OB  : [43770.0 - 43828.0] | 空頭 OB  : [43769.0 - 43788.0]
2026-07-24 13:05:41 | INFO    |        多頭 FVG : 無 | 空頭 FVG : 無
2026-07-24 13:05:41 | INFO    | ----------------------------------------------------------------------
2026-07-24 13:06:41 | INFO    | [13:05:36] 價格: 43773.0 | 大結構趨勢 (5M): BEARISH
2026-07-24 13:06:41 | INFO    |        即時信號 : ★ [流動性掠奪] Sweep Low 形成！(買方防守)
2026-07-24 13:06:41 | INFO    |        多頭 OB  : [43770.0 - 43828.0] | 空頭 OB  : [43769.0 - 43788.0]
2026-07-24 13:06:41 | INFO    |        多頭 FVG : 無 | 空頭 FVG : 無
2026-07-24 13:06:41 | INFO    | ----------------------------------------------------------------------
2026-07-24 13:06:41 | SIGNAL  | 訊號觸發，發送 Telegram 通知: ★ [流動性掠奪] Sweep Low 形成 (多頭訊號)！
2026-07-24 13:06:43 | INFO    | [Telegram] 訊息發送成功 | chat_id=-1004387856503
2026-07-24 13:07:41 | INFO    | [13:06:36] 價格: 43830.0 | 大結構趨勢 (5M): BEARISH
2026-07-24 13:07:41 | INFO    |        即時信號 : ★ [流動性掠奪] Sweep Low 形成！(買方防守)
2026-07-24 13:07:41 | INFO    |        多頭 OB  : [43770.0 - 43828.0] | 空頭 OB  : [43769.0 - 43788.0]
2026-07-24 13:07:41 | INFO    |        多頭 FVG : 無 | 空頭 FVG : 無
2026-07-24 13:07:41 | INFO    | ----------------------------------------------------------------------
2026-07-24 13:07:41 | SIGNAL  | 訊號觸發，發送 Telegram 通知: ★ [流動性掠奪] Sweep Low 形成 (多頭訊號)！
2026-07-24 13:07:43 | INFO    | [Telegram] 訊息發送成功 | chat_id=-1004387856503
2026-07-24 13:08:42 | INFO    | [13:07:36] 價格: 43848.0 | 大結構趨勢 (5M): BEARISH
2026-07-24 13:08:42 | INFO    |        即時信號 : 無特殊信號
2026-07-24 13:08:42 | INFO    |        多頭 OB  : [43770.0 - 43828.0] | 空頭 OB  : [43769.0 - 43788.0]
2026-07-24 13:08:42 | INFO    |        多頭 FVG : [43790.0 - 43823.0] | 空頭 FVG : 無
2026-07-24 13:08:42 | INFO    | ----------------------------------------------------------------------
2026-07-24 13:09:44 | INFO    | [13:08:36] 價格: 43854.0 | 大結構趨勢 (5M): BEARISH
2026-07-24 13:09:44 | INFO    |        即時信號 : ★ [流動性掠奪] Sweep High 形成！(賣方防守)
2026-07-24 13:09:44 | INFO    |        多頭 OB  : [43770.0 - 43828.0] | 空頭 OB  : [43769.0 - 43788.0]
2026-07-24 13:09:44 | INFO    |        多頭 FVG : 無 | 空頭 FVG : 無
2026-07-24 13:09:44 | INFO    | ----------------------------------------------------------------------
2026-07-24 13:09:44 | INFO    | [過濾] 偵測到信號但建議無效，已跳過發送 Telegram 通知。
2026-07-24 13:10:44 | INFO    | [13:09:38] 價格: 43838.0 | 大結構趨勢 (5M): BEARISH
2026-07-24 13:10:44 | INFO    |        即時信號 : 無特殊信號
2026-07-24 13:10:44 | INFO    |        多頭 OB  : [43770.0 - 43828.0] | 空頭 OB  : [43769.0 - 43788.0]
2026-07-24 13:10:44 | INFO    |        多頭 FVG : 無 | 空頭 FVG : 無
2026-07-24 13:10:44 | INFO    | ----------------------------------------------------------------------
2026-07-24 13:11:45 | INFO    | [13:10:38] 價格: 43838.0 | 大結構趨勢 (5M): BEARISH
2026-07-24 13:11:45 | INFO    |        即時信號 : 無特殊信號
2026-07-24 13:11:45 | INFO    |        多頭 OB  : [43770.0 - 43828.0] | 空頭 OB  : [43769.0 - 43788.0]
2026-07-24 13:11:45 | INFO    |        多頭 FVG : 無 | 空頭 FVG : 無
2026-07-24 13:11:45 | INFO    | ----------------------------------------------------------------------
2026-07-24 13:12:46 | INFO    | [13:11:40] 價格: 43849.0 | 大結構趨勢 (5M): BEARISH
2026-07-24 13:12:46 | INFO    |        即時信號 : 無特殊信號
2026-07-24 13:12:46 | INFO    |        多頭 OB  : [43770.0 - 43828.0] | 空頭 OB  : [43769.0 - 43788.0]
2026-07-24 13:12:46 | INFO    |        多頭 FVG : 無 | 空頭 FVG : 無
2026-07-24 13:12:46 | INFO    | ----------------------------------------------------------------------
2026-07-24 13:13:46 | INFO    | [13:12:40] 價格: 43838.0 | 大結構趨勢 (5M): BEARISH
2026-07-24 13:13:46 | INFO    |        即時信號 : 無特殊信號
2026-07-24 13:13:46 | INFO    |        多頭 OB  : [43770.0 - 43828.0] | 空頭 OB  : [43769.0 - 43788.0]
2026-07-24 13:13:46 | INFO    |        多頭 FVG : 無 | 空頭 FVG : 無
2026-07-24 13:13:46 | INFO    | ----------------------------------------------------------------------
2026-07-24 13:14:46 | INFO    | [13:13:40] 價格: 43821.0 | 大結構趨勢 (5M): BEARISH
2026-07-24 13:14:46 | INFO    |        即時信號 : 無特殊信號
2026-07-24 13:14:46 | INFO    |        多頭 OB  : [43770.0 - 43828.0] | 空頭 OB  : [43769.0 - 43788.0]
2026-07-24 13:14:46 | INFO    |        多頭 FVG : 無 | 空頭 FVG : 無
2026-07-24 13:14:46 | INFO    | ----------------------------------------------------------------------
2026-07-24 13:15:47 | INFO    | [13:14:40] 價格: 43820.0 | 大結構趨勢 (5M): BEARISH
2026-07-24 13:15:47 | INFO    |        即時信號 : ★ [流動性掠奪] Sweep Low 形成！(買方防守)
2026-07-24 13:15:47 | INFO    |        多頭 OB  : [43770.0 - 43828.0] | 空頭 OB  : [43769.0 - 43788.0]
2026-07-24 13:15:47 | INFO    |        多頭 FVG : 無 | 空頭 FVG : 無
2026-07-24 13:15:47 | INFO    | ----------------------------------------------------------------------
2026-07-24 13:15:47 | SIGNAL  | 訊號觸發，發送 Telegram 通知: ★ [流動性掠奪] Sweep Low 形成 (多頭訊號)！
2026-07-24 13:15:48 | INFO    | [Telegram] 訊息發送成功 | chat_id=-1004387856503
2026-07-24 13:16:47 | INFO    | [13:15:41] 價格: 43819.0 | 大結構趨勢 (5M): BEARISH
2026-07-24 13:16:47 | INFO    |        即時信號 : ★ [流動性掠奪] Sweep Low 形成！(買方防守)
2026-07-24 13:16:47 | INFO    |        多頭 OB  : [43770.0 - 43828.0] | 空頭 OB  : [43769.0 - 43788.0]
2026-07-24 13:16:47 | INFO    |        多頭 FVG : 無 | 空頭 FVG : 無
2026-07-24 13:16:47 | INFO    | ----------------------------------------------------------------------
2026-07-24 13:16:47 | SIGNAL  | 訊號觸發，發送 Telegram 通知: ★ [流動性掠奪] Sweep Low 形成 (多頭訊號)！
2026-07-24 13:16:49 | INFO    | [Telegram] 訊息發送成功 | chat_id=-1004387856503
2026-07-24 13:17:48 | INFO    | [13:16:41] 價格: 43840.0 | 大結構趨勢 (5M): BEARISH
2026-07-24 13:17:48 | INFO    |        即時信號 : ★ [流動性掠奪] Sweep Low 形成！(買方防守)
2026-07-24 13:17:48 | INFO    |        多頭 OB  : [43770.0 - 43828.0] | 空頭 OB  : [43769.0 - 43788.0]
2026-07-24 13:17:48 | INFO    |        多頭 FVG : 無 | 空頭 FVG : 無
2026-07-24 13:17:48 | INFO    | ----------------------------------------------------------------------
2026-07-24 13:17:48 | SIGNAL  | 訊號觸發，發送 Telegram 通知: ★ [流動性掠奪] Sweep Low 形成 (多頭訊號)！
2026-07-24 13:17:50 | INFO    | [Telegram] 訊息發送成功 | chat_id=-1004387856503
2026-07-24 13:18:49 | INFO    | [13:17:42] 價格: 43813.0 | 大結構趨勢 (5M): BEARISH
2026-07-24 13:18:49 | INFO    |        即時信號 : ★ [流動性掠奪] Sweep Low 形成！(買方防守)
2026-07-24 13:18:49 | INFO    |        多頭 OB  : [43770.0 - 43828.0] | 空頭 OB  : [43769.0 - 43788.0]
2026-07-24 13:18:49 | INFO    |        多頭 FVG : 無 | 空頭 FVG : 無
2026-07-24 13:18:49 | INFO    | ----------------------------------------------------------------------
2026-07-24 13:18:49 | SIGNAL  | 訊號觸發，發送 Telegram 通知: ★ [流動性掠奪] Sweep Low 形成 (多頭訊號)！
2026-07-24 13:18:50 | INFO    | [Telegram] 訊息發送成功 | chat_id=-1004387856503
2026-07-24 13:19:49 | INFO    | [13:18:43] 價格: 43808.0 | 大結構趨勢 (5M): BEARISH
2026-07-24 13:19:49 | INFO    |        即時信號 : ★★ [結構轉換] MSS Bearish 確立！趨勢轉空
2026-07-24 13:19:49 | INFO    |        多頭 OB  : [43770.0 - 43828.0] | 空頭 OB  : [43809.0 - 43857.0]
2026-07-24 13:19:49 | INFO    |        多頭 FVG : 無 | 空頭 FVG : 無
2026-07-24 13:19:49 | INFO    | ----------------------------------------------------------------------
2026-07-24 13:19:49 | SIGNAL  | 訊號觸發，發送 Telegram 通知: ★★ [結構轉換] MSS Bearish 確立 (空頭訊號)！
2026-07-24 13:19:50 | INFO    | [Telegram] 訊息發送成功 | chat_id=-1004387856503
2026-07-24 13:20:49 | INFO    | [13:19:43] 價格: 43837.0 | 大結構趨勢 (5M): BEARISH
2026-07-24 13:20:49 | INFO    |        即時信號 : ★ [流動性掠奪] Sweep Low 形成！(買方防守)
2026-07-24 13:20:49 | INFO    |        多頭 OB  : [43770.0 - 43828.0] | 空頭 OB  : [43809.0 - 43857.0]
2026-07-24 13:20:49 | INFO    |        多頭 FVG : 無 | 空頭 FVG : 無
2026-07-24 13:20:49 | INFO    | ----------------------------------------------------------------------
2026-07-24 13:20:49 | SIGNAL  | 訊號觸發，發送 Telegram 通知: ★ [流動性掠奪] Sweep Low 形成 (多頭訊號)！
2026-07-24 13:20:50 | INFO    | [Telegram] 訊息發送成功 | chat_id=-1004387856503
2026-07-24 13:21:50 | INFO    | [13:20:43] 價格: 43848.0 | 大結構趨勢 (5M): BEARISH
2026-07-24 13:21:50 | INFO    |        即時信號 : ★ [流動性掠奪] Sweep High 形成！(賣方防守)
2026-07-24 13:21:50 | INFO    |        多頭 OB  : [43770.0 - 43828.0] | 空頭 OB  : [43809.0 - 43857.0]
2026-07-24 13:21:50 | INFO    |        多頭 FVG : [43820.0 - 43838.0] | 空頭 FVG : 無
2026-07-24 13:21:50 | INFO    | ----------------------------------------------------------------------
2026-07-24 13:21:50 | INFO    | [過濾] 偵測到信號但建議無效，已跳過發送 Telegram 通知。
2026-07-24 13:22:50 | INFO    | [13:21:44] 價格: 43857.0 | 大結構趨勢 (5M): BEARISH
2026-07-24 13:22:50 | INFO    |        即時信號 : 無特殊信號
2026-07-24 13:22:50 | INFO    |        多頭 OB  : [43770.0 - 43828.0] | 空頭 OB  : [43809.0 - 43857.0]
2026-07-24 13:22:50 | INFO    |        多頭 FVG : 無 | 空頭 FVG : 無
2026-07-24 13:22:50 | INFO    | ----------------------------------------------------------------------
2026-07-24 13:23:50 | INFO    | [13:22:44] 價格: 43897.0 | 大結構趨勢 (5M): BEARISH
2026-07-24 13:23:50 | INFO    |        即時信號 : ★★ [結構轉換] MSS Bullish 確立！趨勢轉多
2026-07-24 13:23:50 | INFO    |        多頭 OB  : [43806.0 - 43839.0] | 空頭 OB  : [43809.0 - 43857.0]
2026-07-24 13:23:50 | INFO    |        多頭 FVG : 無 | 空頭 FVG : 無
2026-07-24 13:23:50 | INFO    | ----------------------------------------------------------------------
2026-07-24 13:23:50 | INFO    | [過濾] 偵測到信號但建議無效，已跳過發送 Telegram 通知。
2026-07-24 13:24:50 | INFO    | [13:23:44] 價格: 43877.0 | 大結構趨勢 (5M): BEARISH
2026-07-24 13:24:50 | INFO    |        即時信號 : ★ [流動性掠奪] Sweep High 形成！(賣方防守)
2026-07-24 13:24:50 | INFO    |        多頭 OB  : [43806.0 - 43839.0] | 空頭 OB  : [43809.0 - 43857.0]
2026-07-24 13:24:50 | INFO    |        多頭 FVG : 無 | 空頭 FVG : 無
2026-07-24 13:24:50 | INFO    | ----------------------------------------------------------------------
2026-07-24 13:24:50 | INFO    | [過濾] 偵測到信號但建議無效，已跳過發送 Telegram 通知。
2026-07-24 13:25:50 | INFO    | [13:24:44] 價格: 43846.0 | 大結構趨勢 (5M): BEARISH
2026-07-24 13:25:50 | INFO    |        即時信號 : 無特殊信號
2026-07-24 13:25:50 | INFO    |        多頭 OB  : [43806.0 - 43839.0] | 空頭 OB  : [43809.0 - 43857.0]
2026-07-24 13:25:50 | INFO    |        多頭 FVG : 無 | 空頭 FVG : 無
2026-07-24 13:25:50 | INFO    | ----------------------------------------------------------------------
2026-07-24 13:26:51 | INFO    | [13:25:44] 價格: 43851.0 | 大結構趨勢 (5M): BEARISH
2026-07-24 13:26:51 | INFO    |        即時信號 : 無特殊信號
2026-07-24 13:26:51 | INFO    |        多頭 OB  : [43806.0 - 43839.0] | 空頭 OB  : [43809.0 - 43857.0]
2026-07-24 13:26:51 | INFO    |        多頭 FVG : 無 | 空頭 FVG : 無
2026-07-24 13:26:51 | INFO    | ----------------------------------------------------------------------
2026-07-24 13:27:51 | INFO    | [13:26:45] 價格: 43819.0 | 大結構趨勢 (5M): BEARISH
2026-07-24 13:27:51 | INFO    |        即時信號 : 無特殊信號
2026-07-24 13:27:51 | INFO    |        多頭 OB  : [43806.0 - 43839.0] | 空頭 OB  : [43809.0 - 43857.0]
2026-07-24 13:27:51 | INFO    |        多頭 FVG : 無 | 空頭 FVG : 無
2026-07-24 13:27:51 | INFO    | ----------------------------------------------------------------------
2026-07-24 13:28:52 | INFO    | [13:27:46] 價格: 43795.0 | 大結構趨勢 (5M): BEARISH
2026-07-24 13:28:52 | INFO    |        即時信號 : ★ [流動性掠奪] Sweep Low 形成！(買方防守)
2026-07-24 13:28:52 | INFO    |        多頭 OB  : [43806.0 - 43839.0] | 空頭 OB  : [43809.0 - 43857.0]
2026-07-24 13:28:52 | INFO    |        多頭 FVG : 無 | 空頭 FVG : [43821.0 - 43830.0]
2026-07-24 13:28:52 | INFO    | ----------------------------------------------------------------------
2026-07-24 13:28:52 | INFO    | [過濾] 偵測到信號但建議無效，已跳過發送 Telegram 通知。
2026-07-24 13:29:52 | INFO    | [13:28:46] 價格: 43807.0 | 大結構趨勢 (5M): BEARISH
2026-07-24 13:29:52 | INFO    |        即時信號 : 無特殊信號
2026-07-24 13:29:52 | INFO    |        多頭 OB  : [43806.0 - 43839.0] | 空頭 OB  : [43809.0 - 43857.0]
2026-07-24 13:29:52 | INFO    |        多頭 FVG : 無 | 空頭 FVG : 無
2026-07-24 13:29:52 | INFO    | ----------------------------------------------------------------------
2026-07-24 13:30:52 | INFO    | [13:29:46] 價格: 43795.0 | 大結構趨勢 (5M): BEARISH
2026-07-24 13:30:52 | INFO    |        即時信號 : ★ [流動性掠奪] Sweep Low 形成！(買方防守)
2026-07-24 13:30:52 | INFO    |        多頭 OB  : [43806.0 - 43839.0] | 空頭 OB  : [43809.0 - 43857.0]
2026-07-24 13:30:52 | INFO    |        多頭 FVG : 無 | 空頭 FVG : 無
2026-07-24 13:30:52 | INFO    | ----------------------------------------------------------------------
2026-07-24 13:30:52 | INFO    | [過濾] 偵測到信號但建議無效，已跳過發送 Telegram 通知。
2026-07-24 13:31:52 | INFO    | [13:30:46] 價格: 43795.0 | 大結構趨勢 (5M): BEARISH
2026-07-24 13:31:52 | INFO    |        即時信號 : 無特殊信號
2026-07-24 13:31:52 | INFO    |        多頭 OB  : [43806.0 - 43839.0] | 空頭 OB  : [43809.0 - 43857.0]
2026-07-24 13:31:52 | INFO    |        多頭 FVG : 無 | 空頭 FVG : 無
2026-07-24 13:31:52 | INFO    | ----------------------------------------------------------------------
2026-07-24 13:32:53 | INFO    | [13:31:47] 價格: 43780.0 | 大結構趨勢 (5M): BEARISH
2026-07-24 13:32:53 | INFO    |        即時信號 : ★ [流動性掠奪] Sweep Low 形成！(買方防守)
2026-07-24 13:32:53 | INFO    |        多頭 OB  : [43806.0 - 43839.0] | 空頭 OB  : [43809.0 - 43857.0]
2026-07-24 13:32:53 | INFO    |        多頭 FVG : 無 | 空頭 FVG : 無
2026-07-24 13:32:53 | INFO    | ----------------------------------------------------------------------
2026-07-24 13:32:53 | INFO    | [過濾] 偵測到信號但建議無效，已跳過發送 Telegram 通知。
2026-07-24 13:33:53 | INFO    | [13:32:47] 價格: 43730.0 | 大結構趨勢 (5M): BEARISH
2026-07-24 13:33:53 | INFO    |        即時信號 : ★★ [結構轉換] MSS Bearish 確立！趨勢轉空
2026-07-24 13:33:53 | INFO    |        多頭 OB  : [43806.0 - 43839.0] | 空頭 OB  : [43781.0 - 43826.0]
2026-07-24 13:33:53 | INFO    |        多頭 FVG : 無 | 空頭 FVG : 無
2026-07-24 13:33:53 | INFO    | ----------------------------------------------------------------------
2026-07-24 13:33:53 | SIGNAL  | 訊號觸發，發送 Telegram 通知: ★★ [結構轉換] MSS Bearish 確立 (空頭訊號)！
2026-07-24 13:33:54 | INFO    | [Telegram] 訊息發送成功 | chat_id=-1004387856503
2026-07-24 13:34:53 | INFO    | [13:33:47] 價格: 43757.0 | 大結構趨勢 (5M): BEARISH
2026-07-24 13:34:53 | INFO    |        即時信號 : 無特殊信號
2026-07-24 13:34:53 | INFO    |        多頭 OB  : [43806.0 - 43839.0] | 空頭 OB  : [43781.0 - 43826.0]
2026-07-24 13:34:53 | INFO    |        多頭 FVG : 無 | 空頭 FVG : [43759.0 - 43774.0]
2026-07-24 13:34:53 | INFO    | ----------------------------------------------------------------------
2026-07-24 13:35:54 | INFO    | [13:34:47] 價格: 43723.0 | 大結構趨勢 (5M): BEARISH
2026-07-24 13:35:54 | INFO    |        即時信號 : 無特殊信號
2026-07-24 13:35:54 | INFO    |        多頭 OB  : [43806.0 - 43839.0] | 空頭 OB  : [43781.0 - 43826.0]
2026-07-24 13:35:54 | INFO    |        多頭 FVG : 無 | 空頭 FVG : 無
2026-07-24 13:35:54 | INFO    | ----------------------------------------------------------------------
2026-07-24 13:36:54 | INFO    | [13:35:48] 價格: 43710.0 | 大結構趨勢 (5M): BEARISH
2026-07-24 13:36:54 | INFO    |        即時信號 : 無特殊信號
2026-07-24 13:36:54 | INFO    |        多頭 OB  : [43806.0 - 43839.0] | 空頭 OB  : [43781.0 - 43826.0]
2026-07-24 13:36:54 | INFO    |        多頭 FVG : 無 | 空頭 FVG : 無
2026-07-24 13:36:54 | INFO    | ----------------------------------------------------------------------
2026-07-24 13:37:54 | INFO    | [13:36:48] 價格: 43719.0 | 大結構趨勢 (5M): BEARISH
2026-07-24 13:37:54 | INFO    |        即時信號 : 無特殊信號
2026-07-24 13:37:54 | INFO    |        多頭 OB  : [43806.0 - 43839.0] | 空頭 OB  : [43781.0 - 43826.0]
2026-07-24 13:37:54 | INFO    |        多頭 FVG : 無 | 空頭 FVG : 無
2026-07-24 13:37:54 | INFO    | ----------------------------------------------------------------------
2026-07-24 13:38:55 | INFO    | [13:37:48] 價格: 43718.0 | 大結構趨勢 (5M): BEARISH
2026-07-24 13:38:55 | INFO    |        即時信號 : 無特殊信號
2026-07-24 13:38:55 | INFO    |        多頭 OB  : [43806.0 - 43839.0] | 空頭 OB  : [43781.0 - 43826.0]
2026-07-24 13:38:55 | INFO    |        多頭 FVG : 無 | 空頭 FVG : 無
2026-07-24 13:38:55 | INFO    | ----------------------------------------------------------------------
2026-07-24 13:39:55 | INFO    | [13:38:49] 價格: 43718.0 | 大結構趨勢 (5M): BEARISH
2026-07-24 13:39:55 | INFO    |        即時信號 : 無特殊信號
2026-07-24 13:39:55 | INFO    |        多頭 OB  : [43806.0 - 43839.0] | 空頭 OB  : [43781.0 - 43826.0]
2026-07-24 13:39:55 | INFO    |        多頭 FVG : 無 | 空頭 FVG : 無
2026-07-24 13:39:55 | INFO    | ----------------------------------------------------------------------
2026-07-24 13:40:55 | INFO    | [13:39:49] 價格: 43689.0 | 大結構趨勢 (5M): BEARISH
2026-07-24 13:40:55 | INFO    |        即時信號 : 無特殊信號
2026-07-24 13:40:55 | INFO    |        多頭 OB  : [43806.0 - 43839.0] | 空頭 OB  : [43781.0 - 43826.0]
2026-07-24 13:40:55 | INFO    |        多頭 FVG : 無 | 空頭 FVG : 無
2026-07-24 13:40:55 | INFO    | ----------------------------------------------------------------------
2026-07-24 13:41:55 | INFO    | [13:40:49] 價格: 43650.0 | 大結構趨勢 (5M): BEARISH
2026-07-24 13:41:55 | INFO    |        即時信號 : 無特殊信號
2026-07-24 13:41:55 | INFO    |        多頭 OB  : [43806.0 - 43839.0] | 空頭 OB  : [43781.0 - 43826.0]
2026-07-24 13:41:55 | INFO    |        多頭 FVG : 無 | 空頭 FVG : 無
2026-07-24 13:41:55 | INFO    | ----------------------------------------------------------------------
2026-07-24 13:42:55 | INFO    | [13:41:49] 價格: 43664.0 | 大結構趨勢 (5M): BEARISH
2026-07-24 13:42:55 | INFO    |        即時信號 : 無特殊信號
2026-07-24 13:42:55 | INFO    |        多頭 OB  : [43806.0 - 43839.0] | 空頭 OB  : [43781.0 - 43826.0]
2026-07-24 13:42:55 | INFO    |        多頭 FVG : 無 | 空頭 FVG : 無
2026-07-24 13:42:55 | INFO    | ----------------------------------------------------------------------
2026-07-24 13:43:55 | INFO    | [13:42:49] 價格: 43685.0 | 大結構趨勢 (5M): BEARISH
2026-07-24 13:43:55 | INFO    |        即時信號 : 無特殊信號
2026-07-24 13:43:55 | INFO    |        多頭 OB  : [43806.0 - 43839.0] | 空頭 OB  : [43781.0 - 43826.0]
2026-07-24 13:43:55 | INFO    |        多頭 FVG : 無 | 空頭 FVG : 無
2026-07-24 13:43:55 | INFO    | ----------------------------------------------------------------------
2026-07-24 13:44:55 | INFO    | [13:43:49] 價格: 43861.0 | 大結構趨勢 (5M): BEARISH
2026-07-24 13:44:55 | INFO    |        即時信號 : ★★ [結構轉換] MSS Bullish 確立！趨勢轉多
2026-07-24 13:44:55 | INFO    |        多頭 OB  : [43640.0 - 43701.0] | 空頭 OB  : [43781.0 - 43826.0]
2026-07-24 13:44:55 | INFO    |        多頭 FVG : [43681.0 - 43684.0] | 空頭 FVG : 無
2026-07-24 13:44:55 | INFO    | ----------------------------------------------------------------------
2026-07-24 13:44:55 | SIGNAL  | 訊號觸發，發送 Telegram 通知: ★★ [結構轉換] MSS Bullish 確立 (多頭訊號)！
2026-07-24 13:44:57 | INFO    | [Telegram] 訊息發送成功 | chat_id=-1004387856503
2026-07-24 14:50:16 | INFO    | [13:44:49] 價格: 43905.0 | 大結構趨勢 (5M): BEARISH
2026-07-24 14:50:16 | INFO    |        即時信號 : 無特殊信號
2026-07-24 14:50:16 | INFO    |        多頭 OB  : [43640.0 - 43701.0] | 空頭 OB  : [43781.0 - 43826.0]
2026-07-24 14:50:16 | INFO    |        多頭 FVG : [43707.0 - 43859.0] | 空頭 FVG : 無
2026-07-24 14:50:16 | INFO    | ----------------------------------------------------------------------
2026-07-24 14:51:16 | INFO    | [14:50:10] 價格: 43500.0 | 大結構趨勢 (5M): NONE
2026-07-24 14:51:16 | INFO    |        即時信號 : ★ [流動性掠奪] Sweep High 形成！(賣方防守)
2026-07-24 14:51:16 | INFO    |        多頭 OB  : [43640.0 - 43701.0] | 空頭 OB  : [39433.0 - 43741.0]
2026-07-24 14:51:16 | INFO    |        多頭 FVG : 無 | 空頭 FVG : 無
2026-07-24 14:51:16 | INFO    | ----------------------------------------------------------------------
2026-07-24 14:51:16 | SIGNAL  | 訊號觸發，發送 Telegram 通知: ★ [流動性掠奪] Sweep High 形成 (空頭訊號)！
2026-07-24 14:51:17 | INFO    | [Telegram] 訊息發送成功 | chat_id=-1004387856503
2026-07-24 14:52:16 | INFO    | [14:51:10] 價格: 48195.0 | 大結構趨勢 (5M): NONE
2026-07-24 14:52:16 | INFO    |        即時信號 : ★ [流動性掠奪] Sweep Low 形成！(買方防守)
2026-07-24 14:52:16 | INFO    |        多頭 OB  : [39433.0 - 48195.0] | 空頭 OB  : [39433.0 - 43741.0]
2026-07-24 14:52:16 | INFO    |        多頭 FVG : 無 | 空頭 FVG : 無
2026-07-24 14:52:16 | INFO    | ----------------------------------------------------------------------
2026-07-24 14:52:16 | SIGNAL  | 訊號觸發，發送 Telegram 通知: ★ [流動性掠奪] Sweep Low 形成 (多頭訊號)！
2026-07-24 14:52:17 | INFO    | [Telegram] 訊息發送成功 | chat_id=-1004387856503
2026-07-24 14:53:16 | INFO    | [14:52:10] 價格: 43778.0 | 大結構趨勢 (5M): NONE
2026-07-24 14:53:16 | INFO    |        即時信號 : ★ [流動性掠奪] Sweep Low 形成！(買方防守)
2026-07-24 14:53:16 | INFO    |        多頭 OB  : [43520.0 - 48195.0] | 空頭 OB  : [39433.0 - 43741.0]
2026-07-24 14:53:16 | INFO    |        多頭 FVG : 無 | 空頭 FVG : 無
2026-07-24 14:53:16 | INFO    | ----------------------------------------------------------------------
2026-07-24 14:53:16 | SIGNAL  | 訊號觸發，發送 Telegram 通知: ★ [流動性掠奪] Sweep Low 形成 (多頭訊號)！
2026-07-24 14:53:17 | INFO    | [Telegram] 訊息發送成功 | chat_id=-1004387856503
2026-07-24 14:54:16 | INFO    | [14:53:10] 價格: 43778.0 | 大結構趨勢 (5M): NONE
2026-07-24 14:54:16 | INFO    |        即時信號 : 無特殊信號
2026-07-24 14:54:16 | INFO    |        多頭 OB  : [43520.0 - 48195.0] | 空頭 OB  : [39433.0 - 43741.0]
2026-07-24 14:54:16 | INFO    |        多頭 FVG : 無 | 空頭 FVG : 無
2026-07-24 14:54:16 | INFO    | ----------------------------------------------------------------------
2026-07-24 14:55:16 | INFO    | [14:54:10] 價格: 43622.0 | 大結構趨勢 (5M): NONE
2026-07-24 14:55:16 | INFO    |        即時信號 : 無特殊信號
2026-07-24 14:55:16 | INFO    |        多頭 OB  : [43520.0 - 48195.0] | 空頭 OB  : [39433.0 - 43741.0]
2026-07-24 14:55:16 | INFO    |        多頭 FVG : 無 | 空頭 FVG : 無
2026-07-24 14:55:16 | INFO    | ----------------------------------------------------------------------
2026-07-24 14:56:16 | INFO    | [14:55:10] 價格: 43599.0 | 大結構趨勢 (5M): NONE
2026-07-24 14:56:16 | INFO    |        即時信號 : 無特殊信號
2026-07-24 14:56:16 | INFO    |        多頭 OB  : [43520.0 - 48195.0] | 空頭 OB  : [39433.0 - 43741.0]
2026-07-24 14:56:16 | INFO    |        多頭 FVG : 無 | 空頭 FVG : [43700.0 - 43778.0]
2026-07-24 14:56:16 | INFO    | ----------------------------------------------------------------------
2026-07-24 14:57:16 | INFO    | [14:56:10] 價格: 43778.0 | 大結構趨勢 (5M): NONE
2026-07-24 14:57:16 | INFO    |        即時信號 : 無特殊信號
2026-07-24 14:57:16 | INFO    |        多頭 OB  : [43520.0 - 48195.0] | 空頭 OB  : [39433.0 - 43741.0]
2026-07-24 14:57:16 | INFO    |        多頭 FVG : 無 | 空頭 FVG : 無
2026-07-24 14:57:16 | INFO    | ----------------------------------------------------------------------
2026-07-24 14:58:16 | INFO    | [14:57:10] 價格: 43778.0 | 大結構趨勢 (5M): NONE
2026-07-24 14:58:16 | INFO    |        即時信號 : 無特殊信號
2026-07-24 14:58:16 | INFO    |        多頭 OB  : [43520.0 - 48195.0] | 空頭 OB  : [39433.0 - 43741.0]
2026-07-24 14:58:16 | INFO    |        多頭 FVG : [43700.0 - 43778.0] | 空頭 FVG : 無
2026-07-24 14:58:16 | INFO    | ----------------------------------------------------------------------
2026-07-24 14:59:16 | INFO    | [14:58:10] 價格: 43803.0 | 大結構趨勢 (5M): NONE
2026-07-24 14:59:16 | INFO    |        即時信號 : 無特殊信號
2026-07-24 14:59:16 | INFO    |        多頭 OB  : [43520.0 - 48195.0] | 空頭 OB  : [39433.0 - 43741.0]
2026-07-24 14:59:16 | INFO    |        多頭 FVG : [43778.0 - 43780.0] | 空頭 FVG : 無
2026-07-24 14:59:16 | INFO    | ----------------------------------------------------------------------
2026-07-24 15:00:16 | INFO    | [14:59:10] 價格: 43913.0 | 大結構趨勢 (5M): NONE
2026-07-24 15:00:16 | INFO    |        即時信號 : 無特殊信號
2026-07-24 15:00:16 | INFO    |        多頭 OB  : [43520.0 - 48195.0] | 空頭 OB  : [39433.0 - 43741.0]
2026-07-24 15:00:16 | INFO    |        多頭 FVG : [43779.0 - 43796.0] | 空頭 FVG : 無
2026-07-24 15:00:16 | INFO    | ----------------------------------------------------------------------
2026-07-24 15:01:16 | INFO    | [15:00:10] 價格: 43935.0 | 大結構趨勢 (5M): NONE
2026-07-24 15:01:16 | INFO    |        即時信號 : 無特殊信號
2026-07-24 15:01:16 | INFO    |        多頭 OB  : [43520.0 - 48195.0] | 空頭 OB  : [39433.0 - 43741.0]
2026-07-24 15:01:16 | INFO    |        多頭 FVG : [43803.0 - 43875.0] | 空頭 FVG : 無
2026-07-24 15:01:16 | INFO    | ----------------------------------------------------------------------
2026-07-24 15:02:16 | INFO    | [15:01:10] 價格: 43921.0 | 大結構趨勢 (5M): NONE
2026-07-24 15:02:16 | INFO    |        即時信號 : 無特殊信號
2026-07-24 15:02:16 | INFO    |        多頭 OB  : [43520.0 - 48195.0] | 空頭 OB  : [39433.0 - 43741.0]
2026-07-24 15:02:16 | INFO    |        多頭 FVG : 無 | 空頭 FVG : 無
2026-07-24 15:02:16 | INFO    | ----------------------------------------------------------------------
2026-07-24 15:03:18 | INFO    | [15:02:10] 價格: 43925.0 | 大結構趨勢 (5M): NONE
2026-07-24 15:03:18 | INFO    |        即時信號 : 無特殊信號
2026-07-24 15:03:18 | INFO    |        多頭 OB  : [43520.0 - 48195.0] | 空頭 OB  : [39433.0 - 43741.0]
2026-07-24 15:03:18 | INFO    |        多頭 FVG : 無 | 空頭 FVG : 無
2026-07-24 15:03:18 | INFO    | ----------------------------------------------------------------------
2026-07-24 15:04:18 | INFO    | [15:03:11] 價格: 43962.0 | 大結構趨勢 (5M): NONE
2026-07-24 15:04:18 | INFO    |        即時信號 : ★ [流動性掠奪] Sweep High 形成！(賣方防守)
2026-07-24 15:04:18 | INFO    |        多頭 OB  : [43520.0 - 48195.0] | 空頭 OB  : [39433.0 - 43741.0]
2026-07-24 15:04:18 | INFO    |        多頭 FVG : 無 | 空頭 FVG : 無
2026-07-24 15:04:18 | INFO    | ----------------------------------------------------------------------
2026-07-24 15:04:18 | INFO    | [過濾] 偵測到信號但建議無效，已跳過發送 Telegram 通知。
2026-07-24 15:05:21 | INFO    | [15:04:11] 價格: 43959.0 | 大結構趨勢 (5M): NONE
2026-07-24 15:05:21 | INFO    |        即時信號 : ★ [流動性掠奪] Sweep High 形成！(賣方防守)
2026-07-24 15:05:21 | INFO    |        多頭 OB  : [43520.0 - 48195.0] | 空頭 OB  : [39433.0 - 43741.0]
2026-07-24 15:05:21 | INFO    |        多頭 FVG : [43948.0 - 43953.0] | 空頭 FVG : 無
2026-07-24 15:05:21 | INFO    | ----------------------------------------------------------------------
2026-07-24 15:05:21 | INFO    | [過濾] 偵測到信號但建議無效，已跳過發送 Telegram 通知。
2026-07-24 15:06:22 | INFO    | [15:05:15] 價格: 43961.0 | 大結構趨勢 (5M): NONE
2026-07-24 15:06:22 | INFO    |        即時信號 : ★ [流動性掠奪] Sweep High 形成！(賣方防守)
2026-07-24 15:06:22 | INFO    |        多頭 OB  : [43520.0 - 48195.0] | 空頭 OB  : [39433.0 - 43741.0]
2026-07-24 15:06:22 | INFO    |        多頭 FVG : 無 | 空頭 FVG : 無
2026-07-24 15:06:22 | INFO    | ----------------------------------------------------------------------
2026-07-24 15:06:22 | INFO    | [過濾] 偵測到信號但建議無效，已跳過發送 Telegram 通知。
2026-07-24 15:07:22 | INFO    | [15:06:16] 價格: 43997.0 | 大結構趨勢 (5M): NONE
2026-07-24 15:07:22 | INFO    |        即時信號 : 無特殊信號
2026-07-24 15:07:22 | INFO    |        多頭 OB  : [43520.0 - 48195.0] | 空頭 OB  : [39433.0 - 43741.0]
2026-07-24 15:07:22 | INFO    |        多頭 FVG : 無 | 空頭 FVG : 無
2026-07-24 15:07:22 | INFO    | ----------------------------------------------------------------------
2026-07-24 15:08:24 | INFO    | [15:07:16] 價格: 43970.0 | 大結構趨勢 (5M): NONE
2026-07-24 15:08:24 | INFO    |        即時信號 : ★ [流動性掠奪] Sweep High 形成！(賣方防守)
2026-07-24 15:08:24 | INFO    |        多頭 OB  : [43520.0 - 48195.0] | 空頭 OB  : [39433.0 - 43741.0]
2026-07-24 15:08:24 | INFO    |        多頭 FVG : 無 | 空頭 FVG : 無
2026-07-24 15:08:24 | INFO    | ----------------------------------------------------------------------
2026-07-24 15:08:24 | INFO    | [過濾] 偵測到信號但建議無效，已跳過發送 Telegram 通知。
2026-07-24 15:09:26 | INFO    | [15:08:18] 價格: 43984.0 | 大結構趨勢 (5M): NONE
2026-07-24 15:09:26 | INFO    |        即時信號 : 無特殊信號
2026-07-24 15:09:26 | INFO    |        多頭 OB  : [43520.0 - 48195.0] | 空頭 OB  : [39433.0 - 43741.0]
2026-07-24 15:09:26 | INFO    |        多頭 FVG : 無 | 空頭 FVG : 無
2026-07-24 15:09:26 | INFO    | ----------------------------------------------------------------------
2026-07-24 15:10:30 | INFO    | [15:09:20] 價格: 44062.0 | 大結構趨勢 (5M): NONE
2026-07-24 15:10:30 | INFO    |        即時信號 : 無特殊信號
2026-07-24 15:10:30 | INFO    |        多頭 OB  : [43520.0 - 48195.0] | 空頭 OB  : [39433.0 - 43741.0]
2026-07-24 15:10:30 | INFO    |        多頭 FVG : 無 | 空頭 FVG : 無
2026-07-24 15:10:30 | INFO    | ----------------------------------------------------------------------
2026-07-24 15:11:33 | INFO    | [15:10:23] 價格: 44053.0 | 大結構趨勢 (5M): NONE
2026-07-24 15:11:33 | INFO    |        即時信號 : 無特殊信號
2026-07-24 15:11:33 | INFO    |        多頭 OB  : [43520.0 - 48195.0] | 空頭 OB  : [39433.0 - 43741.0]
2026-07-24 15:11:33 | INFO    |        多頭 FVG : [43984.0 - 44050.0] | 空頭 FVG : 無
2026-07-24 15:11:33 | INFO    | ----------------------------------------------------------------------
2026-07-24 15:12:36 | INFO    | [15:11:26] 價格: 44069.0 | 大結構趨勢 (5M): NONE
2026-07-24 15:12:36 | INFO    |        即時信號 : 無特殊信號
2026-07-24 15:12:36 | INFO    |        多頭 OB  : [43520.0 - 48195.0] | 空頭 OB  : [39433.0 - 43741.0]
2026-07-24 15:12:36 | INFO    |        多頭 FVG : 無 | 空頭 FVG : 無
2026-07-24 15:12:36 | INFO    | ----------------------------------------------------------------------
2026-07-24 15:13:36 | INFO    | [15:12:30] 價格: 44077.0 | 大結構趨勢 (5M): NONE
2026-07-24 15:13:36 | INFO    |        即時信號 : 無特殊信號
2026-07-24 15:13:36 | INFO    |        多頭 OB  : [43520.0 - 48195.0] | 空頭 OB  : [39433.0 - 43741.0]
2026-07-24 15:13:36 | INFO    |        多頭 FVG : 無 | 空頭 FVG : 無
2026-07-24 15:13:36 | INFO    | ----------------------------------------------------------------------
2026-07-24 15:14:37 | INFO    | [15:13:30] 價格: 44063.0 | 大結構趨勢 (5M): NONE
2026-07-24 15:14:37 | INFO    |        即時信號 : 無特殊信號
2026-07-24 15:14:37 | INFO    |        多頭 OB  : [43520.0 - 48195.0] | 空頭 OB  : [39433.0 - 43741.0]
2026-07-24 15:14:37 | INFO    |        多頭 FVG : 無 | 空頭 FVG : 無
2026-07-24 15:14:37 | INFO    | ----------------------------------------------------------------------
2026-07-24 15:15:37 | INFO    | [15:14:31] 價格: 44091.0 | 大結構趨勢 (5M): NONE
2026-07-24 15:15:37 | INFO    |        即時信號 : 無特殊信號
2026-07-24 15:15:37 | INFO    |        多頭 OB  : [43520.0 - 48195.0] | 空頭 OB  : [39433.0 - 43741.0]
2026-07-24 15:15:37 | INFO    |        多頭 FVG : 無 | 空頭 FVG : 無
2026-07-24 15:15:37 | INFO    | ----------------------------------------------------------------------
2026-07-24 15:16:39 | INFO    | [15:15:31] 價格: 44101.0 | 大結構趨勢 (5M): NONE
2026-07-24 15:16:39 | INFO    |        即時信號 : 無特殊信號
2026-07-24 15:16:39 | INFO    |        多頭 OB  : [43520.0 - 48195.0] | 空頭 OB  : [39433.0 - 43741.0]
2026-07-24 15:16:39 | INFO    |        多頭 FVG : 無 | 空頭 FVG : 無
2026-07-24 15:16:39 | INFO    | ----------------------------------------------------------------------
2026-07-24 15:17:40 | INFO    | [15:16:33] 價格: 44100.0 | 大結構趨勢 (5M): NONE
2026-07-24 15:17:40 | INFO    |        即時信號 : 無特殊信號
2026-07-24 15:17:40 | INFO    |        多頭 OB  : [43520.0 - 48195.0] | 空頭 OB  : [39433.0 - 43741.0]
2026-07-24 15:17:40 | INFO    |        多頭 FVG : 無 | 空頭 FVG : 無
2026-07-24 15:17:40 | INFO    | ----------------------------------------------------------------------
2026-07-24 15:18:46 | INFO    | [15:17:33] 價格: 44097.0 | 大結構趨勢 (5M): NONE
2026-07-24 15:18:46 | INFO    |        即時信號 : 無特殊信號
2026-07-24 15:18:46 | INFO    |        多頭 OB  : [43520.0 - 48195.0] | 空頭 OB  : [39433.0 - 43741.0]
2026-07-24 15:18:46 | INFO    |        多頭 FVG : 無 | 空頭 FVG : 無
2026-07-24 15:18:46 | INFO    | ----------------------------------------------------------------------
2026-07-24 15:19:51 | INFO    | [15:18:40] 價格: 44094.0 | 大結構趨勢 (5M): NONE
2026-07-24 15:19:51 | INFO    |        即時信號 : 無特殊信號
2026-07-24 15:19:51 | INFO    |        多頭 OB  : [43520.0 - 48195.0] | 空頭 OB  : [39433.0 - 43741.0]
2026-07-24 15:19:51 | INFO    |        多頭 FVG : 無 | 空頭 FVG : 無
2026-07-24 15:19:51 | INFO    | ----------------------------------------------------------------------
2026-07-24 15:20:54 | INFO    | [15:19:45] 價格: 44089.0 | 大結構趨勢 (5M): NONE
2026-07-24 15:20:54 | INFO    |        即時信號 : 無特殊信號
2026-07-24 15:20:54 | INFO    |        多頭 OB  : [43520.0 - 48195.0] | 空頭 OB  : [39433.0 - 43741.0]
2026-07-24 15:20:54 | INFO    |        多頭 FVG : 無 | 空頭 FVG : 無
2026-07-24 15:20:54 | INFO    | ----------------------------------------------------------------------
2026-07-24 15:21:58 | INFO    | [15:20:48] 價格: 44091.0 | 大結構趨勢 (5M): NONE
2026-07-24 15:21:58 | INFO    |        即時信號 : 無特殊信號
2026-07-24 15:21:58 | INFO    |        多頭 OB  : [43520.0 - 48195.0] | 空頭 OB  : [39433.0 - 43741.0]
2026-07-24 15:21:58 | INFO    |        多頭 FVG : 無 | 空頭 FVG : 無
2026-07-24 15:21:58 | INFO    | ----------------------------------------------------------------------
2026-07-24 15:22:59 | INFO    | [15:21:52] 價格: 44132.0 | 大結構趨勢 (5M): NONE
2026-07-24 15:22:59 | INFO    |        即時信號 : 無特殊信號
2026-07-24 15:22:59 | INFO    |        多頭 OB  : [43520.0 - 48195.0] | 空頭 OB  : [39433.0 - 43741.0]
2026-07-24 15:22:59 | INFO    |        多頭 FVG : 無 | 空頭 FVG : 無
2026-07-24 15:22:59 | INFO    | ----------------------------------------------------------------------
2026-07-24 15:23:59 | INFO    | [15:22:52] 價格: 44084.0 | 大結構趨勢 (5M): NONE
2026-07-24 15:23:59 | INFO    |        即時信號 : 無特殊信號
2026-07-24 15:23:59 | INFO    |        多頭 OB  : [43520.0 - 48195.0] | 空頭 OB  : [39433.0 - 43741.0]
2026-07-24 15:23:59 | INFO    |        多頭 FVG : 無 | 空頭 FVG : 無
2026-07-24 15:23:59 | INFO    | ----------------------------------------------------------------------
2026-07-24 15:25:01 | INFO    | [15:23:52] 價格: 44089.0 | 大結構趨勢 (5M): NONE
2026-07-24 15:25:01 | INFO    |        即時信號 : 無特殊信號
2026-07-24 15:25:01 | INFO    |        多頭 OB  : [43520.0 - 48195.0] | 空頭 OB  : [39433.0 - 43741.0]
2026-07-24 15:25:01 | INFO    |        多頭 FVG : 無 | 空頭 FVG : 無
2026-07-24 15:25:01 | INFO    | ----------------------------------------------------------------------
2026-07-24 15:26:02 | INFO    | [15:24:55] 價格: 44115.0 | 大結構趨勢 (5M): NONE
2026-07-24 15:26:02 | INFO    |        即時信號 : 無特殊信號
2026-07-24 15:26:02 | INFO    |        多頭 OB  : [43520.0 - 48195.0] | 空頭 OB  : [39433.0 - 43741.0]
2026-07-24 15:26:02 | INFO    |        多頭 FVG : 無 | 空頭 FVG : 無
2026-07-24 15:26:02 | INFO    | ----------------------------------------------------------------------
2026-07-24 15:27:02 | INFO    | [15:25:56] 價格: 44105.0 | 大結構趨勢 (5M): NONE
2026-07-24 15:27:02 | INFO    |        即時信號 : 無特殊信號
2026-07-24 15:27:02 | INFO    |        多頭 OB  : [43520.0 - 48195.0] | 空頭 OB  : [39433.0 - 43741.0]
2026-07-24 15:27:02 | INFO    |        多頭 FVG : [44095.0 - 44105.0] | 空頭 FVG : 無
2026-07-24 15:27:02 | INFO    | ----------------------------------------------------------------------
2026-07-24 15:28:04 | INFO    | [15:26:56] 價格: 44097.0 | 大結構趨勢 (5M): NONE
2026-07-24 15:28:04 | INFO    |        即時信號 : 無特殊信號
2026-07-24 15:28:04 | INFO    |        多頭 OB  : [43520.0 - 48195.0] | 空頭 OB  : [39433.0 - 43741.0]
2026-07-24 15:28:04 | INFO    |        多頭 FVG : 無 | 空頭 FVG : 無
2026-07-24 15:28:04 | INFO    | ----------------------------------------------------------------------
2026-07-24 15:29:08 | INFO    | [15:27:58] 價格: 44095.0 | 大結構趨勢 (5M): NONE
2026-07-24 15:29:08 | INFO    |        即時信號 : 無特殊信號
2026-07-24 15:29:08 | INFO    |        多頭 OB  : [43520.0 - 48195.0] | 空頭 OB  : [39433.0 - 43741.0]
2026-07-24 15:29:08 | INFO    |        多頭 FVG : 無 | 空頭 FVG : [44104.0 - 44105.0]
2026-07-24 15:29:08 | INFO    | ----------------------------------------------------------------------
2026-07-24 15:30:08 | INFO    | [15:29:01] 價格: 44112.0 | 大結構趨勢 (5M): NONE
2026-07-24 15:30:08 | INFO    |        即時信號 : 無特殊信號
2026-07-24 15:30:08 | INFO    |        多頭 OB  : [43520.0 - 48195.0] | 空頭 OB  : [39433.0 - 43741.0]
2026-07-24 15:30:08 | INFO    |        多頭 FVG : 無 | 空頭 FVG : 無
2026-07-24 15:30:08 | INFO    | ----------------------------------------------------------------------
2026-07-24 15:31:09 | INFO    | [15:30:02] 價格: 44133.0 | 大結構趨勢 (5M): NONE
2026-07-24 15:31:09 | INFO    |        即時信號 : ★ [流動性掠奪] Sweep High 形成！(賣方防守)
2026-07-24 15:31:09 | INFO    |        多頭 OB  : [43520.0 - 48195.0] | 空頭 OB  : [39433.0 - 43741.0]
2026-07-24 15:31:09 | INFO    |        多頭 FVG : 無 | 空頭 FVG : 無
2026-07-24 15:31:09 | INFO    | ----------------------------------------------------------------------
2026-07-24 15:31:09 | INFO    | [過濾] 偵測到信號但建議無效，已跳過發送 Telegram 通知。
2026-07-24 15:32:10 | INFO    | [15:31:03] 價格: 44112.0 | 大結構趨勢 (5M): NONE
2026-07-24 15:32:10 | INFO    |        即時信號 : ★ [流動性掠奪] Sweep High 形成！(賣方防守)
2026-07-24 15:32:10 | INFO    |        多頭 OB  : [43520.0 - 48195.0] | 空頭 OB  : [39433.0 - 43741.0]
2026-07-24 15:32:10 | INFO    |        多頭 FVG : 無 | 空頭 FVG : 無
2026-07-24 15:32:10 | INFO    | ----------------------------------------------------------------------
2026-07-24 15:32:10 | INFO    | [過濾] 偵測到信號但建議無效，已跳過發送 Telegram 通知。
2026-07-24 15:33:10 | INFO    | [15:32:03] 價格: 44105.0 | 大結構趨勢 (5M): NONE
2026-07-24 15:33:10 | INFO    |        即時信號 : 無特殊信號
2026-07-24 15:33:10 | INFO    |        多頭 OB  : [43520.0 - 48195.0] | 空頭 OB  : [39433.0 - 43741.0]
2026-07-24 15:33:10 | INFO    |        多頭 FVG : 無 | 空頭 FVG : 無
2026-07-24 15:33:10 | INFO    | ----------------------------------------------------------------------
2026-07-24 15:34:19 | INFO    | [15:33:03] 價格: 44096.0 | 大結構趨勢 (5M): NONE
2026-07-24 15:34:19 | INFO    |        即時信號 : 無特殊信號
2026-07-24 15:34:19 | INFO    |        多頭 OB  : [43520.0 - 48195.0] | 空頭 OB  : [39433.0 - 43741.0]
2026-07-24 15:34:19 | INFO    |        多頭 FVG : 無 | 空頭 FVG : 無
2026-07-24 15:34:19 | INFO    | ----------------------------------------------------------------------
2026-07-24 15:35:20 | INFO    | [15:34:13] 價格: 44106.0 | 大結構趨勢 (5M): NONE
2026-07-24 15:35:20 | INFO    |        即時信號 : 無特殊信號
2026-07-24 15:35:20 | INFO    |        多頭 OB  : [43520.0 - 48195.0] | 空頭 OB  : [39433.0 - 43741.0]
2026-07-24 15:35:20 | INFO    |        多頭 FVG : 無 | 空頭 FVG : 無
2026-07-24 15:35:20 | INFO    | ----------------------------------------------------------------------
2026-07-24 15:36:26 | INFO    | [15:35:13] 價格: 44102.0 | 大結構趨勢 (5M): NONE
2026-07-24 15:36:26 | INFO    |        即時信號 : 無特殊信號
2026-07-24 15:36:26 | INFO    |        多頭 OB  : [43520.0 - 48195.0] | 空頭 OB  : [39433.0 - 43741.0]
2026-07-24 15:36:26 | INFO    |        多頭 FVG : 無 | 空頭 FVG : 無
2026-07-24 15:36:26 | INFO    | ----------------------------------------------------------------------
2026-07-24 15:37:26 | INFO    | [15:36:20] 價格: 44115.0 | 大結構趨勢 (5M): NONE
2026-07-24 15:37:26 | INFO    |        即時信號 : 無特殊信號
2026-07-24 15:37:26 | INFO    |        多頭 OB  : [43520.0 - 48195.0] | 空頭 OB  : [39433.0 - 43741.0]
2026-07-24 15:37:26 | INFO    |        多頭 FVG : 無 | 空頭 FVG : 無
2026-07-24 15:37:26 | INFO    | ----------------------------------------------------------------------
2026-07-24 15:38:31 | INFO    | [15:37:20] 價格: 44103.0 | 大結構趨勢 (5M): NONE
2026-07-24 15:38:31 | INFO    |        即時信號 : 無特殊信號
2026-07-24 15:38:31 | INFO    |        多頭 OB  : [43520.0 - 48195.0] | 空頭 OB  : [39433.0 - 43741.0]
2026-07-24 15:38:31 | INFO    |        多頭 FVG : 無 | 空頭 FVG : 無
2026-07-24 15:38:31 | INFO    | ----------------------------------------------------------------------
2026-07-24 15:39:34 | INFO    | [15:38:24] 價格: 44099.0 | 大結構趨勢 (5M): NONE
2026-07-24 15:39:34 | INFO    |        即時信號 : 無特殊信號
2026-07-24 15:39:34 | INFO    |        多頭 OB  : [43520.0 - 48195.0] | 空頭 OB  : [39433.0 - 43741.0]
2026-07-24 15:39:34 | INFO    |        多頭 FVG : 無 | 空頭 FVG : [44101.0 - 44102.0]
2026-07-24 15:39:34 | INFO    | ----------------------------------------------------------------------
2026-07-24 15:40:39 | INFO    | [15:39:28] 價格: 44103.0 | 大結構趨勢 (5M): NONE
2026-07-24 15:40:39 | INFO    |        即時信號 : 無特殊信號
2026-07-24 15:40:39 | INFO    |        多頭 OB  : [43520.0 - 48195.0] | 空頭 OB  : [39433.0 - 43741.0]
2026-07-24 15:40:39 | INFO    |        多頭 FVG : 無 | 空頭 FVG : 無
2026-07-24 15:40:39 | INFO    | ----------------------------------------------------------------------
2026-07-24 15:41:43 | INFO    | [15:40:32] 價格: 44078.0 | 大結構趨勢 (5M): NONE
2026-07-24 15:41:43 | INFO    |        即時信號 : ★★ [結構轉換] MSS Bearish 確立！趨勢轉空
2026-07-24 15:41:43 | INFO    |        多頭 OB  : [43520.0 - 48195.0] | 空頭 OB  : [44096.0 - 44103.0]
2026-07-24 15:41:43 | INFO    |        多頭 FVG : 無 | 空頭 FVG : 無
2026-07-24 15:41:43 | INFO    | ----------------------------------------------------------------------
2026-07-24 15:41:43 | INFO    | [過濾] 偵測到信號但建議無效，已跳過發送 Telegram 通知。
2026-07-24 15:42:49 | INFO    | [15:41:37] 價格: 44082.0 | 大結構趨勢 (5M): NONE
2026-07-24 15:42:49 | INFO    |        即時信號 : 無特殊信號
2026-07-24 15:42:49 | INFO    |        多頭 OB  : [43520.0 - 48195.0] | 空頭 OB  : [44096.0 - 44103.0]
2026-07-24 15:42:49 | INFO    |        多頭 FVG : 無 | 空頭 FVG : [44084.0 - 44096.0]
2026-07-24 15:42:49 | INFO    | ----------------------------------------------------------------------
2026-07-24 15:43:56 | INFO    | [15:42:43] 價格: 44081.0 | 大結構趨勢 (5M): NONE
2026-07-24 15:43:56 | INFO    |        即時信號 : 無特殊信號
2026-07-24 15:43:56 | INFO    |        多頭 OB  : [43520.0 - 48195.0] | 空頭 OB  : [44096.0 - 44103.0]
2026-07-24 15:43:56 | INFO    |        多頭 FVG : 無 | 空頭 FVG : 無
2026-07-24 15:43:56 | INFO    | ----------------------------------------------------------------------
2026-07-24 15:44:59 | INFO    | [15:43:50] 價格: 44102.0 | 大結構趨勢 (5M): NONE
2026-07-24 15:44:59 | INFO    |        即時信號 : 無特殊信號
2026-07-24 15:44:59 | INFO    |        多頭 OB  : [43520.0 - 48195.0] | 空頭 OB  : [44096.0 - 44103.0]
2026-07-24 15:44:59 | INFO    |        多頭 FVG : 無 | 空頭 FVG : 無
2026-07-24 15:44:59 | INFO    | ----------------------------------------------------------------------
2026-07-24 15:45:59 | INFO    | [15:44:52] 價格: 44100.0 | 大結構趨勢 (5M): NONE
2026-07-24 15:45:59 | INFO    |        即時信號 : 無特殊信號
2026-07-24 15:45:59 | INFO    |        多頭 OB  : [43520.0 - 48195.0] | 空頭 OB  : [44096.0 - 44103.0]
2026-07-24 15:45:59 | INFO    |        多頭 FVG : [44085.0 - 44100.0] | 空頭 FVG : 無
2026-07-24 15:45:59 | INFO    | ----------------------------------------------------------------------
2026-07-24 15:47:02 | INFO    | [15:45:53] 價格: 44107.0 | 大結構趨勢 (5M): NONE
2026-07-24 15:47:02 | INFO    |        即時信號 : 無特殊信號
2026-07-24 15:47:02 | INFO    |        多頭 OB  : [43520.0 - 48195.0] | 空頭 OB  : [44096.0 - 44103.0]
2026-07-24 15:47:02 | INFO    |        多頭 FVG : 無 | 空頭 FVG : 無
2026-07-24 15:47:02 | INFO    | ----------------------------------------------------------------------
2026-07-24 15:48:07 | INFO    | [15:46:56] 價格: 44104.0 | 大結構趨勢 (5M): NONE
2026-07-24 15:48:07 | INFO    |        即時信號 : 無特殊信號
2026-07-24 15:48:07 | INFO    |        多頭 OB  : [43520.0 - 48195.0] | 空頭 OB  : [44096.0 - 44103.0]
2026-07-24 15:48:07 | INFO    |        多頭 FVG : 無 | 空頭 FVG : 無
2026-07-24 15:48:07 | INFO    | ----------------------------------------------------------------------
2026-07-24 15:49:08 | INFO    | [15:48:00] 價格: 44102.0 | 大結構趨勢 (5M): NONE
2026-07-24 15:49:08 | INFO    |        即時信號 : 無特殊信號
2026-07-24 15:49:08 | INFO    |        多頭 OB  : [43520.0 - 48195.0] | 空頭 OB  : [44096.0 - 44103.0]
2026-07-24 15:49:08 | INFO    |        多頭 FVG : 無 | 空頭 FVG : 無
2026-07-24 15:49:08 | INFO    | ----------------------------------------------------------------------
2026-07-24 15:50:23 | INFO    | [15:49:01] 價格: 44110.0 | 大結構趨勢 (5M): NONE
2026-07-24 15:50:23 | INFO    |        即時信號 : 無特殊信號
2026-07-24 15:50:23 | INFO    |        多頭 OB  : [43520.0 - 48195.0] | 空頭 OB  : [44096.0 - 44103.0]
2026-07-24 15:50:23 | INFO    |        多頭 FVG : 無 | 空頭 FVG : 無
2026-07-24 15:50:23 | INFO    | ----------------------------------------------------------------------
2026-07-24 15:51:28 | INFO    | [15:50:16] 價格: 44098.0 | 大結構趨勢 (5M): NONE
2026-07-24 15:51:28 | INFO    |        即時信號 : 無特殊信號
2026-07-24 15:51:28 | INFO    |        多頭 OB  : [43520.0 - 48195.0] | 空頭 OB  : [44096.0 - 44103.0]
2026-07-24 15:51:28 | INFO    |        多頭 FVG : 無 | 空頭 FVG : 無
2026-07-24 15:51:28 | INFO    | ----------------------------------------------------------------------
2026-07-24 15:52:33 | INFO    | [15:51:22] 價格: 44097.0 | 大結構趨勢 (5M): NONE
2026-07-24 15:52:33 | INFO    |        即時信號 : 無特殊信號
2026-07-24 15:52:33 | INFO    |        多頭 OB  : [43520.0 - 48195.0] | 空頭 OB  : [44096.0 - 44103.0]
2026-07-24 15:52:33 | INFO    |        多頭 FVG : 無 | 空頭 FVG : 無
2026-07-24 15:52:33 | INFO    | ----------------------------------------------------------------------
2026-07-24 15:53:34 | INFO    | [15:52:27] 價格: 44095.0 | 大結構趨勢 (5M): NONE
2026-07-24 15:53:34 | INFO    |        即時信號 : 無特殊信號
2026-07-24 15:53:34 | INFO    |        多頭 OB  : [43520.0 - 48195.0] | 空頭 OB  : [44096.0 - 44103.0]
2026-07-24 15:53:34 | INFO    |        多頭 FVG : 無 | 空頭 FVG : 無
2026-07-24 15:53:34 | INFO    | ----------------------------------------------------------------------
2026-07-24 15:54:40 | INFO    | [15:53:28] 價格: 44105.0 | 大結構趨勢 (5M): NONE
2026-07-24 15:54:40 | INFO    |        即時信號 : 無特殊信號
2026-07-24 15:54:40 | INFO    |        多頭 OB  : [43520.0 - 48195.0] | 空頭 OB  : [44096.0 - 44103.0]
2026-07-24 15:54:40 | INFO    |        多頭 FVG : 無 | 空頭 FVG : 無
2026-07-24 15:54:40 | INFO    | ----------------------------------------------------------------------
2026-07-24 15:55:56 | INFO    | [15:54:34] 價格: 44106.0 | 大結構趨勢 (5M): NONE
2026-07-24 15:55:56 | INFO    |        即時信號 : ★ [流動性掠奪] Sweep High 形成！(賣方防守)
2026-07-24 15:55:56 | INFO    |        多頭 OB  : [43520.0 - 48195.0] | 空頭 OB  : [44096.0 - 44103.0]
2026-07-24 15:55:56 | INFO    |        多頭 FVG : [44101.0 - 44105.0] | 空頭 FVG : 無
2026-07-24 15:55:56 | INFO    | ----------------------------------------------------------------------
2026-07-24 15:55:56 | INFO    | [過濾] 偵測到信號但建議無效，已跳過發送 Telegram 通知。
2026-07-24 15:57:08 | INFO    | [15:55:50] 價格: 44099.0 | 大結構趨勢 (5M): NONE
2026-07-24 15:57:08 | INFO    |        即時信號 : 無特殊信號
2026-07-24 15:57:08 | INFO    |        多頭 OB  : [43520.0 - 48195.0] | 空頭 OB  : [44096.0 - 44103.0]
2026-07-24 15:57:08 | INFO    |        多頭 FVG : 無 | 空頭 FVG : [44099.0 - 44100.0]
2026-07-24 15:57:08 | INFO    | ----------------------------------------------------------------------
2026-07-24 15:58:22 | INFO    | [15:57:02] 價格: 44102.0 | 大結構趨勢 (5M): NONE
2026-07-24 15:58:22 | INFO    |        即時信號 : 無特殊信號
2026-07-24 15:58:22 | INFO    |        多頭 OB  : [43520.0 - 48195.0] | 空頭 OB  : [44096.0 - 44103.0]
2026-07-24 15:58:22 | INFO    |        多頭 FVG : 無 | 空頭 FVG : 無
2026-07-24 15:58:22 | INFO    | ----------------------------------------------------------------------
2026-07-24 15:59:26 | INFO    | [15:58:16] 價格: 44102.0 | 大結構趨勢 (5M): NONE
2026-07-24 15:59:26 | INFO    |        即時信號 : 無特殊信號
2026-07-24 15:59:26 | INFO    |        多頭 OB  : [43520.0 - 48195.0] | 空頭 OB  : [44096.0 - 44103.0]
2026-07-24 15:59:26 | INFO    |        多頭 FVG : [44099.0 - 44102.0] | 空頭 FVG : 無
2026-07-24 15:59:26 | INFO    | ----------------------------------------------------------------------
2026-07-24 16:00:34 | INFO    | [15:59:20] 價格: 44085.0 | 大結構趨勢 (5M): NONE
2026-07-24 16:00:34 | INFO    |        即時信號 : ★★ [結構轉換] MSS Bearish 確立！趨勢轉空
2026-07-24 16:00:34 | INFO    |        多頭 OB  : [43520.0 - 48195.0] | 空頭 OB  : [44096.0 - 44099.0]
2026-07-24 16:00:34 | INFO    |        多頭 FVG : 無 | 空頭 FVG : 無
2026-07-24 16:00:34 | INFO    | ----------------------------------------------------------------------
2026-07-24 16:00:34 | INFO    | [過濾] 偵測到信號但建議無效，已跳過發送 Telegram 通知。
2026-07-24 16:01:36 | INFO    | [16:00:28] 價格: 44053.0 | 大結構趨勢 (5M): NONE
2026-07-24 16:01:36 | INFO    |        即時信號 : 無特殊信號
2026-07-24 16:01:36 | INFO    |        多頭 OB  : [43520.0 - 48195.0] | 空頭 OB  : [44096.0 - 44099.0]
2026-07-24 16:01:36 | INFO    |        多頭 FVG : 無 | 空頭 FVG : [44086.0 - 44102.0]
2026-07-24 16:01:36 | INFO    | ----------------------------------------------------------------------
2026-07-24 16:02:40 | INFO    | [16:01:29] 價格: 44053.0 | 大結構趨勢 (5M): NONE
2026-07-24 16:02:40 | INFO    |        即時信號 : 無特殊信號
2026-07-24 16:02:40 | INFO    |        多頭 OB  : [43520.0 - 48195.0] | 空頭 OB  : [44096.0 - 44099.0]
2026-07-24 16:02:40 | INFO    |        多頭 FVG : 無 | 空頭 FVG : [44071.0 - 44077.0]
2026-07-24 16:02:40 | INFO    | ----------------------------------------------------------------------
2026-07-24 16:03:44 | INFO    | [16:02:34] 價格: 44035.0 | 大結構趨勢 (5M): NONE
2026-07-24 16:03:44 | INFO    |        即時信號 : 無特殊信號
2026-07-24 16:03:44 | INFO    |        多頭 OB  : [43520.0 - 48195.0] | 空頭 OB  : [44096.0 - 44099.0]
2026-07-24 16:03:44 | INFO    |        多頭 FVG : 無 | 空頭 FVG : 無
2026-07-24 16:03:44 | INFO    | ----------------------------------------------------------------------
2026-07-24 16:04:47 | INFO    | [16:03:37] 價格: 44030.0 | 大結構趨勢 (5M): NONE
2026-07-24 16:04:47 | INFO    |        即時信號 : 無特殊信號
2026-07-24 16:04:47 | INFO    |        多頭 OB  : [43520.0 - 48195.0] | 空頭 OB  : [44096.0 - 44099.0]
2026-07-24 16:04:47 | INFO    |        多頭 FVG : 無 | 空頭 FVG : 無
2026-07-24 16:04:47 | INFO    | ----------------------------------------------------------------------
2026-07-24 16:05:48 | INFO    | [16:04:41] 價格: 44005.0 | 大結構趨勢 (5M): NONE
2026-07-24 16:05:48 | INFO    |        即時信號 : 無特殊信號
2026-07-24 16:05:48 | INFO    |        多頭 OB  : [43520.0 - 48195.0] | 空頭 OB  : [44096.0 - 44099.0]
2026-07-24 16:05:48 | INFO    |        多頭 FVG : 無 | 空頭 FVG : 無
2026-07-24 16:05:48 | INFO    | ----------------------------------------------------------------------
2026-07-24 16:06:50 | INFO    | [16:05:41] 價格: 44038.0 | 大結構趨勢 (5M): NONE
2026-07-24 16:06:50 | INFO    |        即時信號 : 無特殊信號
2026-07-24 16:06:50 | INFO    |        多頭 OB  : [43520.0 - 48195.0] | 空頭 OB  : [44096.0 - 44099.0]
2026-07-24 16:06:50 | INFO    |        多頭 FVG : 無 | 空頭 FVG : 無
2026-07-24 16:06:50 | INFO    | ----------------------------------------------------------------------
2026-07-24 16:07:53 | INFO    | [16:06:44] 價格: 44039.0 | 大結構趨勢 (5M): NONE
2026-07-24 16:07:53 | INFO    |        即時信號 : 無特殊信號
2026-07-24 16:07:53 | INFO    |        多頭 OB  : [43520.0 - 48195.0] | 空頭 OB  : [44096.0 - 44099.0]
2026-07-24 16:07:53 | INFO    |        多頭 FVG : 無 | 空頭 FVG : 無
2026-07-24 16:07:53 | INFO    | ----------------------------------------------------------------------
2026-07-24 16:09:00 | INFO    | [16:07:47] 價格: 44043.0 | 大結構趨勢 (5M): NONE
2026-07-24 16:09:00 | INFO    |        即時信號 : 無特殊信號
2026-07-24 16:09:00 | INFO    |        多頭 OB  : [43520.0 - 48195.0] | 空頭 OB  : [44096.0 - 44099.0]
2026-07-24 16:09:00 | INFO    |        多頭 FVG : 無 | 空頭 FVG : 無
2026-07-24 16:09:00 | INFO    | ----------------------------------------------------------------------
2026-07-24 16:10:03 | INFO    | [16:08:54] 價格: 44050.0 | 大結構趨勢 (5M): NONE
2026-07-24 16:10:03 | INFO    |        即時信號 : 無特殊信號
2026-07-24 16:10:03 | INFO    |        多頭 OB  : [43520.0 - 48195.0] | 空頭 OB  : [44096.0 - 44099.0]
2026-07-24 16:10:03 | INFO    |        多頭 FVG : 無 | 空頭 FVG : 無
2026-07-24 16:10:03 | INFO    | ----------------------------------------------------------------------
2026-07-24 16:11:05 | INFO    | [16:09:57] 價格: 44046.0 | 大結構趨勢 (5M): NONE
2026-07-24 16:11:05 | INFO    |        即時信號 : 無特殊信號
2026-07-24 16:11:05 | INFO    |        多頭 OB  : [43520.0 - 48195.0] | 空頭 OB  : [44096.0 - 44099.0]
2026-07-24 16:11:05 | INFO    |        多頭 FVG : 無 | 空頭 FVG : 無
2026-07-24 16:11:05 | INFO    | ----------------------------------------------------------------------
2026-07-24 16:12:07 | INFO    | [16:10:58] 價格: 44031.0 | 大結構趨勢 (5M): NONE
2026-07-24 16:12:07 | INFO    |        即時信號 : 無特殊信號
2026-07-24 16:12:07 | INFO    |        多頭 OB  : [43520.0 - 48195.0] | 空頭 OB  : [44096.0 - 44099.0]
2026-07-24 16:12:07 | INFO    |        多頭 FVG : 無 | 空頭 FVG : [44040.0 - 44050.0]
2026-07-24 16:12:07 | INFO    | ----------------------------------------------------------------------
2026-07-24 16:13:07 | INFO    | [16:12:00] 價格: 44006.0 | 大結構趨勢 (5M): NONE
2026-07-24 16:13:07 | INFO    |        即時信號 : ★ [流動性掠奪] Sweep Low 形成！(買方防守)
2026-07-24 16:13:07 | INFO    |        多頭 OB  : [43520.0 - 48195.0] | 空頭 OB  : [44096.0 - 44099.0]
2026-07-24 16:13:07 | INFO    |        多頭 FVG : 無 | 空頭 FVG : [44025.0 - 44035.0]
2026-07-24 16:13:07 | INFO    | ----------------------------------------------------------------------
2026-07-24 16:13:07 | SIGNAL  | 訊號觸發，發送 Telegram 通知: ★ [流動性掠奪] Sweep Low 形成 (多頭訊號)！
2026-07-24 16:13:08 | INFO    | [Telegram] 訊息發送成功 | chat_id=-1004387856503
2026-07-24 16:14:08 | INFO    | [16:13:00] 價格: 44007.0 | 大結構趨勢 (5M): NONE
2026-07-24 16:14:08 | INFO    |        即時信號 : ★ [流動性掠奪] Sweep Low 形成！(買方防守)
2026-07-24 16:14:08 | INFO    |        多頭 OB  : [43520.0 - 48195.0] | 空頭 OB  : [44096.0 - 44099.0]
2026-07-24 16:14:08 | INFO    |        多頭 FVG : 無 | 空頭 FVG : [44015.0 - 44018.0]
2026-07-24 16:14:08 | INFO    | ----------------------------------------------------------------------
2026-07-24 16:14:08 | SIGNAL  | 訊號觸發，發送 Telegram 通知: ★ [流動性掠奪] Sweep Low 形成 (多頭訊號)！
2026-07-24 16:14:09 | INFO    | [Telegram] 訊息發送成功 | chat_id=-1004387856503
2026-07-24 16:15:09 | INFO    | [16:14:01] 價格: 44016.0 | 大結構趨勢 (5M): NONE
2026-07-24 16:15:09 | INFO    |        即時信號 : 無特殊信號
2026-07-24 16:15:09 | INFO    |        多頭 OB  : [43520.0 - 48195.0] | 空頭 OB  : [44096.0 - 44099.0]
2026-07-24 16:15:09 | INFO    |        多頭 FVG : 無 | 空頭 FVG : 無
2026-07-24 16:15:09 | INFO    | ----------------------------------------------------------------------
2026-07-24 16:16:09 | INFO    | [16:15:02] 價格: 44016.0 | 大結構趨勢 (5M): NONE
2026-07-24 16:16:09 | INFO    |        即時信號 : 無特殊信號
2026-07-24 16:16:09 | INFO    |        多頭 OB  : [43520.0 - 48195.0] | 空頭 OB  : [44096.0 - 44099.0]
2026-07-24 16:16:09 | INFO    |        多頭 FVG : [44015.0 - 44016.0] | 空頭 FVG : 無
2026-07-24 16:16:09 | INFO    | ----------------------------------------------------------------------
2026-07-24 16:17:10 | INFO    | [16:16:03] 價格: 44057.0 | 大結構趨勢 (5M): NONE
2026-07-24 16:17:10 | INFO    |        即時信號 : 無特殊信號
2026-07-24 16:17:10 | INFO    |        多頭 OB  : [43520.0 - 48195.0] | 空頭 OB  : [44096.0 - 44099.0]
2026-07-24 16:17:10 | INFO    |        多頭 FVG : 無 | 空頭 FVG : 無
2026-07-24 16:17:10 | INFO    | ----------------------------------------------------------------------
2026-07-24 16:18:11 | INFO    | [16:17:04] 價格: 44059.0 | 大結構趨勢 (5M): NONE
2026-07-24 16:18:11 | INFO    |        即時信號 : 無特殊信號
2026-07-24 16:18:11 | INFO    |        多頭 OB  : [43520.0 - 48195.0] | 空頭 OB  : [44096.0 - 44099.0]
2026-07-24 16:18:11 | INFO    |        多頭 FVG : [44025.0 - 44051.0] | 空頭 FVG : 無
2026-07-24 16:18:11 | INFO    | ----------------------------------------------------------------------
2026-07-24 16:19:12 | INFO    | [16:18:05] 價格: 44030.0 | 大結構趨勢 (5M): NONE
2026-07-24 16:19:12 | INFO    |        即時信號 : 無特殊信號
2026-07-24 16:19:12 | INFO    |        多頭 OB  : [43520.0 - 48195.0] | 空頭 OB  : [44096.0 - 44099.0]
2026-07-24 16:19:12 | INFO    |        多頭 FVG : 無 | 空頭 FVG : 無
2026-07-24 16:19:12 | INFO    | ----------------------------------------------------------------------
2026-07-24 16:20:13 | INFO    | [16:19:05] 價格: 44055.0 | 大結構趨勢 (5M): NONE
2026-07-24 16:20:13 | INFO    |        即時信號 : 無特殊信號
2026-07-24 16:20:13 | INFO    |        多頭 OB  : [43520.0 - 48195.0] | 空頭 OB  : [44096.0 - 44099.0]
2026-07-24 16:20:13 | INFO    |        多頭 FVG : 無 | 空頭 FVG : 無
2026-07-24 16:20:13 | INFO    | ----------------------------------------------------------------------
2026-07-24 16:21:14 | INFO    | [16:20:06] 價格: 44064.0 | 大結構趨勢 (5M): NONE
2026-07-24 16:21:14 | INFO    |        即時信號 : ★ [流動性掠奪] Sweep High 形成！(賣方防守)
2026-07-24 16:21:14 | INFO    |        多頭 OB  : [43520.0 - 48195.0] | 空頭 OB  : [44096.0 - 44099.0]
2026-07-24 16:21:14 | INFO    |        多頭 FVG : 無 | 空頭 FVG : 無
2026-07-24 16:21:14 | INFO    | ----------------------------------------------------------------------
2026-07-24 16:21:14 | SIGNAL  | 訊號觸發，發送 Telegram 通知: ★ [流動性掠奪] Sweep High 形成 (空頭訊號)！
2026-07-24 16:21:15 | INFO    | [Telegram] 訊息發送成功 | chat_id=-1004387856503
2026-07-24 16:22:15 | INFO    | [16:21:07] 價格: 44038.0 | 大結構趨勢 (5M): NONE
2026-07-24 16:22:15 | INFO    |        即時信號 : 無特殊信號
2026-07-24 16:22:15 | INFO    |        多頭 OB  : [43520.0 - 48195.0] | 空頭 OB  : [44096.0 - 44099.0]
2026-07-24 16:22:15 | INFO    |        多頭 FVG : 無 | 空頭 FVG : 無
2026-07-24 16:22:15 | INFO    | ----------------------------------------------------------------------
2026-07-24 16:23:31 | INFO    | [16:22:08] 價格: 44038.0 | 大結構趨勢 (5M): NONE
2026-07-24 16:23:31 | INFO    |        即時信號 : 無特殊信號
2026-07-24 16:23:31 | INFO    |        多頭 OB  : [43520.0 - 48195.0] | 空頭 OB  : [44096.0 - 44099.0]
2026-07-24 16:23:31 | INFO    |        多頭 FVG : 無 | 空頭 FVG : [44050.0 - 44052.0]
2026-07-24 16:23:31 | INFO    | ----------------------------------------------------------------------
2026-07-24 16:24:34 | INFO    | [16:23:25] 價格: 44023.0 | 大結構趨勢 (5M): NONE
2026-07-24 16:24:34 | INFO    |        即時信號 : 無特殊信號
2026-07-24 16:24:34 | INFO    |        多頭 OB  : [43520.0 - 48195.0] | 空頭 OB  : [44096.0 - 44099.0]
2026-07-24 16:24:34 | INFO    |        多頭 FVG : 無 | 空頭 FVG : [44033.0 - 44038.0]
2026-07-24 16:24:34 | INFO    | ----------------------------------------------------------------------
2026-07-24 16:25:35 | INFO    | [16:24:28] 價格: 44019.0 | 大結構趨勢 (5M): NONE
2026-07-24 16:25:35 | INFO    |        即時信號 : 無特殊信號
2026-07-24 16:25:35 | INFO    |        多頭 OB  : [43520.0 - 48195.0] | 空頭 OB  : [44096.0 - 44099.0]
2026-07-24 16:25:35 | INFO    |        多頭 FVG : 無 | 空頭 FVG : [44027.0 - 44036.0]
2026-07-24 16:25:35 | INFO    | ----------------------------------------------------------------------
2026-07-24 16:26:37 | INFO    | [16:25:29] 價格: 44035.0 | 大結構趨勢 (5M): NONE
2026-07-24 16:26:37 | INFO    |        即時信號 : 無特殊信號
2026-07-24 16:26:37 | INFO    |        多頭 OB  : [43520.0 - 48195.0] | 空頭 OB  : [44096.0 - 44099.0]
2026-07-24 16:26:37 | INFO    |        多頭 FVG : 無 | 空頭 FVG : 無
2026-07-24 16:26:37 | INFO    | ----------------------------------------------------------------------
2026-07-24 16:27:41 | INFO    | [16:26:30] 價格: 44045.0 | 大結構趨勢 (5M): NONE
2026-07-24 16:27:41 | INFO    |        即時信號 : 無特殊信號
2026-07-24 16:27:41 | INFO    |        多頭 OB  : [43520.0 - 48195.0] | 空頭 OB  : [44096.0 - 44099.0]
2026-07-24 16:27:41 | INFO    |        多頭 FVG : [44027.0 - 44032.0] | 空頭 FVG : 無
2026-07-24 16:27:41 | INFO    | ----------------------------------------------------------------------
2026-07-24 16:28:44 | INFO    | [16:27:34] 價格: 44042.0 | 大結構趨勢 (5M): NONE
2026-07-24 16:28:44 | INFO    |        即時信號 : 無特殊信號
2026-07-24 16:28:44 | INFO    |        多頭 OB  : [43520.0 - 48195.0] | 空頭 OB  : [44096.0 - 44099.0]
2026-07-24 16:28:44 | INFO    |        多頭 FVG : [44037.0 - 44040.0] | 空頭 FVG : 無
2026-07-24 16:28:44 | INFO    | ----------------------------------------------------------------------
2026-07-24 16:29:45 | INFO    | [16:28:37] 價格: 44074.0 | 大結構趨勢 (5M): NONE
2026-07-24 16:29:45 | INFO    |        即時信號 : ★★ [結構轉換] MSS Bullish 確立！趨勢轉多
2026-07-24 16:29:45 | INFO    |        多頭 OB  : [44040.0 - 44051.0] | 空頭 OB  : [44096.0 - 44099.0]
2026-07-24 16:29:45 | INFO    |        多頭 FVG : 無 | 空頭 FVG : 無
2026-07-24 16:29:45 | INFO    | ----------------------------------------------------------------------
2026-07-24 16:29:45 | INFO    | [過濾] 偵測到信號但建議無效，已跳過發送 Telegram 通知。
2026-07-24 16:30:47 | INFO    | [16:29:39] 價格: 44083.0 | 大結構趨勢 (5M): NONE
2026-07-24 16:30:47 | INFO    |        即時信號 : 無特殊信號
2026-07-24 16:30:47 | INFO    |        多頭 OB  : [44040.0 - 44051.0] | 空頭 OB  : [44096.0 - 44099.0]
2026-07-24 16:30:47 | INFO    |        多頭 FVG : [44051.0 - 44078.0] | 空頭 FVG : 無
2026-07-24 16:30:47 | INFO    | ----------------------------------------------------------------------
2026-07-24 16:31:48 | INFO    | [16:30:41] 價格: 44098.0 | 大結構趨勢 (5M): NONE
2026-07-24 16:31:48 | INFO    |        即時信號 : 無特殊信號
2026-07-24 16:31:48 | INFO    |        多頭 OB  : [44040.0 - 44051.0] | 空頭 OB  : [44096.0 - 44099.0]
2026-07-24 16:31:48 | INFO    |        多頭 FVG : [44079.0 - 44081.0] | 空頭 FVG : 無
2026-07-24 16:31:48 | INFO    | ----------------------------------------------------------------------
2026-07-24 16:32:49 | INFO    | [16:31:42] 價格: 44103.0 | 大結構趨勢 (5M): NONE
2026-07-24 16:32:49 | INFO    |        即時信號 : 無特殊信號
2026-07-24 16:32:49 | INFO    |        多頭 OB  : [44040.0 - 44051.0] | 空頭 OB  : [44096.0 - 44099.0]
2026-07-24 16:32:49 | INFO    |        多頭 FVG : [44095.0 - 44097.0] | 空頭 FVG : 無
2026-07-24 16:32:49 | INFO    | ----------------------------------------------------------------------
2026-07-24 16:33:51 | INFO    | [16:32:42] 價格: 44109.0 | 大結構趨勢 (5M): NONE
2026-07-24 16:33:51 | INFO    |        即時信號 : 無特殊信號
2026-07-24 16:33:51 | INFO    |        多頭 OB  : [44040.0 - 44051.0] | 空頭 OB  : [44096.0 - 44099.0]
2026-07-24 16:33:51 | INFO    |        多頭 FVG : [44098.0 - 44100.0] | 空頭 FVG : 無
2026-07-24 16:33:51 | INFO    | ----------------------------------------------------------------------
2026-07-24 16:34:52 | INFO    | [16:33:45] 價格: 44117.0 | 大結構趨勢 (5M): NONE
2026-07-24 16:34:52 | INFO    |        即時信號 : 無特殊信號
2026-07-24 16:34:52 | INFO    |        多頭 OB  : [44040.0 - 44051.0] | 空頭 OB  : [44096.0 - 44099.0]
2026-07-24 16:34:52 | INFO    |        多頭 FVG : 無 | 空頭 FVG : 無
2026-07-24 16:34:52 | INFO    | ----------------------------------------------------------------------
2026-07-24 16:36:09 | INFO    | [16:34:45] 價格: 44096.0 | 大結構趨勢 (5M): NONE
2026-07-24 16:36:09 | INFO    |        即時信號 : 無特殊信號
2026-07-24 16:36:09 | INFO    |        多頭 OB  : [44040.0 - 44051.0] | 空頭 OB  : [44096.0 - 44099.0]
2026-07-24 16:36:09 | INFO    |        多頭 FVG : 無 | 空頭 FVG : 無
2026-07-24 16:36:09 | INFO    | ----------------------------------------------------------------------
2026-07-24 16:37:09 | INFO    | [16:36:02] 價格: 44117.0 | 大結構趨勢 (5M): NONE
2026-07-24 16:37:09 | INFO    |        即時信號 : 無特殊信號
2026-07-24 16:37:09 | INFO    |        多頭 OB  : [44040.0 - 44051.0] | 空頭 OB  : [44096.0 - 44099.0]
2026-07-24 16:37:09 | INFO    |        多頭 FVG : 無 | 空頭 FVG : 無
2026-07-24 16:37:09 | INFO    | ----------------------------------------------------------------------
2026-07-24 16:38:10 | INFO    | [16:37:02] 價格: 44137.0 | 大結構趨勢 (5M): NONE
2026-07-24 16:38:10 | INFO    |        即時信號 : 無特殊信號
2026-07-24 16:38:10 | INFO    |        多頭 OB  : [44040.0 - 44051.0] | 空頭 OB  : [44096.0 - 44099.0]
2026-07-24 16:38:10 | INFO    |        多頭 FVG : [44107.0 - 44118.0] | 空頭 FVG : 無
2026-07-24 16:38:10 | INFO    | ----------------------------------------------------------------------
2026-07-24 16:39:12 | INFO    | [16:38:03] 價格: 44116.0 | 大結構趨勢 (5M): NONE
2026-07-24 16:39:12 | INFO    |        即時信號 : 無特殊信號
2026-07-24 16:39:12 | INFO    |        多頭 OB  : [44040.0 - 44051.0] | 空頭 OB  : [44096.0 - 44099.0]
2026-07-24 16:39:12 | INFO    |        多頭 FVG : 無 | 空頭 FVG : 無
2026-07-24 16:39:12 | INFO    | ----------------------------------------------------------------------
2026-07-24 16:40:22 | INFO    | [16:39:05] 價格: 44124.0 | 大結構趨勢 (5M): NONE
2026-07-24 16:40:22 | INFO    |        即時信號 : 無特殊信號
2026-07-24 16:40:22 | INFO    |        多頭 OB  : [44040.0 - 44051.0] | 空頭 OB  : [44096.0 - 44099.0]
2026-07-24 16:40:22 | INFO    |        多頭 FVG : 無 | 空頭 FVG : 無
2026-07-24 16:40:22 | INFO    | ----------------------------------------------------------------------
2026-07-24 16:41:22 | INFO    | [16:40:15] 價格: 44110.0 | 大結構趨勢 (5M): NONE
2026-07-24 16:41:22 | INFO    |        即時信號 : 無特殊信號
2026-07-24 16:41:22 | INFO    |        多頭 OB  : [44040.0 - 44051.0] | 空頭 OB  : [44096.0 - 44099.0]
2026-07-24 16:41:22 | INFO    |        多頭 FVG : 無 | 空頭 FVG : 無
2026-07-24 16:41:22 | INFO    | ----------------------------------------------------------------------
2026-07-24 16:42:25 | INFO    | [16:41:16] 價格: 44105.0 | 大結構趨勢 (5M): NONE
2026-07-24 16:42:25 | INFO    |        即時信號 : 無特殊信號
2026-07-24 16:42:25 | INFO    |        多頭 OB  : [44040.0 - 44051.0] | 空頭 OB  : [44096.0 - 44099.0]
2026-07-24 16:42:25 | INFO    |        多頭 FVG : 無 | 空頭 FVG : [44105.0 - 44118.0]
2026-07-24 16:42:25 | INFO    | ----------------------------------------------------------------------
2026-07-24 16:43:29 | INFO    | [16:42:19] 價格: 44096.0 | 大結構趨勢 (5M): NONE
2026-07-24 16:43:29 | INFO    |        即時信號 : 無特殊信號
2026-07-24 16:43:29 | INFO    |        多頭 OB  : [44040.0 - 44051.0] | 空頭 OB  : [44096.0 - 44099.0]
2026-07-24 16:43:29 | INFO    |        多頭 FVG : 無 | 空頭 FVG : 無
2026-07-24 16:43:29 | INFO    | ----------------------------------------------------------------------
2026-07-24 16:44:32 | INFO    | [16:43:22] 價格: 44104.0 | 大結構趨勢 (5M): NONE
2026-07-24 16:44:32 | INFO    |        即時信號 : ★ [流動性掠奪] Sweep Low 形成！(買方防守)
2026-07-24 16:44:32 | INFO    |        多頭 OB  : [44040.0 - 44051.0] | 空頭 OB  : [44096.0 - 44099.0]
2026-07-24 16:44:32 | INFO    |        多頭 FVG : 無 | 空頭 FVG : 無
2026-07-24 16:44:32 | INFO    | ----------------------------------------------------------------------
2026-07-24 16:44:32 | INFO    | [過濾] 偵測到信號但建議無效，已跳過發送 Telegram 通知。
2026-07-24 16:45:35 | INFO    | [16:44:26] 價格: 44123.0 | 大結構趨勢 (5M): NONE
2026-07-24 16:45:35 | INFO    |        即時信號 : 無特殊信號
2026-07-24 16:45:35 | INFO    |        多頭 OB  : [44040.0 - 44051.0] | 空頭 OB  : [44096.0 - 44099.0]
2026-07-24 16:45:35 | INFO    |        多頭 FVG : 無 | 空頭 FVG : 無
2026-07-24 16:45:35 | INFO    | ----------------------------------------------------------------------
2026-07-24 16:46:40 | INFO    | [16:45:29] 價格: 44129.0 | 大結構趨勢 (5M): NONE
2026-07-24 16:46:40 | INFO    |        即時信號 : 無特殊信號
2026-07-24 16:46:40 | INFO    |        多頭 OB  : [44040.0 - 44051.0] | 空頭 OB  : [44096.0 - 44099.0]
2026-07-24 16:46:40 | INFO    |        多頭 FVG : [44105.0 - 44118.0] | 空頭 FVG : 無
2026-07-24 16:46:40 | INFO    | ----------------------------------------------------------------------
2026-07-24 16:48:10 | INFO    | [16:46:34] 價格: 44118.0 | 大結構趨勢 (5M): NONE
2026-07-24 16:48:10 | INFO    |        即時信號 : 無特殊信號
2026-07-24 16:48:10 | INFO    |        多頭 OB  : [44040.0 - 44051.0] | 空頭 OB  : [44096.0 - 44099.0]
2026-07-24 16:48:10 | INFO    |        多頭 FVG : 無 | 空頭 FVG : 無
2026-07-24 16:48:10 | INFO    | ----------------------------------------------------------------------
2026-07-24 16:49:11 | INFO    | [16:48:04] 價格: 44093.0 | 大結構趨勢 (5M): NONE
2026-07-24 16:49:11 | INFO    |        即時信號 : ★ [流動性掠奪] Sweep Low 形成！(買方防守)
2026-07-24 16:49:11 | INFO    |        多頭 OB  : [44040.0 - 44051.0] | 空頭 OB  : [44096.0 - 44099.0]
2026-07-24 16:49:11 | INFO    |        多頭 FVG : 無 | 空頭 FVG : [44107.0 - 44118.0]
2026-07-24 16:49:11 | INFO    | ----------------------------------------------------------------------
2026-07-24 16:49:11 | INFO    | [過濾] 偵測到信號但建議無效，已跳過發送 Telegram 通知。
2026-07-24 16:50:15 | INFO    | [16:49:04] 價格: 44106.0 | 大結構趨勢 (5M): NONE
2026-07-24 16:50:15 | INFO    |        即時信號 : ★ [流動性掠奪] Sweep Low 形成！(買方防守)
2026-07-24 16:50:15 | INFO    |        多頭 OB  : [44040.0 - 44051.0] | 空頭 OB  : [44096.0 - 44099.0]
2026-07-24 16:50:15 | INFO    |        多頭 FVG : 無 | 空頭 FVG : [44106.0 - 44115.0]
2026-07-24 16:50:15 | INFO    | ----------------------------------------------------------------------
2026-07-24 16:50:15 | SIGNAL  | 訊號觸發，發送 Telegram 通知: ★ [流動性掠奪] Sweep Low 形成 (多頭訊號)！
2026-07-24 16:50:16 | INFO    | [Telegram] 訊息發送成功 | chat_id=-1004387856503
2026-07-24 16:51:51 | INFO    | [16:50:08] 價格: 44096.0 | 大結構趨勢 (5M): NONE
2026-07-24 16:51:51 | INFO    |        即時信號 : 無特殊信號
2026-07-24 16:51:51 | INFO    |        多頭 OB  : [44040.0 - 44051.0] | 空頭 OB  : [44096.0 - 44099.0]
2026-07-24 16:51:51 | INFO    |        多頭 FVG : 無 | 空頭 FVG : 無
2026-07-24 16:51:51 | INFO    | ----------------------------------------------------------------------
2026-07-24 16:53:15 | INFO    | [16:51:44] 價格: 44106.0 | 大結構趨勢 (5M): NONE
2026-07-24 16:53:15 | INFO    |        即時信號 : 無特殊信號
2026-07-24 16:53:15 | INFO    |        多頭 OB  : [44040.0 - 44051.0] | 空頭 OB  : [44096.0 - 44099.0]
2026-07-24 16:53:15 | INFO    |        多頭 FVG : 無 | 空頭 FVG : 無
2026-07-24 16:53:15 | INFO    | ----------------------------------------------------------------------
2026-07-24 16:54:23 | INFO    | [16:53:08] 價格: 44096.0 | 大結構趨勢 (5M): NONE
2026-07-24 16:54:23 | INFO    |        即時信號 : 無特殊信號
2026-07-24 16:54:23 | INFO    |        多頭 OB  : [44040.0 - 44051.0] | 空頭 OB  : [44096.0 - 44099.0]
2026-07-24 16:54:23 | INFO    |        多頭 FVG : 無 | 空頭 FVG : 無
2026-07-24 16:54:23 | INFO    | ----------------------------------------------------------------------
2026-07-24 16:55:27 | INFO    | [16:54:17] 價格: 44109.0 | 大結構趨勢 (5M): NONE
2026-07-24 16:55:27 | INFO    |        即時信號 : 無特殊信號
2026-07-24 16:55:27 | INFO    |        多頭 OB  : [44040.0 - 44051.0] | 空頭 OB  : [44096.0 - 44099.0]
2026-07-24 16:55:27 | INFO    |        多頭 FVG : 無 | 空頭 FVG : 無
2026-07-24 16:55:27 | INFO    | ----------------------------------------------------------------------
2026-07-24 16:56:30 | INFO    | [16:55:21] 價格: 44118.0 | 大結構趨勢 (5M): NONE
2026-07-24 16:56:30 | INFO    |        即時信號 : 無特殊信號
2026-07-24 16:56:30 | INFO    |        多頭 OB  : [44040.0 - 44051.0] | 空頭 OB  : [44096.0 - 44099.0]
2026-07-24 16:56:30 | INFO    |        多頭 FVG : [44108.0 - 44113.0] | 空頭 FVG : 無
2026-07-24 16:56:30 | INFO    | ----------------------------------------------------------------------
2026-07-24 16:57:31 | INFO    | [16:56:23] 價格: 44108.0 | 大結構趨勢 (5M): NONE
2026-07-24 16:57:31 | INFO    |        即時信號 : 無特殊信號
2026-07-24 16:57:31 | INFO    |        多頭 OB  : [44040.0 - 44051.0] | 空頭 OB  : [44096.0 - 44099.0]
2026-07-24 16:57:31 | INFO    |        多頭 FVG : 無 | 空頭 FVG : 無
2026-07-24 16:57:31 | INFO    | ----------------------------------------------------------------------
2026-07-24 16:58:38 | INFO    | [16:57:25] 價格: 44102.0 | 大結構趨勢 (5M): NONE
2026-07-24 16:58:38 | INFO    |        即時信號 : 無特殊信號
2026-07-24 16:58:38 | INFO    |        多頭 OB  : [44040.0 - 44051.0] | 空頭 OB  : [44096.0 - 44099.0]
2026-07-24 16:58:38 | INFO    |        多頭 FVG : 無 | 空頭 FVG : 無
2026-07-24 16:58:38 | INFO    | ----------------------------------------------------------------------
2026-07-24 16:59:38 | INFO    | [16:58:31] 價格: 44099.0 | 大結構趨勢 (5M): NONE
2026-07-24 16:59:38 | INFO    |        即時信號 : 無特殊信號
2026-07-24 16:59:38 | INFO    |        多頭 OB  : [44040.0 - 44051.0] | 空頭 OB  : [44096.0 - 44099.0]
2026-07-24 16:59:38 | INFO    |        多頭 FVG : 無 | 空頭 FVG : [44101.0 - 44108.0]
2026-07-24 16:59:38 | INFO    | ----------------------------------------------------------------------
2026-07-24 17:00:40 | INFO    | [16:59:32] 價格: 44090.0 | 大結構趨勢 (5M): NONE
2026-07-24 17:00:40 | INFO    |        即時信號 : 無特殊信號
2026-07-24 17:00:40 | INFO    |        多頭 OB  : [44040.0 - 44051.0] | 空頭 OB  : [44096.0 - 44099.0]
2026-07-24 17:00:40 | INFO    |        多頭 FVG : 無 | 空頭 FVG : 無
2026-07-24 17:00:40 | INFO    | ----------------------------------------------------------------------
2026-07-24 17:01:46 | INFO    | [17:00:33] 價格: 44100.0 | 大結構趨勢 (5M): NONE
2026-07-24 17:01:46 | INFO    |        即時信號 : ★ [流動性掠奪] Sweep Low 形成！(買方防守)
2026-07-24 17:01:46 | INFO    |        多頭 OB  : [44040.0 - 44051.0] | 空頭 OB  : [44096.0 - 44099.0]
2026-07-24 17:01:46 | INFO    |        多頭 FVG : 無 | 空頭 FVG : 無
2026-07-24 17:01:46 | INFO    | ----------------------------------------------------------------------
2026-07-24 17:01:46 | INFO    | [過濾] 偵測到信號但建議無效，已跳過發送 Telegram 通知。
2026-07-24 17:02:47 | INFO    | [17:01:40] 價格: 44120.0 | 大結構趨勢 (5M): NONE
2026-07-24 17:02:47 | INFO    |        即時信號 : 無特殊信號
2026-07-24 17:02:47 | INFO    |        多頭 OB  : [44040.0 - 44051.0] | 空頭 OB  : [44096.0 - 44099.0]
2026-07-24 17:02:47 | INFO    |        多頭 FVG : 無 | 空頭 FVG : 無
2026-07-24 17:02:47 | INFO    | ----------------------------------------------------------------------
2026-07-24 17:03:50 | INFO    | [17:02:40] 價格: 44135.0 | 大結構趨勢 (5M): NONE
2026-07-24 17:03:50 | INFO    |        即時信號 : ★★ [結構轉換] MSS Bullish 確立！趨勢轉多
2026-07-24 17:03:50 | INFO    |        多頭 OB  : [44081.0 - 44100.0] | 空頭 OB  : [44096.0 - 44099.0]
2026-07-24 17:03:50 | INFO    |        多頭 FVG : [44100.0 - 44120.0] | 空頭 FVG : 無
2026-07-24 17:03:50 | INFO    | ----------------------------------------------------------------------
2026-07-24 17:03:50 | INFO    | [過濾] 偵測到信號但建議無效，已跳過發送 Telegram 通知。
2026-07-24 17:04:53 | INFO    | [17:03:43] 價格: 44098.0 | 大結構趨勢 (5M): NONE
2026-07-24 17:04:53 | INFO    |        即時信號 : ★ [流動性掠奪] Sweep High 形成！(賣方防守)
2026-07-24 17:04:53 | INFO    |        多頭 OB  : [44081.0 - 44100.0] | 空頭 OB  : [44096.0 - 44099.0]
2026-07-24 17:04:53 | INFO    |        多頭 FVG : 無 | 空頭 FVG : 無
2026-07-24 17:04:53 | INFO    | ----------------------------------------------------------------------
2026-07-24 17:04:53 | INFO    | [過濾] 偵測到信號但建議無效，已跳過發送 Telegram 通知。
2026-07-24 17:05:57 | INFO    | [17:04:46] 價格: 44101.0 | 大結構趨勢 (5M): NONE
2026-07-24 17:05:57 | INFO    |        即時信號 : 無特殊信號
2026-07-24 17:05:57 | INFO    |        多頭 OB  : [44081.0 - 44100.0] | 空頭 OB  : [44096.0 - 44099.0]
2026-07-24 17:05:57 | INFO    |        多頭 FVG : 無 | 空頭 FVG : [44105.0 - 44120.0]
2026-07-24 17:05:57 | INFO    | ----------------------------------------------------------------------
2026-07-24 17:07:08 | INFO    | [17:05:50] 價格: 44117.0 | 大結構趨勢 (5M): NONE
2026-07-24 17:07:08 | INFO    |        即時信號 : 無特殊信號
2026-07-24 17:07:08 | INFO    |        多頭 OB  : [44081.0 - 44100.0] | 空頭 OB  : [44096.0 - 44099.0]
2026-07-24 17:07:08 | INFO    |        多頭 FVG : 無 | 空頭 FVG : 無
2026-07-24 17:07:08 | INFO    | ----------------------------------------------------------------------
2026-07-24 17:08:09 | INFO    | [17:07:01] 價格: 44148.0 | 大結構趨勢 (5M): NONE
2026-07-24 17:08:09 | INFO    |        即時信號 : 無特殊信號
2026-07-24 17:08:09 | INFO    |        多頭 OB  : [44081.0 - 44100.0] | 空頭 OB  : [44096.0 - 44099.0]
2026-07-24 17:08:09 | INFO    |        多頭 FVG : [44105.0 - 44113.0] | 空頭 FVG : 無
2026-07-24 17:08:09 | INFO    | ----------------------------------------------------------------------
2026-07-24 17:09:10 | INFO    | [17:08:02] 價格: 44152.0 | 大結構趨勢 (5M): NONE
2026-07-24 17:09:10 | INFO    |        即時信號 : 無特殊信號
2026-07-24 17:09:10 | INFO    |        多頭 OB  : [44081.0 - 44100.0] | 空頭 OB  : [44096.0 - 44099.0]
2026-07-24 17:09:10 | INFO    |        多頭 FVG : [44117.0 - 44144.0] | 空頭 FVG : 無
2026-07-24 17:09:10 | INFO    | ----------------------------------------------------------------------
2026-07-24 17:10:11 | INFO    | [17:09:03] 價格: 44232.0 | 大結構趨勢 (5M): NONE
2026-07-24 17:10:11 | INFO    |        即時信號 : 無特殊信號
2026-07-24 17:10:11 | INFO    |        多頭 OB  : [44081.0 - 44100.0] | 空頭 OB  : [44096.0 - 44099.0]
2026-07-24 17:10:11 | INFO    |        多頭 FVG : 無 | 空頭 FVG : 無
2026-07-24 17:10:11 | INFO    | ----------------------------------------------------------------------
2026-07-24 17:11:11 | INFO    | [17:10:04] 價格: 44201.0 | 大結構趨勢 (5M): NONE
2026-07-24 17:11:11 | INFO    |        即時信號 : 無特殊信號
2026-07-24 17:11:11 | INFO    |        多頭 OB  : [44081.0 - 44100.0] | 空頭 OB  : [44096.0 - 44099.0]
2026-07-24 17:11:11 | INFO    |        多頭 FVG : [44152.0 - 44201.0] | 空頭 FVG : 無
2026-07-24 17:11:11 | INFO    | ----------------------------------------------------------------------
2026-07-24 17:12:11 | INFO    | [17:11:04] 價格: 44174.0 | 大結構趨勢 (5M): NONE
2026-07-24 17:12:11 | INFO    |        即時信號 : 無特殊信號
2026-07-24 17:12:11 | INFO    |        多頭 OB  : [44081.0 - 44100.0] | 空頭 OB  : [44096.0 - 44099.0]
2026-07-24 17:12:11 | INFO    |        多頭 FVG : 無 | 空頭 FVG : 無
2026-07-24 17:12:11 | INFO    | ----------------------------------------------------------------------
2026-07-24 17:13:12 | INFO    | [17:12:04] 價格: 44139.0 | 大結構趨勢 (5M): NONE
2026-07-24 17:13:12 | INFO    |        即時信號 : 無特殊信號
2026-07-24 17:13:12 | INFO    |        多頭 OB  : [44081.0 - 44100.0] | 空頭 OB  : [44096.0 - 44099.0]
2026-07-24 17:13:12 | INFO    |        多頭 FVG : 無 | 空頭 FVG : [44171.0 - 44201.0]
2026-07-24 17:13:12 | INFO    | ----------------------------------------------------------------------
2026-07-24 17:14:14 | INFO    | [17:13:06] 價格: 44134.0 | 大結構趨勢 (5M): NONE
2026-07-24 17:14:14 | INFO    |        即時信號 : 無特殊信號
2026-07-24 17:14:14 | INFO    |        多頭 OB  : [44081.0 - 44100.0] | 空頭 OB  : [44096.0 - 44099.0]
2026-07-24 17:14:14 | INFO    |        多頭 FVG : 無 | 空頭 FVG : [44141.0 - 44170.0]
2026-07-24 17:14:14 | INFO    | ----------------------------------------------------------------------
2026-07-24 17:15:21 | INFO    | [17:14:07] 價格: 44132.0 | 大結構趨勢 (5M): NONE
2026-07-24 17:15:21 | INFO    |        即時信號 : 無特殊信號
2026-07-24 17:15:21 | INFO    |        多頭 OB  : [44081.0 - 44100.0] | 空頭 OB  : [44096.0 - 44099.0]
2026-07-24 17:15:21 | INFO    |        多頭 FVG : 無 | 空頭 FVG : 無
2026-07-24 17:15:21 | INFO    | ----------------------------------------------------------------------
2026-07-24 17:16:22 | INFO    | [17:15:14] 價格: 44130.0 | 大結構趨勢 (5M): NONE
2026-07-24 17:16:22 | INFO    |        即時信號 : 無特殊信號
2026-07-24 17:16:22 | INFO    |        多頭 OB  : [44081.0 - 44100.0] | 空頭 OB  : [44096.0 - 44099.0]
2026-07-24 17:16:22 | INFO    |        多頭 FVG : 無 | 空頭 FVG : 無
2026-07-24 17:16:22 | INFO    | ----------------------------------------------------------------------
2026-07-24 17:17:25 | INFO    | [17:16:15] 價格: 44138.0 | 大結構趨勢 (5M): NONE
2026-07-24 17:17:25 | INFO    |        即時信號 : 無特殊信號
2026-07-24 17:17:25 | INFO    |        多頭 OB  : [44081.0 - 44100.0] | 空頭 OB  : [44096.0 - 44099.0]
2026-07-24 17:17:25 | INFO    |        多頭 FVG : 無 | 空頭 FVG : 無
2026-07-24 17:17:25 | INFO    | ----------------------------------------------------------------------
2026-07-24 17:18:27 | INFO    | [17:17:18] 價格: 44128.0 | 大結構趨勢 (5M): NONE
2026-07-24 17:18:27 | INFO    |        即時信號 : 無特殊信號
2026-07-24 17:18:27 | INFO    |        多頭 OB  : [44081.0 - 44100.0] | 空頭 OB  : [44096.0 - 44099.0]
2026-07-24 17:18:27 | INFO    |        多頭 FVG : 無 | 空頭 FVG : 無
2026-07-24 17:18:27 | INFO    | ----------------------------------------------------------------------
2026-07-24 17:19:29 | INFO    | [17:18:20] 價格: 44115.0 | 大結構趨勢 (5M): NONE
2026-07-24 17:19:29 | INFO    |        即時信號 : 無特殊信號
2026-07-24 17:19:29 | INFO    |        多頭 OB  : [44081.0 - 44100.0] | 空頭 OB  : [44096.0 - 44099.0]
2026-07-24 17:19:29 | INFO    |        多頭 FVG : 無 | 空頭 FVG : [44128.0 - 44132.0]
2026-07-24 17:19:29 | INFO    | ----------------------------------------------------------------------
2026-07-24 17:20:32 | INFO    | [17:19:22] 價格: 44126.0 | 大結構趨勢 (5M): NONE
2026-07-24 17:20:32 | INFO    |        即時信號 : 無特殊信號
2026-07-24 17:20:32 | INFO    |        多頭 OB  : [44081.0 - 44100.0] | 空頭 OB  : [44096.0 - 44099.0]
2026-07-24 17:20:32 | INFO    |        多頭 FVG : 無 | 空頭 FVG : 無
2026-07-24 17:20:32 | INFO    | ----------------------------------------------------------------------
2026-07-24 17:21:34 | INFO    | [17:20:25] 價格: 44130.0 | 大結構趨勢 (5M): NONE
2026-07-24 17:21:34 | INFO    |        即時信號 : 無特殊信號
2026-07-24 17:21:34 | INFO    |        多頭 OB  : [44081.0 - 44100.0] | 空頭 OB  : [44096.0 - 44099.0]
2026-07-24 17:21:34 | INFO    |        多頭 FVG : 無 | 空頭 FVG : 無
2026-07-24 17:21:34 | INFO    | ----------------------------------------------------------------------
2026-07-24 17:22:36 | INFO    | [17:21:28] 價格: 44120.0 | 大結構趨勢 (5M): NONE
2026-07-24 17:22:36 | INFO    |        即時信號 : 無特殊信號
2026-07-24 17:22:36 | INFO    |        多頭 OB  : [44081.0 - 44100.0] | 空頭 OB  : [44096.0 - 44099.0]
2026-07-24 17:22:36 | INFO    |        多頭 FVG : 無 | 空頭 FVG : 無
2026-07-24 17:22:36 | INFO    | ----------------------------------------------------------------------
2026-07-24 17:23:44 | INFO    | [17:22:29] 價格: 44125.0 | 大結構趨勢 (5M): NONE
2026-07-24 17:23:44 | INFO    |        即時信號 : 無特殊信號
2026-07-24 17:23:44 | INFO    |        多頭 OB  : [44081.0 - 44100.0] | 空頭 OB  : [44096.0 - 44099.0]
2026-07-24 17:23:44 | INFO    |        多頭 FVG : 無 | 空頭 FVG : 無
2026-07-24 17:23:44 | INFO    | ----------------------------------------------------------------------
2026-07-24 17:24:49 | INFO    | [17:23:37] 價格: 44130.0 | 大結構趨勢 (5M): NONE
2026-07-24 17:24:49 | INFO    |        即時信號 : 無特殊信號
2026-07-24 17:24:49 | INFO    |        多頭 OB  : [44081.0 - 44100.0] | 空頭 OB  : [44096.0 - 44099.0]
2026-07-24 17:24:49 | INFO    |        多頭 FVG : 無 | 空頭 FVG : 無
2026-07-24 17:24:49 | INFO    | ----------------------------------------------------------------------
2026-07-24 17:25:51 | INFO    | [17:24:42] 價格: 44180.0 | 大結構趨勢 (5M): NONE
2026-07-24 17:25:51 | INFO    |        即時信號 : 無特殊信號
2026-07-24 17:25:51 | INFO    |        多頭 OB  : [44081.0 - 44100.0] | 空頭 OB  : [44096.0 - 44099.0]
2026-07-24 17:25:51 | INFO    |        多頭 FVG : 無 | 空頭 FVG : 無
2026-07-24 17:25:51 | INFO    | ----------------------------------------------------------------------
2026-07-24 17:26:56 | INFO    | [17:25:45] 價格: 44172.0 | 大結構趨勢 (5M): NONE
2026-07-24 17:26:56 | INFO    |        即時信號 : 無特殊信號
2026-07-24 17:26:56 | INFO    |        多頭 OB  : [44081.0 - 44100.0] | 空頭 OB  : [44096.0 - 44099.0]
2026-07-24 17:26:56 | INFO    |        多頭 FVG : [44131.0 - 44170.0] | 空頭 FVG : 無
2026-07-24 17:26:56 | INFO    | ----------------------------------------------------------------------
2026-07-24 17:27:59 | INFO    | [17:26:49] 價格: 44153.0 | 大結構趨勢 (5M): NONE
2026-07-24 17:27:59 | INFO    |        即時信號 : 無特殊信號
2026-07-24 17:27:59 | INFO    |        多頭 OB  : [44081.0 - 44100.0] | 空頭 OB  : [44096.0 - 44099.0]
2026-07-24 17:27:59 | INFO    |        多頭 FVG : 無 | 空頭 FVG : 無
2026-07-24 17:27:59 | INFO    | ----------------------------------------------------------------------
2026-07-24 17:28:59 | INFO    | [17:27:52] 價格: 44170.0 | 大結構趨勢 (5M): NONE
2026-07-24 17:28:59 | INFO    |        即時信號 : 無特殊信號
2026-07-24 17:28:59 | INFO    |        多頭 OB  : [44081.0 - 44100.0] | 空頭 OB  : [44096.0 - 44099.0]
2026-07-24 17:28:59 | INFO    |        多頭 FVG : 無 | 空頭 FVG : 無
2026-07-24 17:28:59 | INFO    | ----------------------------------------------------------------------
2026-07-24 17:30:08 | INFO    | [17:28:52] 價格: 44159.0 | 大結構趨勢 (5M): NONE
2026-07-24 17:30:08 | INFO    |        即時信號 : 無特殊信號
2026-07-24 17:30:08 | INFO    |        多頭 OB  : [44081.0 - 44100.0] | 空頭 OB  : [44096.0 - 44099.0]
2026-07-24 17:30:08 | INFO    |        多頭 FVG : 無 | 空頭 FVG : 無
2026-07-24 17:30:08 | INFO    | ----------------------------------------------------------------------
2026-07-24 17:31:27 | INFO    | [17:30:01] 價格: 44178.0 | 大結構趨勢 (5M): NONE
2026-07-24 17:31:27 | INFO    |        即時信號 : ★ [流動性掠奪] Sweep High 形成！(賣方防守)
2026-07-24 17:31:27 | INFO    |        多頭 OB  : [44081.0 - 44100.0] | 空頭 OB  : [44096.0 - 44099.0]
2026-07-24 17:31:27 | INFO    |        多頭 FVG : 無 | 空頭 FVG : 無
2026-07-24 17:31:27 | INFO    | ----------------------------------------------------------------------
2026-07-24 17:31:27 | INFO    | [過濾] 偵測到信號但建議無效，已跳過發送 Telegram 通知。
2026-07-24 17:32:28 | INFO    | [17:31:20] 價格: 44198.0 | 大結構趨勢 (5M): NONE
2026-07-24 17:32:28 | INFO    |        即時信號 : 無特殊信號
2026-07-24 17:32:28 | INFO    |        多頭 OB  : [44081.0 - 44100.0] | 空頭 OB  : [44096.0 - 44099.0]
2026-07-24 17:32:28 | INFO    |        多頭 FVG : 無 | 空頭 FVG : 無
2026-07-24 17:32:28 | INFO    | ----------------------------------------------------------------------
2026-07-24 17:33:29 | INFO    | [17:32:21] 價格: 44201.0 | 大結構趨勢 (5M): NONE
2026-07-24 17:33:29 | INFO    |        即時信號 : 無特殊信號
2026-07-24 17:33:29 | INFO    |        多頭 OB  : [44081.0 - 44100.0] | 空頭 OB  : [44096.0 - 44099.0]
2026-07-24 17:33:29 | INFO    |        多頭 FVG : [44188.0 - 44193.0] | 空頭 FVG : 無
2026-07-24 17:33:29 | INFO    | ----------------------------------------------------------------------
2026-07-24 17:34:34 | INFO    | [17:33:22] 價格: 44200.0 | 大結構趨勢 (5M): NONE
2026-07-24 17:34:34 | INFO    |        即時信號 : 無特殊信號
2026-07-24 17:34:34 | INFO    |        多頭 OB  : [44081.0 - 44100.0] | 空頭 OB  : [44096.0 - 44099.0]
2026-07-24 17:34:34 | INFO    |        多頭 FVG : 無 | 空頭 FVG : 無
2026-07-24 17:34:34 | INFO    | ----------------------------------------------------------------------
2026-07-24 17:35:36 | INFO    | [17:34:27] 價格: 44189.0 | 大結構趨勢 (5M): NONE
2026-07-24 17:35:36 | INFO    |        即時信號 : 無特殊信號
2026-07-24 17:35:36 | INFO    |        多頭 OB  : [44081.0 - 44100.0] | 空頭 OB  : [44096.0 - 44099.0]
2026-07-24 17:35:36 | INFO    |        多頭 FVG : 無 | 空頭 FVG : 無
2026-07-24 17:35:36 | INFO    | ----------------------------------------------------------------------
2026-07-24 17:36:39 | INFO    | [17:35:29] 價格: 44190.0 | 大結構趨勢 (5M): NONE
2026-07-24 17:36:39 | INFO    |        即時信號 : 無特殊信號
2026-07-24 17:36:39 | INFO    |        多頭 OB  : [44081.0 - 44100.0] | 空頭 OB  : [44096.0 - 44099.0]
2026-07-24 17:36:39 | INFO    |        多頭 FVG : 無 | 空頭 FVG : [44190.0 - 44198.0]
2026-07-24 17:36:39 | INFO    | ----------------------------------------------------------------------
2026-07-24 17:37:42 | INFO    | [17:36:33] 價格: 44164.0 | 大結構趨勢 (5M): NONE
2026-07-24 17:37:42 | INFO    |        即時信號 : 無特殊信號
2026-07-24 17:37:42 | INFO    |        多頭 OB  : [44081.0 - 44100.0] | 空頭 OB  : [44096.0 - 44099.0]
2026-07-24 17:37:42 | INFO    |        多頭 FVG : 無 | 空頭 FVG : 無
2026-07-24 17:37:42 | INFO    | ----------------------------------------------------------------------
2026-07-24 17:39:03 | INFO    | [17:37:35] 價格: 44175.0 | 大結構趨勢 (5M): NONE
2026-07-24 17:39:03 | INFO    |        即時信號 : 無特殊信號
2026-07-24 17:39:03 | INFO    |        多頭 OB  : [44081.0 - 44100.0] | 空頭 OB  : [44096.0 - 44099.0]
2026-07-24 17:39:03 | INFO    |        多頭 FVG : 無 | 空頭 FVG : 無
2026-07-24 17:39:03 | INFO    | ----------------------------------------------------------------------
2026-07-24 17:40:03 | INFO    | [17:38:56] 價格: 44187.0 | 大結構趨勢 (5M): NONE
2026-07-24 17:40:03 | INFO    |        即時信號 : 無特殊信號
2026-07-24 17:40:03 | INFO    |        多頭 OB  : [44081.0 - 44100.0] | 空頭 OB  : [44096.0 - 44099.0]
2026-07-24 17:40:03 | INFO    |        多頭 FVG : 無 | 空頭 FVG : 無
2026-07-24 17:40:03 | INFO    | ----------------------------------------------------------------------
2026-07-24 17:41:14 | INFO    | [17:39:57] 價格: 44184.0 | 大結構趨勢 (5M): NONE
2026-07-24 17:41:14 | INFO    |        即時信號 : 無特殊信號
2026-07-24 17:41:14 | INFO    |        多頭 OB  : [44081.0 - 44100.0] | 空頭 OB  : [44096.0 - 44099.0]
2026-07-24 17:41:14 | INFO    |        多頭 FVG : [44177.0 - 44184.0] | 空頭 FVG : 無
2026-07-24 17:41:14 | INFO    | ----------------------------------------------------------------------
2026-07-24 17:42:26 | INFO    | [17:41:07] 價格: 44183.0 | 大結構趨勢 (5M): NONE
2026-07-24 17:42:26 | INFO    |        即時信號 : 無特殊信號
2026-07-24 17:42:26 | INFO    |        多頭 OB  : [44081.0 - 44100.0] | 空頭 OB  : [44096.0 - 44099.0]
2026-07-24 17:42:26 | INFO    |        多頭 FVG : 無 | 空頭 FVG : 無
2026-07-24 17:42:26 | INFO    | ----------------------------------------------------------------------
2026-07-24 17:43:31 | INFO    | [17:42:20] 價格: 44195.0 | 大結構趨勢 (5M): NONE
2026-07-24 17:43:31 | INFO    |        即時信號 : 無特殊信號
2026-07-24 17:43:31 | INFO    |        多頭 OB  : [44081.0 - 44100.0] | 空頭 OB  : [44096.0 - 44099.0]
2026-07-24 17:43:31 | INFO    |        多頭 FVG : 無 | 空頭 FVG : 無
2026-07-24 17:43:31 | INFO    | ----------------------------------------------------------------------
2026-07-24 17:44:34 | INFO    | [17:43:24] 價格: 44193.0 | 大結構趨勢 (5M): NONE
2026-07-24 17:44:34 | INFO    |        即時信號 : 無特殊信號
2026-07-24 17:44:34 | INFO    |        多頭 OB  : [44081.0 - 44100.0] | 空頭 OB  : [44096.0 - 44099.0]
2026-07-24 17:44:34 | INFO    |        多頭 FVG : 無 | 空頭 FVG : 無
2026-07-24 17:44:34 | INFO    | ----------------------------------------------------------------------
2026-07-24 17:45:53 | INFO    | [17:44:27] 價格: 44186.0 | 大結構趨勢 (5M): NONE
2026-07-24 17:45:53 | INFO    |        即時信號 : 無特殊信號
2026-07-24 17:45:53 | INFO    |        多頭 OB  : [44081.0 - 44100.0] | 空頭 OB  : [44096.0 - 44099.0]
2026-07-24 17:45:53 | INFO    |        多頭 FVG : 無 | 空頭 FVG : 無
2026-07-24 17:45:53 | INFO    | ----------------------------------------------------------------------
2026-07-24 17:47:04 | INFO    | [17:45:46] 價格: 44185.0 | 大結構趨勢 (5M): NONE
2026-07-24 17:47:04 | INFO    |        即時信號 : 無特殊信號
2026-07-24 17:47:04 | INFO    |        多頭 OB  : [44081.0 - 44100.0] | 空頭 OB  : [44096.0 - 44099.0]
2026-07-24 17:47:04 | INFO    |        多頭 FVG : 無 | 空頭 FVG : 無
2026-07-24 17:47:04 | INFO    | ----------------------------------------------------------------------
2026-07-24 17:48:24 | INFO    | [17:46:57] 價格: 44183.0 | 大結構趨勢 (5M): NONE
2026-07-24 17:48:24 | INFO    |        即時信號 : 無特殊信號
2026-07-24 17:48:24 | INFO    |        多頭 OB  : [44081.0 - 44100.0] | 空頭 OB  : [44096.0 - 44099.0]
2026-07-24 17:48:24 | INFO    |        多頭 FVG : 無 | 空頭 FVG : 無
2026-07-24 17:48:24 | INFO    | ----------------------------------------------------------------------
2026-07-24 17:50:11 | INFO    | [17:48:17] 價格: 44183.0 | 大結構趨勢 (5M): NONE
2026-07-24 17:50:11 | INFO    |        即時信號 : 無特殊信號
2026-07-24 17:50:11 | INFO    |        多頭 OB  : [44081.0 - 44100.0] | 空頭 OB  : [44096.0 - 44099.0]
2026-07-24 17:50:11 | INFO    |        多頭 FVG : 無 | 空頭 FVG : 無
2026-07-24 17:50:11 | INFO    | ----------------------------------------------------------------------
2026-07-24 17:51:22 | INFO    | [17:50:04] 價格: 44177.0 | 大結構趨勢 (5M): NONE
2026-07-24 17:51:22 | INFO    |        即時信號 : 無特殊信號
2026-07-24 17:51:22 | INFO    |        多頭 OB  : [44081.0 - 44100.0] | 空頭 OB  : [44096.0 - 44099.0]
2026-07-24 17:51:22 | INFO    |        多頭 FVG : 無 | 空頭 FVG : 無
2026-07-24 17:51:22 | INFO    | ----------------------------------------------------------------------
2026-07-24 17:52:45 | INFO    | [17:51:15] 價格: 44177.0 | 大結構趨勢 (5M): NONE
2026-07-24 17:52:45 | INFO    |        即時信號 : 無特殊信號
2026-07-24 17:52:45 | INFO    |        多頭 OB  : [44081.0 - 44100.0] | 空頭 OB  : [44096.0 - 44099.0]
2026-07-24 17:52:45 | INFO    |        多頭 FVG : 無 | 空頭 FVG : 無
2026-07-24 17:52:45 | INFO    | ----------------------------------------------------------------------
2026-07-24 17:54:18 | INFO    | [17:52:38] 價格: 44173.0 | 大結構趨勢 (5M): NONE
2026-07-24 17:54:18 | INFO    |        即時信號 : 無特殊信號
2026-07-24 17:54:18 | INFO    |        多頭 OB  : [44081.0 - 44100.0] | 空頭 OB  : [44096.0 - 44099.0]
2026-07-24 17:54:18 | INFO    |        多頭 FVG : 無 | 空頭 FVG : 無
2026-07-24 17:54:18 | INFO    | ----------------------------------------------------------------------
2026-07-24 17:55:27 | INFO    | [17:54:11] 價格: 44173.0 | 大結構趨勢 (5M): NONE
2026-07-24 17:55:27 | INFO    |        即時信號 : 無特殊信號
2026-07-24 17:55:27 | INFO    |        多頭 OB  : [44081.0 - 44100.0] | 空頭 OB  : [44096.0 - 44099.0]
2026-07-24 17:55:27 | INFO    |        多頭 FVG : 無 | 空頭 FVG : [44173.0 - 44176.0]
2026-07-24 17:55:27 | INFO    | ----------------------------------------------------------------------
2026-07-24 17:56:35 | INFO    | [17:55:20] 價格: 44190.0 | 大結構趨勢 (5M): NONE
2026-07-24 17:56:35 | INFO    |        即時信號 : 無特殊信號
2026-07-24 17:56:35 | INFO    |        多頭 OB  : [44081.0 - 44100.0] | 空頭 OB  : [44096.0 - 44099.0]
2026-07-24 17:56:35 | INFO    |        多頭 FVG : 無 | 空頭 FVG : 無
2026-07-24 17:56:35 | INFO    | ----------------------------------------------------------------------
2026-07-24 17:57:50 | INFO    | [17:56:28] 價格: 44210.0 | 大結構趨勢 (5M): NONE
2026-07-24 17:57:50 | INFO    |        即時信號 : 無特殊信號
2026-07-24 17:57:50 | INFO    |        多頭 OB  : [44081.0 - 44100.0] | 空頭 OB  : [44096.0 - 44099.0]
2026-07-24 17:57:50 | INFO    |        多頭 FVG : [44173.0 - 44189.0] | 空頭 FVG : 無
2026-07-24 17:57:50 | INFO    | ----------------------------------------------------------------------
2026-07-24 17:58:52 | INFO    | [17:57:43] 價格: 44207.0 | 大結構趨勢 (5M): NONE
2026-07-24 17:58:52 | INFO    |        即時信號 : 無特殊信號
2026-07-24 17:58:52 | INFO    |        多頭 OB  : [44081.0 - 44100.0] | 空頭 OB  : [44096.0 - 44099.0]
2026-07-24 17:58:52 | INFO    |        多頭 FVG : [44190.0 - 44203.0] | 空頭 FVG : 無
2026-07-24 17:58:52 | INFO    | ----------------------------------------------------------------------
2026-07-24 17:59:52 | INFO    | [17:58:45] 價格: 44233.0 | 大結構趨勢 (5M): NONE
2026-07-24 17:59:52 | INFO    |        即時信號 : 無特殊信號
2026-07-24 17:59:52 | INFO    |        多頭 OB  : [44081.0 - 44100.0] | 空頭 OB  : [44096.0 - 44099.0]
2026-07-24 17:59:52 | INFO    |        多頭 FVG : 無 | 空頭 FVG : 無
2026-07-24 17:59:52 | INFO    | ----------------------------------------------------------------------
2026-07-24 18:00:53 | INFO    | [17:59:45] 價格: 44221.0 | 大結構趨勢 (5M): NONE
2026-07-24 18:00:53 | INFO    |        即時信號 : 無特殊信號
2026-07-24 18:00:53 | INFO    |        多頭 OB  : [44081.0 - 44100.0] | 空頭 OB  : [44096.0 - 44099.0]
2026-07-24 18:00:53 | INFO    |        多頭 FVG : 無 | 空頭 FVG : 無
2026-07-24 18:00:53 | INFO    | ----------------------------------------------------------------------
2026-07-24 18:01:56 | INFO    | [18:00:46] 價格: 44201.0 | 大結構趨勢 (5M): NONE
2026-07-24 18:01:56 | INFO    |        即時信號 : 無特殊信號
2026-07-24 18:01:56 | INFO    |        多頭 OB  : [44081.0 - 44100.0] | 空頭 OB  : [44096.0 - 44099.0]
2026-07-24 18:01:56 | INFO    |        多頭 FVG : 無 | 空頭 FVG : 無
2026-07-24 18:01:56 | INFO    | ----------------------------------------------------------------------
2026-07-24 18:03:01 | INFO    | [18:01:49] 價格: 44196.0 | 大結構趨勢 (5M): NONE
2026-07-24 18:03:01 | INFO    |        即時信號 : 無特殊信號
2026-07-24 18:03:01 | INFO    |        多頭 OB  : [44081.0 - 44100.0] | 空頭 OB  : [44096.0 - 44099.0]
2026-07-24 18:03:01 | INFO    |        多頭 FVG : 無 | 空頭 FVG : [44205.0 - 44210.0]
2026-07-24 18:03:01 | INFO    | ----------------------------------------------------------------------
2026-07-24 18:04:13 | INFO    | [18:02:54] 價格: 44197.0 | 大結構趨勢 (5M): NONE
2026-07-24 18:04:13 | INFO    |        即時信號 : 無特殊信號
2026-07-24 18:04:13 | INFO    |        多頭 OB  : [44081.0 - 44100.0] | 空頭 OB  : [44096.0 - 44099.0]
2026-07-24 18:04:13 | INFO    |        多頭 FVG : 無 | 空頭 FVG : 無
2026-07-24 18:04:13 | INFO    | ----------------------------------------------------------------------
2026-07-24 18:05:27 | INFO    | [18:04:06] 價格: 44192.0 | 大結構趨勢 (5M): NONE
2026-07-24 18:05:27 | INFO    |        即時信號 : 無特殊信號
2026-07-24 18:05:27 | INFO    |        多頭 OB  : [44081.0 - 44100.0] | 空頭 OB  : [44096.0 - 44099.0]
2026-07-24 18:05:27 | INFO    |        多頭 FVG : 無 | 空頭 FVG : 無
2026-07-24 18:05:27 | INFO    | ----------------------------------------------------------------------
2026-07-24 18:06:29 | INFO    | [18:05:20] 價格: 44210.0 | 大結構趨勢 (5M): NONE
2026-07-24 18:06:29 | INFO    |        即時信號 : 無特殊信號
2026-07-24 18:06:29 | INFO    |        多頭 OB  : [44081.0 - 44100.0] | 空頭 OB  : [44096.0 - 44099.0]
2026-07-24 18:06:29 | INFO    |        多頭 FVG : 無 | 空頭 FVG : 無
2026-07-24 18:06:29 | INFO    | ----------------------------------------------------------------------
2026-07-24 18:07:33 | INFO    | [18:06:22] 價格: 44196.0 | 大結構趨勢 (5M): NONE
2026-07-24 18:07:33 | INFO    |        即時信號 : 無特殊信號
2026-07-24 18:07:33 | INFO    |        多頭 OB  : [44081.0 - 44100.0] | 空頭 OB  : [44096.0 - 44099.0]
2026-07-24 18:07:33 | INFO    |        多頭 FVG : 無 | 空頭 FVG : 無
2026-07-24 18:07:33 | INFO    | ----------------------------------------------------------------------
2026-07-24 18:08:50 | INFO    | [18:07:26] 價格: 44188.0 | 大結構趨勢 (5M): NONE
2026-07-24 18:08:50 | INFO    |        即時信號 : 無特殊信號
2026-07-24 18:08:50 | INFO    |        多頭 OB  : [44081.0 - 44100.0] | 空頭 OB  : [44096.0 - 44099.0]
2026-07-24 18:08:50 | INFO    |        多頭 FVG : 無 | 空頭 FVG : [44194.0 - 44200.0]
2026-07-24 18:08:50 | INFO    | ----------------------------------------------------------------------
2026-07-24 18:10:06 | INFO    | [18:08:43] 價格: 44182.0 | 大結構趨勢 (5M): NONE
2026-07-24 18:10:06 | INFO    |        即時信號 : 無特殊信號
2026-07-24 18:10:06 | INFO    |        多頭 OB  : [44081.0 - 44100.0] | 空頭 OB  : [44096.0 - 44099.0]
2026-07-24 18:10:06 | INFO    |        多頭 FVG : 無 | 空頭 FVG : [44193.0 - 44196.0]
2026-07-24 18:10:06 | INFO    | ----------------------------------------------------------------------
2026-07-24 18:11:18 | INFO    | [18:09:59] 價格: 44182.0 | 大結構趨勢 (5M): NONE
2026-07-24 18:11:18 | INFO    |        即時信號 : 無特殊信號
2026-07-24 18:11:18 | INFO    |        多頭 OB  : [44081.0 - 44100.0] | 空頭 OB  : [44096.0 - 44099.0]
2026-07-24 18:11:18 | INFO    |        多頭 FVG : 無 | 空頭 FVG : 無
2026-07-24 18:11:18 | INFO    | ----------------------------------------------------------------------
2026-07-24 18:12:24 | INFO    | [18:11:11] 價格: 44194.0 | 大結構趨勢 (5M): NONE
2026-07-24 18:12:24 | INFO    |        即時信號 : 無特殊信號
2026-07-24 18:12:24 | INFO    |        多頭 OB  : [44081.0 - 44100.0] | 空頭 OB  : [44096.0 - 44099.0]
2026-07-24 18:12:24 | INFO    |        多頭 FVG : 無 | 空頭 FVG : 無
2026-07-24 18:12:24 | INFO    | ----------------------------------------------------------------------
2026-07-24 18:14:07 | INFO    | [18:12:17] 價格: 44185.0 | 大結構趨勢 (5M): NONE
2026-07-24 18:14:07 | INFO    |        即時信號 : 無特殊信號
2026-07-24 18:14:07 | INFO    |        多頭 OB  : [44081.0 - 44100.0] | 空頭 OB  : [44096.0 - 44099.0]
2026-07-24 18:14:07 | INFO    |        多頭 FVG : 無 | 空頭 FVG : 無
2026-07-24 18:14:07 | INFO    | ----------------------------------------------------------------------
2026-07-24 18:16:00 | INFO    | [18:14:00] 價格: 44193.0 | 大結構趨勢 (5M): NONE
2026-07-24 18:16:00 | INFO    |        即時信號 : 無特殊信號
2026-07-24 18:16:00 | INFO    |        多頭 OB  : [44081.0 - 44100.0] | 空頭 OB  : [44096.0 - 44099.0]
2026-07-24 18:16:00 | INFO    |        多頭 FVG : 無 | 空頭 FVG : 無
2026-07-24 18:16:00 | INFO    | ----------------------------------------------------------------------
2026-07-24 18:17:04 | INFO    | [18:15:53] 價格: 44173.0 | 大結構趨勢 (5M): NONE
2026-07-24 18:17:04 | INFO    |        即時信號 : 無特殊信號
2026-07-24 18:17:04 | INFO    |        多頭 OB  : [44081.0 - 44100.0] | 空頭 OB  : [44096.0 - 44099.0]
2026-07-24 18:17:04 | INFO    |        多頭 FVG : 無 | 空頭 FVG : 無
2026-07-24 18:17:04 | INFO    | ----------------------------------------------------------------------
2026-07-24 18:18:04 | INFO    | [18:16:57] 價格: 44177.0 | 大結構趨勢 (5M): NONE
2026-07-24 18:18:04 | INFO    |        即時信號 : 無特殊信號
2026-07-24 18:18:04 | INFO    |        多頭 OB  : [44081.0 - 44100.0] | 空頭 OB  : [44096.0 - 44099.0]
2026-07-24 18:18:04 | INFO    |        多頭 FVG : 無 | 空頭 FVG : 無
2026-07-24 18:18:04 | INFO    | ----------------------------------------------------------------------
2026-07-24 18:19:09 | INFO    | [18:17:57] 價格: 44168.0 | 大結構趨勢 (5M): NONE
2026-07-24 18:19:09 | INFO    |        即時信號 : 無特殊信號
2026-07-24 18:19:09 | INFO    |        多頭 OB  : [44081.0 - 44100.0] | 空頭 OB  : [44096.0 - 44099.0]
2026-07-24 18:19:09 | INFO    |        多頭 FVG : 無 | 空頭 FVG : 無
2026-07-24 18:19:09 | INFO    | ----------------------------------------------------------------------
2026-07-24 18:20:17 | INFO    | [18:19:02] 價格: 44179.0 | 大結構趨勢 (5M): NONE
2026-07-24 18:20:17 | INFO    |        即時信號 : ★ [流動性掠奪] Sweep Low 形成！(買方防守)
2026-07-24 18:20:17 | INFO    |        多頭 OB  : [44081.0 - 44100.0] | 空頭 OB  : [44096.0 - 44099.0]
2026-07-24 18:20:17 | INFO    |        多頭 FVG : 無 | 空頭 FVG : 無
2026-07-24 18:20:17 | INFO    | ----------------------------------------------------------------------
2026-07-24 18:20:17 | INFO    | [過濾] 偵測到信號但建議無效，已跳過發送 Telegram 通知。
2026-07-24 18:21:28 | INFO    | [18:20:10] 價格: 44181.0 | 大結構趨勢 (5M): NONE
2026-07-24 18:21:28 | INFO    |        即時信號 : ★ [流動性掠奪] Sweep Low 形成！(買方防守)
2026-07-24 18:21:28 | INFO    |        多頭 OB  : [44081.0 - 44100.0] | 空頭 OB  : [44096.0 - 44099.0]
2026-07-24 18:21:28 | INFO    |        多頭 FVG : 無 | 空頭 FVG : 無
2026-07-24 18:21:28 | INFO    | ----------------------------------------------------------------------
2026-07-24 18:21:28 | INFO    | [過濾] 偵測到信號但建議無效，已跳過發送 Telegram 通知。
2026-07-24 18:22:52 | INFO    | [18:21:21] 價格: 44198.0 | 大結構趨勢 (5M): NONE
2026-07-24 18:22:52 | INFO    |        即時信號 : 無特殊信號
2026-07-24 18:22:52 | INFO    |        多頭 OB  : [44081.0 - 44100.0] | 空頭 OB  : [44096.0 - 44099.0]
2026-07-24 18:22:52 | INFO    |        多頭 FVG : [44179.0 - 44185.0] | 空頭 FVG : 無
2026-07-24 18:22:52 | INFO    | ----------------------------------------------------------------------
2026-07-24 18:24:02 | INFO    | [18:22:45] 價格: 44190.0 | 大結構趨勢 (5M): NONE
2026-07-24 18:24:02 | INFO    |        即時信號 : 無特殊信號
2026-07-24 18:24:02 | INFO    |        多頭 OB  : [44081.0 - 44100.0] | 空頭 OB  : [44096.0 - 44099.0]
2026-07-24 18:24:02 | INFO    |        多頭 FVG : [44181.0 - 44190.0] | 空頭 FVG : 無
2026-07-24 18:24:02 | INFO    | ----------------------------------------------------------------------
2026-07-24 18:25:20 | INFO    | [18:23:55] 價格: 44200.0 | 大結構趨勢 (5M): NONE
2026-07-24 18:25:20 | INFO    |        即時信號 : 無特殊信號
2026-07-24 18:25:20 | INFO    |        多頭 OB  : [44081.0 - 44100.0] | 空頭 OB  : [44096.0 - 44099.0]
2026-07-24 18:25:20 | INFO    |        多頭 FVG : 無 | 空頭 FVG : 無
2026-07-24 18:25:20 | INFO    | ----------------------------------------------------------------------
2026-07-24 18:26:27 | INFO    | [18:25:13] 價格: 44181.0 | 大結構趨勢 (5M): NONE
2026-07-24 18:26:27 | INFO    |        即時信號 : 無特殊信號
2026-07-24 18:26:27 | INFO    |        多頭 OB  : [44081.0 - 44100.0] | 空頭 OB  : [44096.0 - 44099.0]
2026-07-24 18:26:27 | INFO    |        多頭 FVG : 無 | 空頭 FVG : 無
2026-07-24 18:26:27 | INFO    | ----------------------------------------------------------------------
2026-07-24 18:27:31 | INFO    | [18:26:20] 價格: 44209.0 | 大結構趨勢 (5M): NONE
2026-07-24 18:27:31 | INFO    |        即時信號 : 無特殊信號
2026-07-24 18:27:31 | INFO    |        多頭 OB  : [44081.0 - 44100.0] | 空頭 OB  : [44096.0 - 44099.0]
2026-07-24 18:27:31 | INFO    |        多頭 FVG : 無 | 空頭 FVG : 無
2026-07-24 18:27:31 | INFO    | ----------------------------------------------------------------------
2026-07-24 18:28:47 | INFO    | [18:27:23] 價格: 44224.0 | 大結構趨勢 (5M): NONE
2026-07-24 18:28:47 | INFO    |        即時信號 : ★★ [結構轉換] MSS Bullish 確立！趨勢轉多
2026-07-24 18:28:47 | INFO    |        多頭 OB  : [44180.0 - 44209.0] | 空頭 OB  : [44096.0 - 44099.0]
2026-07-24 18:28:47 | INFO    |        多頭 FVG : [44209.0 - 44210.0] | 空頭 FVG : 無
2026-07-24 18:28:47 | INFO    | ----------------------------------------------------------------------
2026-07-24 18:28:47 | SIGNAL  | 訊號觸發，發送 Telegram 通知: ★★ [結構轉換] MSS Bullish 確立 (多頭訊號)！
2026-07-24 18:28:49 | INFO    | [Telegram] 訊息發送成功 | chat_id=-1004387856503
2026-07-24 18:30:02 | INFO    | [18:28:40] 價格: 44221.0 | 大結構趨勢 (5M): NONE
2026-07-24 18:30:02 | INFO    |        即時信號 : 無特殊信號
2026-07-24 18:30:02 | INFO    |        多頭 OB  : [44180.0 - 44209.0] | 空頭 OB  : [44096.0 - 44099.0]
2026-07-24 18:30:02 | INFO    |        多頭 FVG : [44209.0 - 44220.0] | 空頭 FVG : 無
2026-07-24 18:30:02 | INFO    | ----------------------------------------------------------------------
2026-07-24 18:31:12 | INFO    | [18:29:55] 價格: 44223.0 | 大結構趨勢 (5M): NONE
2026-07-24 18:31:12 | INFO    |        即時信號 : 無特殊信號
2026-07-24 18:31:12 | INFO    |        多頭 OB  : [44180.0 - 44209.0] | 空頭 OB  : [44096.0 - 44099.0]
2026-07-24 18:31:12 | INFO    |        多頭 FVG : 無 | 空頭 FVG : 無
2026-07-24 18:31:12 | INFO    | ----------------------------------------------------------------------
2026-07-24 18:32:14 | INFO    | [18:31:05] 價格: 44220.0 | 大結構趨勢 (5M): NONE
2026-07-24 18:32:14 | INFO    |        即時信號 : 無特殊信號
2026-07-24 18:32:14 | INFO    |        多頭 OB  : [44180.0 - 44209.0] | 空頭 OB  : [44096.0 - 44099.0]
2026-07-24 18:32:14 | INFO    |        多頭 FVG : 無 | 空頭 FVG : 無
2026-07-24 18:32:14 | INFO    | ----------------------------------------------------------------------
2026-07-24 18:33:24 | INFO    | [18:32:07] 價格: 44217.0 | 大結構趨勢 (5M): NONE
2026-07-24 18:33:24 | INFO    |        即時信號 : 無特殊信號
2026-07-24 18:33:24 | INFO    |        多頭 OB  : [44180.0 - 44209.0] | 空頭 OB  : [44096.0 - 44099.0]
2026-07-24 18:33:24 | INFO    |        多頭 FVG : 無 | 空頭 FVG : 無
2026-07-24 18:33:24 | INFO    | ----------------------------------------------------------------------
2026-07-24 18:34:30 | INFO    | [18:33:17] 價格: 44224.0 | 大結構趨勢 (5M): NONE
2026-07-24 18:34:30 | INFO    |        即時信號 : 無特殊信號
2026-07-24 18:34:30 | INFO    |        多頭 OB  : [44180.0 - 44209.0] | 空頭 OB  : [44096.0 - 44099.0]
2026-07-24 18:34:30 | INFO    |        多頭 FVG : 無 | 空頭 FVG : 無
2026-07-24 18:34:30 | INFO    | ----------------------------------------------------------------------
2026-07-24 18:35:32 | INFO    | [18:34:23] 價格: 44178.0 | 大結構趨勢 (5M): NONE
2026-07-24 18:35:32 | INFO    |        即時信號 : ★ [流動性掠奪] Sweep High 形成！(賣方防守)
2026-07-24 18:35:32 | INFO    |        多頭 OB  : [44180.0 - 44209.0] | 空頭 OB  : [44176.0 - 44222.0]
2026-07-24 18:35:32 | INFO    |        多頭 FVG : 無 | 空頭 FVG : 無
2026-07-24 18:35:32 | INFO    | ----------------------------------------------------------------------
2026-07-24 18:35:32 | SIGNAL  | 訊號觸發，發送 Telegram 通知: ★ [流動性掠奪] Sweep High 形成 (空頭訊號)！
2026-07-24 18:35:33 | INFO    | [Telegram] 訊息發送成功 | chat_id=-1004387856503
2026-07-24 18:36:33 | INFO    | [18:35:24] 價格: 44178.0 | 大結構趨勢 (5M): NONE
2026-07-24 18:36:33 | INFO    |        即時信號 : 無特殊信號
2026-07-24 18:36:33 | INFO    |        多頭 OB  : [44180.0 - 44209.0] | 空頭 OB  : [44176.0 - 44222.0]
2026-07-24 18:36:33 | INFO    |        多頭 FVG : 無 | 空頭 FVG : [44179.0 - 44223.0]
2026-07-24 18:36:33 | INFO    | ----------------------------------------------------------------------
2026-07-24 18:37:36 | INFO    | [18:36:26] 價格: 44184.0 | 大結構趨勢 (5M): NONE
2026-07-24 18:37:36 | INFO    |        即時信號 : ★ [流動性掠奪] Sweep Low 形成！(買方防守)
2026-07-24 18:37:36 | INFO    |        多頭 OB  : [44180.0 - 44209.0] | 空頭 OB  : [44176.0 - 44222.0]
2026-07-24 18:37:36 | INFO    |        多頭 FVG : 無 | 空頭 FVG : 無
2026-07-24 18:37:36 | INFO    | ----------------------------------------------------------------------
2026-07-24 18:37:36 | SIGNAL  | 訊號觸發，發送 Telegram 通知: ★ [流動性掠奪] Sweep Low 形成 (多頭訊號)！
2026-07-24 18:37:38 | INFO    | [Telegram] 訊息發送成功 | chat_id=-1004387856503
2026-07-24 18:38:44 | INFO    | [18:37:29] 價格: 44176.0 | 大結構趨勢 (5M): NONE
2026-07-24 18:38:44 | INFO    |        即時信號 : 無特殊信號
2026-07-24 18:38:44 | INFO    |        多頭 OB  : [44180.0 - 44209.0] | 空頭 OB  : [44176.0 - 44222.0]
2026-07-24 18:38:44 | INFO    |        多頭 FVG : 無 | 空頭 FVG : 無
2026-07-24 18:38:44 | INFO    | ----------------------------------------------------------------------
2026-07-24 18:39:44 | INFO    | [18:38:36] 價格: 44183.0 | 大結構趨勢 (5M): NONE
2026-07-24 18:39:44 | INFO    |        即時信號 : 無特殊信號
2026-07-24 18:39:44 | INFO    |        多頭 OB  : [44180.0 - 44209.0] | 空頭 OB  : [44176.0 - 44222.0]
2026-07-24 18:39:44 | INFO    |        多頭 FVG : 無 | 空頭 FVG : 無
2026-07-24 18:39:44 | INFO    | ----------------------------------------------------------------------
2026-07-24 18:40:58 | INFO    | [18:39:37] 價格: 44175.0 | 大結構趨勢 (5M): NONE
2026-07-24 18:40:58 | INFO    |        即時信號 : ★ [流動性掠奪] Sweep Low 形成！(買方防守)
2026-07-24 18:40:58 | INFO    |        多頭 OB  : [44180.0 - 44209.0] | 空頭 OB  : [44176.0 - 44222.0]
2026-07-24 18:40:58 | INFO    |        多頭 FVG : 無 | 空頭 FVG : 無
2026-07-24 18:40:58 | INFO    | ----------------------------------------------------------------------
2026-07-24 18:40:58 | INFO    | [過濾] 偵測到信號但建議無效，已跳過發送 Telegram 通知。
2026-07-24 18:42:08 | INFO    | [18:40:51] 價格: 44188.0 | 大結構趨勢 (5M): NONE
2026-07-24 18:42:08 | INFO    |        即時信號 : ★ [流動性掠奪] Sweep Low 形成！(買方防守)
2026-07-24 18:42:08 | INFO    |        多頭 OB  : [44180.0 - 44209.0] | 空頭 OB  : [44176.0 - 44222.0]
2026-07-24 18:42:08 | INFO    |        多頭 FVG : 無 | 空頭 FVG : 無
2026-07-24 18:42:08 | INFO    | ----------------------------------------------------------------------
2026-07-24 18:42:08 | SIGNAL  | 訊號觸發，發送 Telegram 通知: ★ [流動性掠奪] Sweep Low 形成 (多頭訊號)！
2026-07-24 18:42:09 | INFO    | [Telegram] 訊息發送成功 | chat_id=-1004387856503
2026-07-24 18:43:15 | INFO    | [18:42:01] 價格: 44178.0 | 大結構趨勢 (5M): NONE
2026-07-24 18:43:15 | INFO    |        即時信號 : 無特殊信號
2026-07-24 18:43:15 | INFO    |        多頭 OB  : [44180.0 - 44209.0] | 空頭 OB  : [44176.0 - 44222.0]
2026-07-24 18:43:15 | INFO    |        多頭 FVG : 無 | 空頭 FVG : 無
2026-07-24 18:43:15 | INFO    | ----------------------------------------------------------------------
2026-07-24 18:44:16 | INFO    | [18:43:08] 價格: 44173.0 | 大結構趨勢 (5M): NONE
2026-07-24 18:44:16 | INFO    |        即時信號 : 無特殊信號
2026-07-24 18:44:16 | INFO    |        多頭 OB  : [44180.0 - 44209.0] | 空頭 OB  : [44176.0 - 44222.0]
2026-07-24 18:44:16 | INFO    |        多頭 FVG : 無 | 空頭 FVG : 無
2026-07-24 18:44:16 | INFO    | ----------------------------------------------------------------------
2026-07-24 18:45:27 | INFO    | [18:44:09] 價格: 44177.0 | 大結構趨勢 (5M): NONE
2026-07-24 18:45:27 | INFO    |        即時信號 : 無特殊信號
2026-07-24 18:45:27 | INFO    |        多頭 OB  : [44180.0 - 44209.0] | 空頭 OB  : [44176.0 - 44222.0]
2026-07-24 18:45:27 | INFO    |        多頭 FVG : 無 | 空頭 FVG : 無
2026-07-24 18:45:27 | INFO    | ----------------------------------------------------------------------
2026-07-24 18:46:46 | INFO    | [18:45:20] 價格: 44178.0 | 大結構趨勢 (5M): NONE
2026-07-24 18:46:46 | INFO    |        即時信號 : 無特殊信號
2026-07-24 18:46:46 | INFO    |        多頭 OB  : [44180.0 - 44209.0] | 空頭 OB  : [44176.0 - 44222.0]
2026-07-24 18:46:46 | INFO    |        多頭 FVG : 無 | 空頭 FVG : 無
2026-07-24 18:46:46 | INFO    | ----------------------------------------------------------------------
2026-07-24 18:47:59 | INFO    | [18:46:38] 價格: 44196.0 | 大結構趨勢 (5M): NONE
2026-07-24 18:47:59 | INFO    |        即時信號 : 無特殊信號
2026-07-24 18:47:59 | INFO    |        多頭 OB  : [44180.0 - 44209.0] | 空頭 OB  : [44176.0 - 44222.0]
2026-07-24 18:47:59 | INFO    |        多頭 FVG : [44178.0 - 44181.0] | 空頭 FVG : 無
2026-07-24 18:47:59 | INFO    | ----------------------------------------------------------------------
2026-07-24 18:49:01 | INFO    | [18:47:52] 價格: 44200.0 | 大結構趨勢 (5M): NONE
2026-07-24 18:49:01 | INFO    |        即時信號 : 無特殊信號
2026-07-24 18:49:01 | INFO    |        多頭 OB  : [44180.0 - 44209.0] | 空頭 OB  : [44176.0 - 44222.0]
2026-07-24 18:49:01 | INFO    |        多頭 FVG : [44188.0 - 44190.0] | 空頭 FVG : 無
2026-07-24 18:49:01 | INFO    | ----------------------------------------------------------------------
2026-07-24 18:50:37 | INFO    | [18:48:54] 價格: 44182.0 | 大結構趨勢 (5M): NONE
2026-07-24 18:50:37 | INFO    |        即時信號 : 無特殊信號
2026-07-24 18:50:37 | INFO    |        多頭 OB  : [44180.0 - 44209.0] | 空頭 OB  : [44176.0 - 44222.0]
2026-07-24 18:50:37 | INFO    |        多頭 FVG : 無 | 空頭 FVG : 無
2026-07-24 18:50:37 | INFO    | ----------------------------------------------------------------------
2026-07-24 18:51:39 | INFO    | [18:50:30] 價格: 44161.0 | 大結構趨勢 (5M): NONE
2026-07-24 18:51:39 | INFO    |        即時信號 : 無特殊信號
2026-07-24 18:51:39 | INFO    |        多頭 OB  : [44180.0 - 44209.0] | 空頭 OB  : [44176.0 - 44222.0]
2026-07-24 18:51:39 | INFO    |        多頭 FVG : 無 | 空頭 FVG : [44184.0 - 44190.0]
2026-07-24 18:51:39 | INFO    | ----------------------------------------------------------------------
2026-07-24 18:52:50 | INFO    | [18:51:32] 價格: 44148.0 | 大結構趨勢 (5M): NONE
2026-07-24 18:52:50 | INFO    |        即時信號 : 無特殊信號
2026-07-24 18:52:50 | INFO    |        多頭 OB  : [44180.0 - 44209.0] | 空頭 OB  : [44176.0 - 44222.0]
2026-07-24 18:52:50 | INFO    |        多頭 FVG : 無 | 空頭 FVG : [44161.0 - 44182.0]
2026-07-24 18:52:50 | INFO    | ----------------------------------------------------------------------
2026-07-24 18:53:52 | INFO    | [18:52:43] 價格: 44157.0 | 大結構趨勢 (5M): NONE
2026-07-24 18:53:52 | INFO    |        即時信號 : 無特殊信號
2026-07-24 18:53:52 | INFO    |        多頭 OB  : [44180.0 - 44209.0] | 空頭 OB  : [44176.0 - 44222.0]
2026-07-24 18:53:52 | INFO    |        多頭 FVG : 無 | 空頭 FVG : [44160.0 - 44161.0]
2026-07-24 18:53:52 | INFO    | ----------------------------------------------------------------------
2026-07-24 18:55:03 | INFO    | [18:53:44] 價格: 44160.0 | 大結構趨勢 (5M): NONE
2026-07-24 18:55:03 | INFO    |        即時信號 : 無特殊信號
2026-07-24 18:55:03 | INFO    |        多頭 OB  : [44180.0 - 44209.0] | 空頭 OB  : [44176.0 - 44222.0]
2026-07-24 18:55:03 | INFO    |        多頭 FVG : 無 | 空頭 FVG : 無
2026-07-24 18:55:03 | INFO    | ----------------------------------------------------------------------
2026-07-24 18:56:17 | INFO    | [18:54:55] 價格: 44163.0 | 大結構趨勢 (5M): NONE
2026-07-24 18:56:17 | INFO    |        即時信號 : 無特殊信號
2026-07-24 18:56:17 | INFO    |        多頭 OB  : [44180.0 - 44209.0] | 空頭 OB  : [44176.0 - 44222.0]
2026-07-24 18:56:17 | INFO    |        多頭 FVG : 無 | 空頭 FVG : 無
2026-07-24 18:56:17 | INFO    | ----------------------------------------------------------------------
2026-07-24 18:57:29 | INFO    | [18:56:10] 價格: 44168.0 | 大結構趨勢 (5M): NONE
2026-07-24 18:57:29 | INFO    |        即時信號 : 無特殊信號
2026-07-24 18:57:29 | INFO    |        多頭 OB  : [44180.0 - 44209.0] | 空頭 OB  : [44176.0 - 44222.0]
2026-07-24 18:57:29 | INFO    |        多頭 FVG : 無 | 空頭 FVG : 無
2026-07-24 18:57:29 | INFO    | ----------------------------------------------------------------------
2026-07-24 18:58:31 | INFO    | [18:57:22] 價格: 44174.0 | 大結構趨勢 (5M): NONE
2026-07-24 18:58:31 | INFO    |        即時信號 : 無特殊信號
2026-07-24 18:58:31 | INFO    |        多頭 OB  : [44180.0 - 44209.0] | 空頭 OB  : [44176.0 - 44222.0]
2026-07-24 18:58:31 | INFO    |        多頭 FVG : 無 | 空頭 FVG : 無
2026-07-24 18:58:31 | INFO    | ----------------------------------------------------------------------
2026-07-24 18:59:40 | INFO    | [18:58:24] 價格: 44174.0 | 大結構趨勢 (5M): NONE
2026-07-24 18:59:40 | INFO    |        即時信號 : 無特殊信號
2026-07-24 18:59:40 | INFO    |        多頭 OB  : [44180.0 - 44209.0] | 空頭 OB  : [44176.0 - 44222.0]
2026-07-24 18:59:40 | INFO    |        多頭 FVG : [44170.0 - 44174.0] | 空頭 FVG : 無
2026-07-24 18:59:40 | INFO    | ----------------------------------------------------------------------
2026-07-24 19:00:55 | INFO    | [18:59:32] 價格: 44158.0 | 大結構趨勢 (5M): NONE
2026-07-24 19:00:55 | INFO    |        即時信號 : 無特殊信號
2026-07-24 19:00:55 | INFO    |        多頭 OB  : [44180.0 - 44209.0] | 空頭 OB  : [44176.0 - 44222.0]
2026-07-24 19:00:55 | INFO    |        多頭 FVG : 無 | 空頭 FVG : 無
2026-07-24 19:00:55 | INFO    | ----------------------------------------------------------------------
2026-07-24 19:01:56 | INFO    | [19:00:48] 價格: 44204.0 | 大結構趨勢 (5M): NONE
2026-07-24 19:01:56 | INFO    |        即時信號 : 無特殊信號
2026-07-24 19:01:56 | INFO    |        多頭 OB  : [44180.0 - 44209.0] | 空頭 OB  : [44176.0 - 44222.0]
2026-07-24 19:01:56 | INFO    |        多頭 FVG : 無 | 空頭 FVG : 無
2026-07-24 19:01:56 | INFO    | ----------------------------------------------------------------------
2026-07-24 19:03:03 | INFO    | [19:01:49] 價格: 44199.0 | 大結構趨勢 (5M): NONE
2026-07-24 19:03:03 | INFO    |        即時信號 : ★ [流動性掠奪] Sweep High 形成！(賣方防守)
2026-07-24 19:03:03 | INFO    |        多頭 OB  : [44180.0 - 44209.0] | 空頭 OB  : [44176.0 - 44222.0]
2026-07-24 19:03:03 | INFO    |        多頭 FVG : [44194.0 - 44196.0] | 空頭 FVG : 無
2026-07-24 19:03:03 | INFO    | ----------------------------------------------------------------------
2026-07-24 19:03:03 | SIGNAL  | 訊號觸發，發送 Telegram 通知: ★ [流動性掠奪] Sweep High 形成 (空頭訊號)！
2026-07-24 19:03:04 | INFO    | [Telegram] 訊息發送成功 | chat_id=-1004387856503
2026-07-24 19:04:07 | INFO    | [19:02:55] 價格: 44200.0 | 大結構趨勢 (5M): NONE
2026-07-24 19:04:07 | INFO    |        即時信號 : ★ [流動性掠奪] Sweep High 形成！(賣方防守)
2026-07-24 19:04:07 | INFO    |        多頭 OB  : [44180.0 - 44209.0] | 空頭 OB  : [44176.0 - 44222.0]
2026-07-24 19:04:07 | INFO    |        多頭 FVG : 無 | 空頭 FVG : 無
2026-07-24 19:04:07 | INFO    | ----------------------------------------------------------------------
2026-07-24 19:04:07 | SIGNAL  | 訊號觸發，發送 Telegram 通知: ★ [流動性掠奪] Sweep High 形成 (空頭訊號)！
2026-07-24 19:04:09 | INFO    | [Telegram] 訊息發送成功 | chat_id=-1004387856503
2026-07-24 19:05:15 | INFO    | [19:04:00] 價格: 44195.0 | 大結構趨勢 (5M): NONE
2026-07-24 19:05:15 | INFO    |        即時信號 : ★ [流動性掠奪] Sweep High 形成！(賣方防守)
2026-07-24 19:05:15 | INFO    |        多頭 OB  : [44180.0 - 44209.0] | 空頭 OB  : [44176.0 - 44222.0]
2026-07-24 19:05:15 | INFO    |        多頭 FVG : 無 | 空頭 FVG : 無
2026-07-24 19:05:15 | INFO    | ----------------------------------------------------------------------
2026-07-24 19:05:15 | SIGNAL  | 訊號觸發，發送 Telegram 通知: ★ [流動性掠奪] Sweep High 形成 (空頭訊號)！
2026-07-24 19:05:17 | INFO    | [Telegram] 訊息發送成功 | chat_id=-1004387856503
2026-07-24 19:06:22 | INFO    | [19:05:08] 價格: 44196.0 | 大結構趨勢 (5M): NONE
2026-07-24 19:06:22 | INFO    |        即時信號 : ★ [流動性掠奪] Sweep High 形成！(賣方防守)
2026-07-24 19:06:22 | INFO    |        多頭 OB  : [44180.0 - 44209.0] | 空頭 OB  : [44176.0 - 44222.0]
2026-07-24 19:06:22 | INFO    |        多頭 FVG : 無 | 空頭 FVG : 無
2026-07-24 19:06:22 | INFO    | ----------------------------------------------------------------------
2026-07-24 19:06:22 | SIGNAL  | 訊號觸發，發送 Telegram 通知: ★ [流動性掠奪] Sweep High 形成 (空頭訊號)！
2026-07-24 19:06:23 | INFO    | [Telegram] 訊息發送成功 | chat_id=-1004387856503
2026-07-24 19:07:31 | INFO    | [19:06:15] 價格: 44198.0 | 大結構趨勢 (5M): NONE
2026-07-24 19:07:31 | INFO    |        即時信號 : 無特殊信號
2026-07-24 19:07:31 | INFO    |        多頭 OB  : [44180.0 - 44209.0] | 空頭 OB  : [44176.0 - 44222.0]
2026-07-24 19:07:31 | INFO    |        多頭 FVG : 無 | 空頭 FVG : 無
2026-07-24 19:07:31 | INFO    | ----------------------------------------------------------------------
2026-07-24 19:09:08 | INFO    | [19:07:24] 價格: 44196.0 | 大結構趨勢 (5M): NONE
2026-07-24 19:09:08 | INFO    |        即時信號 : 無特殊信號
2026-07-24 19:09:08 | INFO    |        多頭 OB  : [44180.0 - 44209.0] | 空頭 OB  : [44176.0 - 44222.0]
2026-07-24 19:09:08 | INFO    |        多頭 FVG : 無 | 空頭 FVG : 無
2026-07-24 19:09:08 | INFO    | ----------------------------------------------------------------------
2026-07-24 19:10:19 | INFO    | [19:09:01] 價格: 44170.0 | 大結構趨勢 (5M): NONE
2026-07-24 19:10:19 | INFO    |        即時信號 : 無特殊信號
2026-07-24 19:10:19 | INFO    |        多頭 OB  : [44180.0 - 44209.0] | 空頭 OB  : [44176.0 - 44222.0]
2026-07-24 19:10:19 | INFO    |        多頭 FVG : 無 | 空頭 FVG : [44180.0 - 44188.0]
2026-07-24 19:10:19 | INFO    | ----------------------------------------------------------------------
2026-07-24 19:11:35 | INFO    | [19:10:11] 價格: 44179.0 | 大結構趨勢 (5M): NONE
2026-07-24 19:11:35 | INFO    |        即時信號 : 無特殊信號
2026-07-24 19:11:35 | INFO    |        多頭 OB  : [44180.0 - 44209.0] | 空頭 OB  : [44176.0 - 44222.0]
2026-07-24 19:11:35 | INFO    |        多頭 FVG : 無 | 空頭 FVG : [44181.0 - 44185.0]
2026-07-24 19:11:35 | INFO    | ----------------------------------------------------------------------
2026-07-24 19:12:42 | INFO    | [19:11:28] 價格: 44190.0 | 大結構趨勢 (5M): NONE
2026-07-24 19:12:42 | INFO    |        即時信號 : 無特殊信號
2026-07-24 19:12:42 | INFO    |        多頭 OB  : [44180.0 - 44209.0] | 空頭 OB  : [44176.0 - 44222.0]
2026-07-24 19:12:42 | INFO    |        多頭 FVG : [44180.0 - 44185.0] | 空頭 FVG : 無
2026-07-24 19:12:42 | INFO    | ----------------------------------------------------------------------
2026-07-24 19:14:09 | INFO    | [19:12:35] 價格: 44195.0 | 大結構趨勢 (5M): NONE
2026-07-24 19:14:09 | INFO    |        即時信號 : 無特殊信號
2026-07-24 19:14:09 | INFO    |        多頭 OB  : [44180.0 - 44209.0] | 空頭 OB  : [44176.0 - 44222.0]
2026-07-24 19:14:09 | INFO    |        多頭 FVG : [44181.0 - 44191.0] | 空頭 FVG : 無
2026-07-24 19:14:09 | INFO    | ----------------------------------------------------------------------
2026-07-24 19:15:10 | INFO    | [19:14:02] 價格: 44200.0 | 大結構趨勢 (5M): NONE
2026-07-24 19:15:10 | INFO    |        即時信號 : 無特殊信號
2026-07-24 19:15:10 | INFO    |        多頭 OB  : [44180.0 - 44209.0] | 空頭 OB  : [44176.0 - 44222.0]
2026-07-24 19:15:10 | INFO    |        多頭 FVG : [44190.0 - 44195.0] | 空頭 FVG : 無
2026-07-24 19:15:10 | INFO    | ----------------------------------------------------------------------
2026-07-24 19:16:28 | INFO    | [19:15:02] 價格: 44190.0 | 大結構趨勢 (5M): NONE
2026-07-24 19:16:28 | INFO    |        即時信號 : 無特殊信號
2026-07-24 19:16:28 | INFO    |        多頭 OB  : [44180.0 - 44209.0] | 空頭 OB  : [44176.0 - 44222.0]
2026-07-24 19:16:28 | INFO    |        多頭 FVG : 無 | 空頭 FVG : 無
2026-07-24 19:16:28 | INFO    | ----------------------------------------------------------------------
2026-07-24 19:17:29 | INFO    | [19:16:20] 價格: 44197.0 | 大結構趨勢 (5M): NONE
2026-07-24 19:17:29 | INFO    |        即時信號 : 無特殊信號
2026-07-24 19:17:29 | INFO    |        多頭 OB  : [44180.0 - 44209.0] | 空頭 OB  : [44176.0 - 44222.0]
2026-07-24 19:17:29 | INFO    |        多頭 FVG : 無 | 空頭 FVG : 無
2026-07-24 19:17:29 | INFO    | ----------------------------------------------------------------------
2026-07-24 19:18:41 | INFO    | [19:17:22] 價格: 44201.0 | 大結構趨勢 (5M): NONE
2026-07-24 19:18:41 | INFO    |        即時信號 : 無特殊信號
2026-07-24 19:18:41 | INFO    |        多頭 OB  : [44180.0 - 44209.0] | 空頭 OB  : [44176.0 - 44222.0]
2026-07-24 19:18:41 | INFO    |        多頭 FVG : 無 | 空頭 FVG : 無
2026-07-24 19:18:41 | INFO    | ----------------------------------------------------------------------
2026-07-24 19:19:49 | INFO    | [19:18:34] 價格: 44200.0 | 大結構趨勢 (5M): NONE
2026-07-24 19:19:49 | INFO    |        即時信號 : 無特殊信號
2026-07-24 19:19:49 | INFO    |        多頭 OB  : [44180.0 - 44209.0] | 空頭 OB  : [44176.0 - 44222.0]
2026-07-24 19:19:49 | INFO    |        多頭 FVG : 無 | 空頭 FVG : 無
2026-07-24 19:19:49 | INFO    | ----------------------------------------------------------------------
2026-07-24 19:21:15 | INFO    | [19:19:42] 價格: 44195.0 | 大結構趨勢 (5M): NONE
2026-07-24 19:21:15 | INFO    |        即時信號 : 無特殊信號
2026-07-24 19:21:15 | INFO    |        多頭 OB  : [44180.0 - 44209.0] | 空頭 OB  : [44176.0 - 44222.0]
2026-07-24 19:21:15 | INFO    |        多頭 FVG : 無 | 空頭 FVG : 無
2026-07-24 19:21:15 | INFO    | ----------------------------------------------------------------------
2026-07-24 19:22:26 | INFO    | [19:21:08] 價格: 44177.0 | 大結構趨勢 (5M): NONE
2026-07-24 19:22:26 | INFO    |        即時信號 : ★★ [結構轉換] MSS Bearish 確立！趨勢轉空
2026-07-24 19:22:26 | INFO    |        多頭 OB  : [44180.0 - 44209.0] | 空頭 OB  : [44187.0 - 44197.0]
2026-07-24 19:22:26 | INFO    |        多頭 FVG : 無 | 空頭 FVG : [44194.0 - 44197.0]
2026-07-24 19:22:26 | INFO    | ----------------------------------------------------------------------
2026-07-24 19:22:26 | INFO    | [過濾] 偵測到信號但建議無效，已跳過發送 Telegram 通知。
2026-07-24 19:24:00 | INFO    | [19:22:19] 價格: 44178.0 | 大結構趨勢 (5M): NONE
2026-07-24 19:24:00 | INFO    |        即時信號 : 無特殊信號
2026-07-24 19:24:00 | INFO    |        多頭 OB  : [44180.0 - 44209.0] | 空頭 OB  : [44187.0 - 44197.0]
2026-07-24 19:24:00 | INFO    |        多頭 FVG : 無 | 空頭 FVG : [44188.0 - 44190.0]
2026-07-24 19:24:00 | INFO    | ----------------------------------------------------------------------
2026-07-24 19:25:13 | INFO    | [19:23:53] 價格: 44196.0 | 大結構趨勢 (5M): NONE
2026-07-24 19:25:13 | INFO    |        即時信號 : 無特殊信號
2026-07-24 19:25:13 | INFO    |        多頭 OB  : [44180.0 - 44209.0] | 空頭 OB  : [44187.0 - 44197.0]
2026-07-24 19:25:13 | INFO    |        多頭 FVG : 無 | 空頭 FVG : 無
2026-07-24 19:25:13 | INFO    | ----------------------------------------------------------------------
2026-07-24 19:26:36 | INFO    | [19:25:06] 價格: 44189.0 | 大結構趨勢 (5M): NONE
2026-07-24 19:26:36 | INFO    |        即時信號 : 無特殊信號
2026-07-24 19:26:36 | INFO    |        多頭 OB  : [44180.0 - 44209.0] | 空頭 OB  : [44187.0 - 44197.0]
2026-07-24 19:26:36 | INFO    |        多頭 FVG : 無 | 空頭 FVG : 無
2026-07-24 19:26:36 | INFO    | ----------------------------------------------------------------------
2026-07-24 19:27:38 | INFO    | [19:26:29] 價格: 44167.0 | 大結構趨勢 (5M): NONE
2026-07-24 19:27:38 | INFO    |        即時信號 : 無特殊信號
2026-07-24 19:27:38 | INFO    |        多頭 OB  : [44180.0 - 44209.0] | 空頭 OB  : [44187.0 - 44197.0]
2026-07-24 19:27:38 | INFO    |        多頭 FVG : 無 | 空頭 FVG : [44182.0 - 44188.0]
2026-07-24 19:27:38 | INFO    | ----------------------------------------------------------------------
2026-07-24 19:28:39 | INFO    | [19:27:30] 價格: 44163.0 | 大結構趨勢 (5M): NONE
2026-07-24 19:28:39 | INFO    |        即時信號 : 無特殊信號
2026-07-24 19:28:39 | INFO    |        多頭 OB  : [44180.0 - 44209.0] | 空頭 OB  : [44187.0 - 44197.0]
2026-07-24 19:28:39 | INFO    |        多頭 FVG : 無 | 空頭 FVG : [44171.0 - 44186.0]
2026-07-24 19:28:39 | INFO    | ----------------------------------------------------------------------
2026-07-24 19:29:39 | INFO    | [19:28:32] 價格: 44162.0 | 大結構趨勢 (5M): NONE
2026-07-24 19:29:39 | INFO    |        即時信號 : 無特殊信號
2026-07-24 19:29:39 | INFO    |        多頭 OB  : [44180.0 - 44209.0] | 空頭 OB  : [44187.0 - 44197.0]
2026-07-24 19:29:39 | INFO    |        多頭 FVG : 無 | 空頭 FVG : 無
2026-07-24 19:29:39 | INFO    | ----------------------------------------------------------------------
2026-07-24 19:30:41 | INFO    | [19:29:32] 價格: 44163.0 | 大結構趨勢 (5M): NONE
2026-07-24 19:30:41 | INFO    |        即時信號 : 無特殊信號
2026-07-24 19:30:41 | INFO    |        多頭 OB  : [44180.0 - 44209.0] | 空頭 OB  : [44187.0 - 44197.0]
2026-07-24 19:30:41 | INFO    |        多頭 FVG : 無 | 空頭 FVG : 無
2026-07-24 19:30:41 | INFO    | ----------------------------------------------------------------------
2026-07-24 19:31:45 | INFO    | [19:30:33] 價格: 44169.0 | 大結構趨勢 (5M): NONE
2026-07-24 19:31:45 | INFO    |        即時信號 : 無特殊信號
2026-07-24 19:31:45 | INFO    |        多頭 OB  : [44180.0 - 44209.0] | 空頭 OB  : [44187.0 - 44197.0]
2026-07-24 19:31:45 | INFO    |        多頭 FVG : 無 | 空頭 FVG : 無
2026-07-24 19:31:45 | INFO    | ----------------------------------------------------------------------
2026-07-24 19:32:50 | INFO    | [19:31:38] 價格: 44140.0 | 大結構趨勢 (5M): NONE
2026-07-24 19:32:50 | INFO    |        即時信號 : 無特殊信號
2026-07-24 19:32:50 | INFO    |        多頭 OB  : [44180.0 - 44209.0] | 空頭 OB  : [44187.0 - 44197.0]
2026-07-24 19:32:50 | INFO    |        多頭 FVG : 無 | 空頭 FVG : [44159.0 - 44163.0]
2026-07-24 19:32:50 | INFO    | ----------------------------------------------------------------------
2026-07-24 19:34:09 | INFO    | [19:32:43] 價格: 44140.0 | 大結構趨勢 (5M): NONE
2026-07-24 19:34:09 | INFO    |        即時信號 : 無特殊信號
2026-07-24 19:34:09 | INFO    |        多頭 OB  : [44180.0 - 44209.0] | 空頭 OB  : [44187.0 - 44197.0]
2026-07-24 19:34:09 | INFO    |        多頭 FVG : 無 | 空頭 FVG : [44145.0 - 44153.0]
2026-07-24 19:34:09 | INFO    | ----------------------------------------------------------------------
2026-07-24 19:35:10 | INFO    | [19:34:01] 價格: 44148.0 | 大結構趨勢 (5M): NONE
2026-07-24 19:35:10 | INFO    |        即時信號 : 無特殊信號
2026-07-24 19:35:10 | INFO    |        多頭 OB  : [44180.0 - 44209.0] | 空頭 OB  : [44187.0 - 44197.0]
2026-07-24 19:35:10 | INFO    |        多頭 FVG : 無 | 空頭 FVG : 無
2026-07-24 19:35:10 | INFO    | ----------------------------------------------------------------------
2026-07-24 19:36:12 | INFO    | [19:35:03] 價格: 44147.0 | 大結構趨勢 (5M): NONE
2026-07-24 19:36:12 | INFO    |        即時信號 : 無特殊信號
2026-07-24 19:36:12 | INFO    |        多頭 OB  : [44180.0 - 44209.0] | 空頭 OB  : [44187.0 - 44197.0]
2026-07-24 19:36:12 | INFO    |        多頭 FVG : 無 | 空頭 FVG : 無
2026-07-24 19:36:12 | INFO    | ----------------------------------------------------------------------
2026-07-24 19:37:19 | INFO    | [19:36:05] 價格: 44182.0 | 大結構趨勢 (5M): NONE
2026-07-24 19:37:19 | INFO    |        即時信號 : ★★ [結構轉換] MSS Bullish 確立！趨勢轉多
2026-07-24 19:37:19 | INFO    |        多頭 OB  : [44135.0 - 44145.0] | 空頭 OB  : [44187.0 - 44197.0]
2026-07-24 19:37:19 | INFO    |        多頭 FVG : 無 | 空頭 FVG : 無
2026-07-24 19:37:19 | INFO    | ----------------------------------------------------------------------
2026-07-24 19:37:19 | SIGNAL  | 訊號觸發，發送 Telegram 通知: ★★ [結構轉換] MSS Bullish 確立 (多頭訊號)！
2026-07-24 19:37:21 | INFO    | [Telegram] 訊息發送成功 | chat_id=-1004387856503
2026-07-24 19:38:29 | INFO    | [19:37:12] 價格: 44154.0 | 大結構趨勢 (5M): NONE
2026-07-24 19:38:29 | INFO    |        即時信號 : ★ [流動性掠奪] Sweep High 形成！(賣方防守)
2026-07-24 19:38:29 | INFO    |        多頭 OB  : [44135.0 - 44145.0] | 空頭 OB  : [44187.0 - 44197.0]
2026-07-24 19:38:29 | INFO    |        多頭 FVG : [44148.0 - 44150.0] | 空頭 FVG : 無
2026-07-24 19:38:29 | INFO    | ----------------------------------------------------------------------
2026-07-24 19:38:29 | SIGNAL  | 訊號觸發，發送 Telegram 通知: ★ [流動性掠奪] Sweep High 形成 (空頭訊號)！
2026-07-24 19:38:31 | INFO    | [Telegram] 訊息發送成功 | chat_id=-1004387856503
2026-07-24 19:40:01 | INFO    | [19:38:22] 價格: 44159.0 | 大結構趨勢 (5M): NONE
2026-07-24 19:40:01 | INFO    |        即時信號 : 無特殊信號
2026-07-24 19:40:01 | INFO    |        多頭 OB  : [44135.0 - 44145.0] | 空頭 OB  : [44187.0 - 44197.0]
2026-07-24 19:40:01 | INFO    |        多頭 FVG : 無 | 空頭 FVG : 無
2026-07-24 19:40:01 | INFO    | ----------------------------------------------------------------------
2026-07-24 19:41:03 | INFO    | [19:39:54] 價格: 44152.0 | 大結構趨勢 (5M): NONE
2026-07-24 19:41:03 | INFO    |        即時信號 : 無特殊信號
2026-07-24 19:41:03 | INFO    |        多頭 OB  : [44135.0 - 44145.0] | 空頭 OB  : [44187.0 - 44197.0]
2026-07-24 19:41:03 | INFO    |        多頭 FVG : 無 | 空頭 FVG : 無
2026-07-24 19:41:03 | INFO    | ----------------------------------------------------------------------
2026-07-24 19:42:27 | INFO    | [19:40:56] 價格: 44166.0 | 大結構趨勢 (5M): NONE
2026-07-24 19:42:27 | INFO    |        即時信號 : 無特殊信號
2026-07-24 19:42:27 | INFO    |        多頭 OB  : [44135.0 - 44145.0] | 空頭 OB  : [44187.0 - 44197.0]
2026-07-24 19:42:27 | INFO    |        多頭 FVG : 無 | 空頭 FVG : 無
2026-07-24 19:42:27 | INFO    | ----------------------------------------------------------------------
2026-07-24 19:43:38 | INFO    | [19:42:20] 價格: 44159.0 | 大結構趨勢 (5M): NONE
2026-07-24 19:43:38 | INFO    |        即時信號 : 無特殊信號
2026-07-24 19:43:38 | INFO    |        多頭 OB  : [44135.0 - 44145.0] | 空頭 OB  : [44187.0 - 44197.0]
2026-07-24 19:43:38 | INFO    |        多頭 FVG : 無 | 空頭 FVG : 無
2026-07-24 19:43:38 | INFO    | ----------------------------------------------------------------------
2026-07-24 19:44:41 | INFO    | [19:43:30] 價格: 44150.0 | 大結構趨勢 (5M): NONE
2026-07-24 19:44:41 | INFO    |        即時信號 : 無特殊信號
2026-07-24 19:44:41 | INFO    |        多頭 OB  : [44135.0 - 44145.0] | 空頭 OB  : [44187.0 - 44197.0]
2026-07-24 19:44:41 | INFO    |        多頭 FVG : 無 | 空頭 FVG : 無
2026-07-24 19:44:41 | INFO    | ----------------------------------------------------------------------
2026-07-24 19:45:44 | INFO    | [19:44:34] 價格: 44149.0 | 大結構趨勢 (5M): NONE
2026-07-24 19:45:44 | INFO    |        即時信號 : ★ [流動性掠奪] Sweep Low 形成！(買方防守)
2026-07-24 19:45:44 | INFO    |        多頭 OB  : [44135.0 - 44145.0] | 空頭 OB  : [44187.0 - 44197.0]
2026-07-24 19:45:44 | INFO    |        多頭 FVG : 無 | 空頭 FVG : [44149.0 - 44156.0]
2026-07-24 19:45:44 | INFO    | ----------------------------------------------------------------------
2026-07-24 19:45:44 | SIGNAL  | 訊號觸發，發送 Telegram 通知: ★ [流動性掠奪] Sweep Low 形成 (多頭訊號)！
2026-07-24 19:45:45 | INFO    | [Telegram] 訊息發送成功 | chat_id=-1004387856503
2026-07-24 19:46:46 | INFO    | [19:45:37] 價格: 44128.0 | 大結構趨勢 (5M): NONE
2026-07-24 19:46:46 | INFO    |        即時信號 : ★★ [結構轉換] MSS Bearish 確立！趨勢轉空
2026-07-24 19:46:46 | INFO    |        多頭 OB  : [44135.0 - 44145.0] | 空頭 OB  : [44136.0 - 44149.0]
2026-07-24 19:46:46 | INFO    |        多頭 FVG : 無 | 空頭 FVG : 無
2026-07-24 19:46:46 | INFO    | ----------------------------------------------------------------------
2026-07-24 19:46:46 | SIGNAL  | 訊號觸發，發送 Telegram 通知: ★★ [結構轉換] MSS Bearish 確立 (空頭訊號)！
2026-07-24 19:46:47 | INFO    | [Telegram] 訊息發送成功 | chat_id=-1004387856503
2026-07-24 19:47:52 | INFO    | [19:46:39] 價格: 44105.0 | 大結構趨勢 (5M): NONE
2026-07-24 19:47:52 | INFO    |        即時信號 : 無特殊信號
2026-07-24 19:47:52 | INFO    |        多頭 OB  : [44135.0 - 44145.0] | 空頭 OB  : [44136.0 - 44149.0]
2026-07-24 19:47:52 | INFO    |        多頭 FVG : 無 | 空頭 FVG : [44128.0 - 44136.0]
2026-07-24 19:47:52 | INFO    | ----------------------------------------------------------------------
2026-07-24 19:48:53 | INFO    | [19:47:45] 價格: 44102.0 | 大結構趨勢 (5M): NONE
2026-07-24 19:48:53 | INFO    |        即時信號 : 無特殊信號
2026-07-24 19:48:53 | INFO    |        多頭 OB  : [44135.0 - 44145.0] | 空頭 OB  : [44136.0 - 44149.0]
2026-07-24 19:48:53 | INFO    |        多頭 FVG : 無 | 空頭 FVG : [44111.0 - 44128.0]
2026-07-24 19:48:53 | INFO    | ----------------------------------------------------------------------
2026-07-24 19:49:53 | INFO    | [19:48:46] 價格: 44115.0 | 大結構趨勢 (5M): NONE
2026-07-24 19:49:53 | INFO    |        即時信號 : 無特殊信號
2026-07-24 19:49:53 | INFO    |        多頭 OB  : [44135.0 - 44145.0] | 空頭 OB  : [44136.0 - 44149.0]
2026-07-24 19:49:53 | INFO    |        多頭 FVG : 無 | 空頭 FVG : 無
2026-07-24 19:49:53 | INFO    | ----------------------------------------------------------------------
2026-07-24 19:50:56 | INFO    | [19:49:46] 價格: 44121.0 | 大結構趨勢 (5M): NONE
2026-07-24 19:50:56 | INFO    |        即時信號 : 無特殊信號
2026-07-24 19:50:56 | INFO    |        多頭 OB  : [44135.0 - 44145.0] | 空頭 OB  : [44136.0 - 44149.0]
2026-07-24 19:50:56 | INFO    |        多頭 FVG : 無 | 空頭 FVG : 無
2026-07-24 19:50:56 | INFO    | ----------------------------------------------------------------------
2026-07-24 19:52:02 | INFO    | [19:50:48] 價格: 44126.0 | 大結構趨勢 (5M): NONE
2026-07-24 19:52:02 | INFO    |        即時信號 : 無特殊信號
2026-07-24 19:52:02 | INFO    |        多頭 OB  : [44135.0 - 44145.0] | 空頭 OB  : [44136.0 - 44149.0]
2026-07-24 19:52:02 | INFO    |        多頭 FVG : [44116.0 - 44121.0] | 空頭 FVG : 無
2026-07-24 19:52:02 | INFO    | ----------------------------------------------------------------------
2026-07-24 19:53:02 | INFO    | [19:51:55] 價格: 44121.0 | 大結構趨勢 (5M): NONE
2026-07-24 19:53:02 | INFO    |        即時信號 : 無特殊信號
2026-07-24 19:53:02 | INFO    |        多頭 OB  : [44135.0 - 44145.0] | 空頭 OB  : [44136.0 - 44149.0]
2026-07-24 19:53:02 | INFO    |        多頭 FVG : 無 | 空頭 FVG : 無
2026-07-24 19:53:02 | INFO    | ----------------------------------------------------------------------
2026-07-24 19:54:07 | INFO    | [19:52:55] 價格: 44092.0 | 大結構趨勢 (5M): NONE
2026-07-24 19:54:07 | INFO    |        即時信號 : 無特殊信號
2026-07-24 19:54:07 | INFO    |        多頭 OB  : [44135.0 - 44145.0] | 空頭 OB  : [44136.0 - 44149.0]
2026-07-24 19:54:07 | INFO    |        多頭 FVG : 無 | 空頭 FVG : 無
2026-07-24 19:54:07 | INFO    | ----------------------------------------------------------------------
2026-07-24 19:55:17 | INFO    | [19:54:00] 價格: 44096.0 | 大結構趨勢 (5M): NONE
2026-07-24 19:55:17 | INFO    |        即時信號 : ★ [流動性掠奪] Sweep Low 形成！(買方防守)
2026-07-24 19:55:17 | INFO    |        多頭 OB  : [44135.0 - 44145.0] | 空頭 OB  : [44136.0 - 44149.0]
2026-07-24 19:55:17 | INFO    |        多頭 FVG : 無 | 空頭 FVG : [44100.0 - 44120.0]
2026-07-24 19:55:17 | INFO    | ----------------------------------------------------------------------
2026-07-24 19:55:17 | INFO    | [過濾] 偵測到信號但建議無效，已跳過發送 Telegram 通知。
2026-07-24 19:56:22 | INFO    | [19:55:10] 價格: 44084.0 | 大結構趨勢 (5M): NONE
2026-07-24 19:56:22 | INFO    |        即時信號 : 無特殊信號
2026-07-24 19:56:22 | INFO    |        多頭 OB  : [44135.0 - 44145.0] | 空頭 OB  : [44136.0 - 44149.0]
2026-07-24 19:56:22 | INFO    |        多頭 FVG : 無 | 空頭 FVG : 無
2026-07-24 19:56:22 | INFO    | ----------------------------------------------------------------------
2026-07-24 19:57:25 | INFO    | [19:56:14] 價格: 44087.0 | 大結構趨勢 (5M): NONE
2026-07-24 19:57:25 | INFO    |        即時信號 : 無特殊信號
2026-07-24 19:57:25 | INFO    |        多頭 OB  : [44135.0 - 44145.0] | 空頭 OB  : [44136.0 - 44149.0]
2026-07-24 19:57:25 | INFO    |        多頭 FVG : 無 | 空頭 FVG : 無
2026-07-24 19:57:25 | INFO    | ----------------------------------------------------------------------
2026-07-24 19:58:25 | INFO    | [19:57:17] 價格: 44088.0 | 大結構趨勢 (5M): NONE
2026-07-24 19:58:25 | INFO    |        即時信號 : 無特殊信號
2026-07-24 19:58:25 | INFO    |        多頭 OB  : [44135.0 - 44145.0] | 空頭 OB  : [44136.0 - 44149.0]
2026-07-24 19:58:25 | INFO    |        多頭 FVG : 無 | 空頭 FVG : 無
2026-07-24 19:58:25 | INFO    | ----------------------------------------------------------------------
2026-07-24 19:59:25 | INFO    | [19:58:18] 價格: 44293.0 | 大結構趨勢 (5M): NONE
2026-07-24 19:59:25 | INFO    |        即時信號 : ★ [流動性掠奪] Sweep Low 形成！(買方防守)
2026-07-24 19:59:25 | INFO    |        多頭 OB  : [44090.0 - 44306.0] | 空頭 OB  : [44136.0 - 44149.0]
2026-07-24 19:59:25 | INFO    |        多頭 FVG : 無 | 空頭 FVG : 無
2026-07-24 19:59:25 | INFO    | ----------------------------------------------------------------------
2026-07-24 19:59:25 | SIGNAL  | 訊號觸發，發送 Telegram 通知: ★ [流動性掠奪] Sweep Low 形成 (多頭訊號)！
2026-07-24 19:59:27 | INFO    | [Telegram] 訊息發送成功 | chat_id=-1004387856503
2026-07-24 20:00:26 | INFO    | [19:59:18] 價格: 44215.0 | 大結構趨勢 (5M): NONE
2026-07-24 20:00:26 | INFO    |        即時信號 : 無特殊信號
2026-07-24 20:00:26 | INFO    |        多頭 OB  : [44090.0 - 44306.0] | 空頭 OB  : [44136.0 - 44149.0]
2026-07-24 20:00:26 | INFO    |        多頭 FVG : [44095.0 - 44190.0] | 空頭 FVG : 無
2026-07-24 20:00:26 | INFO    | ----------------------------------------------------------------------
2026-07-24 20:01:26 | INFO    | [20:00:18] 價格: 44196.0 | 大結構趨勢 (5M): NONE
2026-07-24 20:01:26 | INFO    |        即時信號 : 無特殊信號
2026-07-24 20:01:26 | INFO    |        多頭 OB  : [44090.0 - 44306.0] | 空頭 OB  : [44136.0 - 44149.0]
2026-07-24 20:01:26 | INFO    |        多頭 FVG : 無 | 空頭 FVG : 無
2026-07-24 20:01:26 | INFO    | ----------------------------------------------------------------------
2026-07-24 20:02:29 | INFO    | [20:01:19] 價格: 44187.0 | 大結構趨勢 (5M): NONE
2026-07-24 20:02:29 | INFO    |        即時信號 : 無特殊信號
2026-07-24 20:02:29 | INFO    |        多頭 OB  : [44090.0 - 44306.0] | 空頭 OB  : [44136.0 - 44149.0]
2026-07-24 20:02:29 | INFO    |        多頭 FVG : 無 | 空頭 FVG : 無
2026-07-24 20:02:29 | INFO    | ----------------------------------------------------------------------
2026-07-24 20:03:30 | INFO    | [20:02:21] 價格: 44189.0 | 大結構趨勢 (5M): NONE
2026-07-24 20:03:30 | INFO    |        即時信號 : 無特殊信號
2026-07-24 20:03:30 | INFO    |        多頭 OB  : [44090.0 - 44306.0] | 空頭 OB  : [44136.0 - 44149.0]
2026-07-24 20:03:30 | INFO    |        多頭 FVG : 無 | 空頭 FVG : 無
2026-07-24 20:03:30 | INFO    | ----------------------------------------------------------------------
2026-07-24 20:04:33 | INFO    | [20:03:23] 價格: 44176.0 | 大結構趨勢 (5M): NONE
2026-07-24 20:04:33 | INFO    |        即時信號 : 無特殊信號
2026-07-24 20:04:33 | INFO    |        多頭 OB  : [44090.0 - 44306.0] | 空頭 OB  : [44136.0 - 44149.0]
2026-07-24 20:04:33 | INFO    |        多頭 FVG : 無 | 空頭 FVG : 無
2026-07-24 20:04:33 | INFO    | ----------------------------------------------------------------------
2026-07-24 20:05:39 | INFO    | [20:04:26] 價格: 44156.0 | 大結構趨勢 (5M): NONE
2026-07-24 20:05:39 | INFO    |        即時信號 : 無特殊信號
2026-07-24 20:05:39 | INFO    |        多頭 OB  : [44090.0 - 44306.0] | 空頭 OB  : [44136.0 - 44149.0]
2026-07-24 20:05:39 | INFO    |        多頭 FVG : 無 | 空頭 FVG : 無
2026-07-24 20:05:39 | INFO    | ----------------------------------------------------------------------
2026-07-24 20:06:41 | INFO    | [20:05:31] 價格: 44158.0 | 大結構趨勢 (5M): NONE
2026-07-24 20:06:41 | INFO    |        即時信號 : 無特殊信號
2026-07-24 20:06:41 | INFO    |        多頭 OB  : [44090.0 - 44306.0] | 空頭 OB  : [44136.0 - 44149.0]
2026-07-24 20:06:41 | INFO    |        多頭 FVG : 無 | 空頭 FVG : [44163.0 - 44170.0]
2026-07-24 20:06:41 | INFO    | ----------------------------------------------------------------------
2026-07-24 20:07:54 | INFO    | [20:06:34] 價格: 44175.0 | 大結構趨勢 (5M): NONE
2026-07-24 20:07:54 | INFO    |        即時信號 : 無特殊信號
2026-07-24 20:07:54 | INFO    |        多頭 OB  : [44090.0 - 44306.0] | 空頭 OB  : [44136.0 - 44149.0]
2026-07-24 20:07:54 | INFO    |        多頭 FVG : 無 | 空頭 FVG : 無
2026-07-24 20:07:54 | INFO    | ----------------------------------------------------------------------
2026-07-24 20:08:57 | INFO    | [20:07:46] 價格: 44181.0 | 大結構趨勢 (5M): NONE
2026-07-24 20:08:57 | INFO    |        即時信號 : 無特殊信號
2026-07-24 20:08:57 | INFO    |        多頭 OB  : [44090.0 - 44306.0] | 空頭 OB  : [44136.0 - 44149.0]
2026-07-24 20:08:57 | INFO    |        多頭 FVG : [44163.0 - 44180.0] | 空頭 FVG : 無
2026-07-24 20:08:57 | INFO    | ----------------------------------------------------------------------
2026-07-24 20:09:57 | INFO    | [20:08:50] 價格: 44228.0 | 大結構趨勢 (5M): NONE
2026-07-24 20:09:57 | INFO    |        即時信號 : 無特殊信號
2026-07-24 20:09:57 | INFO    |        多頭 OB  : [44090.0 - 44306.0] | 空頭 OB  : [44136.0 - 44149.0]
2026-07-24 20:09:57 | INFO    |        多頭 FVG : [44180.0 - 44181.0] | 空頭 FVG : 無
2026-07-24 20:09:57 | INFO    | ----------------------------------------------------------------------
2026-07-24 20:10:59 | INFO    | [20:09:50] 價格: 44217.0 | 大結構趨勢 (5M): NONE
2026-07-24 20:10:59 | INFO    |        即時信號 : 無特殊信號
2026-07-24 20:10:59 | INFO    |        多頭 OB  : [44090.0 - 44306.0] | 空頭 OB  : [44136.0 - 44149.0]
2026-07-24 20:10:59 | INFO    |        多頭 FVG : [44193.0 - 44217.0] | 空頭 FVG : 無
2026-07-24 20:10:59 | INFO    | ----------------------------------------------------------------------
2026-07-24 20:12:01 | INFO    | [20:10:51] 價格: 44230.0 | 大結構趨勢 (5M): NONE
2026-07-24 20:12:01 | INFO    |        即時信號 : 無特殊信號
2026-07-24 20:12:01 | INFO    |        多頭 OB  : [44090.0 - 44306.0] | 空頭 OB  : [44136.0 - 44149.0]
2026-07-24 20:12:01 | INFO    |        多頭 FVG : 無 | 空頭 FVG : 無
2026-07-24 20:12:01 | INFO    | ----------------------------------------------------------------------
2026-07-24 20:13:04 | INFO    | [20:11:54] 價格: 44213.0 | 大結構趨勢 (5M): NONE
2026-07-24 20:13:04 | INFO    |        即時信號 : 無特殊信號
2026-07-24 20:13:04 | INFO    |        多頭 OB  : [44090.0 - 44306.0] | 空頭 OB  : [44136.0 - 44149.0]
2026-07-24 20:13:04 | INFO    |        多頭 FVG : 無 | 空頭 FVG : 無
2026-07-24 20:13:04 | INFO    | ----------------------------------------------------------------------
2026-07-24 20:14:07 | INFO    | [20:12:56] 價格: 44214.0 | 大結構趨勢 (5M): NONE
2026-07-24 20:14:07 | INFO    |        即時信號 : 無特殊信號
2026-07-24 20:14:07 | INFO    |        多頭 OB  : [44090.0 - 44306.0] | 空頭 OB  : [44136.0 - 44149.0]
2026-07-24 20:14:07 | INFO    |        多頭 FVG : 無 | 空頭 FVG : 無
2026-07-24 20:14:07 | INFO    | ----------------------------------------------------------------------
2026-07-24 20:15:10 | INFO    | [20:14:00] 價格: 44249.0 | 大結構趨勢 (5M): NONE
2026-07-24 20:15:10 | INFO    |        即時信號 : 無特殊信號
2026-07-24 20:15:10 | INFO    |        多頭 OB  : [44090.0 - 44306.0] | 空頭 OB  : [44136.0 - 44149.0]
2026-07-24 20:15:10 | INFO    |        多頭 FVG : 無 | 空頭 FVG : 無
2026-07-24 20:15:10 | INFO    | ----------------------------------------------------------------------
2026-07-24 20:16:12 | INFO    | [20:15:03] 價格: 44247.0 | 大結構趨勢 (5M): NONE
2026-07-24 20:16:12 | INFO    |        即時信號 : 無特殊信號
2026-07-24 20:16:12 | INFO    |        多頭 OB  : [44090.0 - 44306.0] | 空頭 OB  : [44136.0 - 44149.0]
2026-07-24 20:16:12 | INFO    |        多頭 FVG : [44222.0 - 44230.0] | 空頭 FVG : 無
2026-07-24 20:16:12 | INFO    | ----------------------------------------------------------------------
2026-07-24 20:17:17 | INFO    | [20:16:05] 價格: 44255.0 | 大結構趨勢 (5M): NONE
2026-07-24 20:17:17 | INFO    |        即時信號 : 無特殊信號
2026-07-24 20:17:17 | INFO    |        多頭 OB  : [44090.0 - 44306.0] | 空頭 OB  : [44136.0 - 44149.0]
2026-07-24 20:17:17 | INFO    |        多頭 FVG : 無 | 空頭 FVG : 無
2026-07-24 20:17:17 | INFO    | ----------------------------------------------------------------------
2026-07-24 20:18:17 | INFO    | [20:17:09] 價格: 44250.0 | 大結構趨勢 (5M): NONE
2026-07-24 20:18:17 | INFO    |        即時信號 : 無特殊信號
2026-07-24 20:18:17 | INFO    |        多頭 OB  : [44090.0 - 44306.0] | 空頭 OB  : [44136.0 - 44149.0]
2026-07-24 20:18:17 | INFO    |        多頭 FVG : [44248.0 - 44250.0] | 空頭 FVG : 無
2026-07-24 20:18:17 | INFO    | ----------------------------------------------------------------------
2026-07-24 20:19:18 | INFO    | [20:18:10] 價格: 44263.0 | 大結構趨勢 (5M): NONE
2026-07-24 20:19:18 | INFO    |        即時信號 : 無特殊信號
2026-07-24 20:19:18 | INFO    |        多頭 OB  : [44090.0 - 44306.0] | 空頭 OB  : [44136.0 - 44149.0]
2026-07-24 20:19:18 | INFO    |        多頭 FVG : 無 | 空頭 FVG : 無
2026-07-24 20:19:18 | INFO    | ----------------------------------------------------------------------
2026-07-24 20:20:20 | INFO    | [20:19:10] 價格: 44229.0 | 大結構趨勢 (5M): NONE
2026-07-24 20:20:20 | INFO    |        即時信號 : ★ [流動性掠奪] Sweep High 形成！(賣方防守)
2026-07-24 20:20:20 | INFO    |        多頭 OB  : [44090.0 - 44306.0] | 空頭 OB  : [44136.0 - 44149.0]
2026-07-24 20:20:20 | INFO    |        多頭 FVG : 無 | 空頭 FVG : 無
2026-07-24 20:20:20 | INFO    | ----------------------------------------------------------------------
2026-07-24 20:20:20 | INFO    | [過濾] 偵測到信號但建議無效，已跳過發送 Telegram 通知。
2026-07-24 20:21:36 | INFO    | [20:20:13] 價格: 44229.0 | 大結構趨勢 (5M): NONE
2026-07-24 20:21:36 | INFO    |        即時信號 : 無特殊信號
2026-07-24 20:21:36 | INFO    |        多頭 OB  : [44090.0 - 44306.0] | 空頭 OB  : [44136.0 - 44149.0]
2026-07-24 20:21:36 | INFO    |        多頭 FVG : 無 | 空頭 FVG : [44229.0 - 44242.0]
2026-07-24 20:21:36 | INFO    | ----------------------------------------------------------------------
2026-07-24 20:22:42 | INFO    | [20:21:29] 價格: 44224.0 | 大結構趨勢 (5M): NONE
2026-07-24 20:22:42 | INFO    |        即時信號 : 無特殊信號
2026-07-24 20:22:42 | INFO    |        多頭 OB  : [44090.0 - 44306.0] | 空頭 OB  : [44136.0 - 44149.0]
2026-07-24 20:22:42 | INFO    |        多頭 FVG : 無 | 空頭 FVG : 無
2026-07-24 20:22:42 | INFO    | ----------------------------------------------------------------------
2026-07-24 20:23:43 | INFO    | [20:22:35] 價格: 44229.0 | 大結構趨勢 (5M): NONE
2026-07-24 20:23:43 | INFO    |        即時信號 : 無特殊信號
2026-07-24 20:23:43 | INFO    |        多頭 OB  : [44090.0 - 44306.0] | 空頭 OB  : [44136.0 - 44149.0]
2026-07-24 20:23:43 | INFO    |        多頭 FVG : 無 | 空頭 FVG : 無
2026-07-24 20:23:43 | INFO    | ----------------------------------------------------------------------
2026-07-24 20:24:45 | INFO    | [20:23:35] 價格: 44242.0 | 大結構趨勢 (5M): NONE
2026-07-24 20:24:45 | INFO    |        即時信號 : 無特殊信號
2026-07-24 20:24:45 | INFO    |        多頭 OB  : [44090.0 - 44306.0] | 空頭 OB  : [44136.0 - 44149.0]
2026-07-24 20:24:45 | INFO    |        多頭 FVG : 無 | 空頭 FVG : 無
2026-07-24 20:24:45 | INFO    | ----------------------------------------------------------------------
2026-07-24 20:25:49 | INFO    | [20:24:38] 價格: 44226.0 | 大結構趨勢 (5M): NONE
2026-07-24 20:25:49 | INFO    |        即時信號 : ★ [流動性掠奪] Sweep Low 形成！(買方防守)
2026-07-24 20:25:49 | INFO    |        多頭 OB  : [44090.0 - 44306.0] | 空頭 OB  : [44136.0 - 44149.0]
2026-07-24 20:25:49 | INFO    |        多頭 FVG : 無 | 空頭 FVG : 無
2026-07-24 20:25:49 | INFO    | ----------------------------------------------------------------------
2026-07-24 20:25:49 | INFO    | [過濾] 偵測到信號但建議無效，已跳過發送 Telegram 通知。
2026-07-24 20:27:05 | INFO    | [20:25:42] 價格: 44234.0 | 大結構趨勢 (5M): NONE
2026-07-24 20:27:05 | INFO    |        即時信號 : 無特殊信號
2026-07-24 20:27:05 | INFO    |        多頭 OB  : [44090.0 - 44306.0] | 空頭 OB  : [44136.0 - 44149.0]
2026-07-24 20:27:05 | INFO    |        多頭 FVG : 無 | 空頭 FVG : 無
2026-07-24 20:27:05 | INFO    | ----------------------------------------------------------------------
2026-07-24 20:28:11 | INFO    | [20:26:57] 價格: 44230.0 | 大結構趨勢 (5M): NONE
2026-07-24 20:28:11 | INFO    |        即時信號 : 無特殊信號
2026-07-24 20:28:11 | INFO    |        多頭 OB  : [44090.0 - 44306.0] | 空頭 OB  : [44136.0 - 44149.0]
2026-07-24 20:28:11 | INFO    |        多頭 FVG : 無 | 空頭 FVG : 無
2026-07-24 20:28:11 | INFO    | ----------------------------------------------------------------------
2026-07-24 20:29:23 | INFO    | [20:28:03] 價格: 44234.0 | 大結構趨勢 (5M): NONE
2026-07-24 20:29:23 | INFO    |        即時信號 : 無特殊信號
2026-07-24 20:29:23 | INFO    |        多頭 OB  : [44090.0 - 44306.0] | 空頭 OB  : [44136.0 - 44149.0]
2026-07-24 20:29:23 | INFO    |        多頭 FVG : 無 | 空頭 FVG : 無
2026-07-24 20:29:23 | INFO    | ----------------------------------------------------------------------
2026-07-24 20:30:23 | INFO    | [20:29:16] 價格: 44208.0 | 大結構趨勢 (5M): NONE
2026-07-24 20:30:23 | INFO    |        即時信號 : 無特殊信號
2026-07-24 20:30:23 | INFO    |        多頭 OB  : [44090.0 - 44306.0] | 空頭 OB  : [44136.0 - 44149.0]
2026-07-24 20:30:23 | INFO    |        多頭 FVG : 無 | 空頭 FVG : 無
2026-07-24 20:30:23 | INFO    | ----------------------------------------------------------------------
2026-07-24 20:31:34 | INFO    | [20:30:16] 價格: 44206.0 | 大結構趨勢 (5M): NONE
2026-07-24 20:31:34 | INFO    |        即時信號 : 無特殊信號
2026-07-24 20:31:34 | INFO    |        多頭 OB  : [44090.0 - 44306.0] | 空頭 OB  : [44136.0 - 44149.0]
2026-07-24 20:31:34 | INFO    |        多頭 FVG : 無 | 空頭 FVG : [44217.0 - 44224.0]
2026-07-24 20:31:34 | INFO    | ----------------------------------------------------------------------
2026-07-24 20:32:52 | INFO    | [20:31:26] 價格: 44209.0 | 大結構趨勢 (5M): NONE
2026-07-24 20:32:52 | INFO    |        即時信號 : 無特殊信號
2026-07-24 20:32:52 | INFO    |        多頭 OB  : [44090.0 - 44306.0] | 空頭 OB  : [44136.0 - 44149.0]
2026-07-24 20:32:52 | INFO    |        多頭 FVG : 無 | 空頭 FVG : 無
2026-07-24 20:32:52 | INFO    | ----------------------------------------------------------------------
2026-07-24 20:33:59 | INFO    | [20:32:44] 價格: 44212.0 | 大結構趨勢 (5M): NONE
2026-07-24 20:33:59 | INFO    |        即時信號 : 無特殊信號
2026-07-24 20:33:59 | INFO    |        多頭 OB  : [44090.0 - 44306.0] | 空頭 OB  : [44136.0 - 44149.0]
2026-07-24 20:33:59 | INFO    |        多頭 FVG : 無 | 空頭 FVG : 無
2026-07-24 20:33:59 | INFO    | ----------------------------------------------------------------------
2026-07-24 20:35:00 | INFO    | [20:33:51] 價格: 44196.0 | 大結構趨勢 (5M): NONE
2026-07-24 20:35:00 | INFO    |        即時信號 : 無特殊信號
2026-07-24 20:35:00 | INFO    |        多頭 OB  : [44090.0 - 44306.0] | 空頭 OB  : [44136.0 - 44149.0]
2026-07-24 20:35:00 | INFO    |        多頭 FVG : 無 | 空頭 FVG : 無
2026-07-24 20:35:00 | INFO    | ----------------------------------------------------------------------
2026-07-24 20:36:04 | INFO    | [20:34:52] 價格: 44197.0 | 大結構趨勢 (5M): NONE
2026-07-24 20:36:04 | INFO    |        即時信號 : 無特殊信號
2026-07-24 20:36:04 | INFO    |        多頭 OB  : [44090.0 - 44306.0] | 空頭 OB  : [44136.0 - 44149.0]
2026-07-24 20:36:04 | INFO    |        多頭 FVG : 無 | 空頭 FVG : [44197.0 - 44212.0]
2026-07-24 20:36:04 | INFO    | ----------------------------------------------------------------------
2026-07-24 20:37:21 | INFO    | [20:35:56] 價格: 44195.0 | 大結構趨勢 (5M): NONE
2026-07-24 20:37:21 | INFO    |        即時信號 : 無特殊信號
2026-07-24 20:37:21 | INFO    |        多頭 OB  : [44090.0 - 44306.0] | 空頭 OB  : [44136.0 - 44149.0]
2026-07-24 20:37:21 | INFO    |        多頭 FVG : 無 | 空頭 FVG : 無
2026-07-24 20:37:21 | INFO    | ----------------------------------------------------------------------
2026-07-24 20:38:25 | INFO    | [20:37:13] 價格: 44195.0 | 大結構趨勢 (5M): NONE
2026-07-24 20:38:25 | INFO    |        即時信號 : 無特殊信號
2026-07-24 20:38:25 | INFO    |        多頭 OB  : [44090.0 - 44306.0] | 空頭 OB  : [44136.0 - 44149.0]
2026-07-24 20:38:25 | INFO    |        多頭 FVG : 無 | 空頭 FVG : 無
2026-07-24 20:38:25 | INFO    | ----------------------------------------------------------------------
2026-07-24 20:39:34 | INFO    | [20:38:17] 價格: 44204.0 | 大結構趨勢 (5M): NONE
2026-07-24 20:39:34 | INFO    |        即時信號 : 無特殊信號
2026-07-24 20:39:34 | INFO    |        多頭 OB  : [44090.0 - 44306.0] | 空頭 OB  : [44136.0 - 44149.0]
2026-07-24 20:39:34 | INFO    |        多頭 FVG : 無 | 空頭 FVG : 無
2026-07-24 20:39:34 | INFO    | ----------------------------------------------------------------------
2026-07-24 20:40:42 | INFO    | [20:39:27] 價格: 44196.0 | 大結構趨勢 (5M): NONE
2026-07-24 20:40:42 | INFO    |        即時信號 : 無特殊信號
2026-07-24 20:40:42 | INFO    |        多頭 OB  : [44090.0 - 44306.0] | 空頭 OB  : [44136.0 - 44149.0]
2026-07-24 20:40:42 | INFO    |        多頭 FVG : 無 | 空頭 FVG : 無
2026-07-24 20:40:42 | INFO    | ----------------------------------------------------------------------
2026-07-24 20:41:43 | INFO    | [20:40:35] 價格: 44180.0 | 大結構趨勢 (5M): NONE
2026-07-24 20:41:43 | INFO    |        即時信號 : ★★ [結構轉換] MSS Bearish 確立！趨勢轉空
2026-07-24 20:41:43 | INFO    |        多頭 OB  : [44090.0 - 44306.0] | 空頭 OB  : [44195.0 - 44204.0]
2026-07-24 20:41:43 | INFO    |        多頭 FVG : 無 | 空頭 FVG : 無
2026-07-24 20:41:43 | INFO    | ----------------------------------------------------------------------
2026-07-24 20:41:43 | INFO    | [過濾] 偵測到信號但建議無效，已跳過發送 Telegram 通知。
2026-07-24 20:42:53 | INFO    | [20:41:36] 價格: 44164.0 | 大結構趨勢 (5M): NONE
2026-07-24 20:42:53 | INFO    |        即時信號 : 無特殊信號
2026-07-24 20:42:53 | INFO    |        多頭 OB  : [44090.0 - 44306.0] | 空頭 OB  : [44195.0 - 44204.0]
2026-07-24 20:42:53 | INFO    |        多頭 FVG : 無 | 空頭 FVG : [44183.0 - 44195.0]
2026-07-24 20:42:53 | INFO    | ----------------------------------------------------------------------
2026-07-24 20:43:58 | INFO    | [20:42:46] 價格: 44156.0 | 大結構趨勢 (5M): NONE
2026-07-24 20:43:58 | INFO    |        即時信號 : 無特殊信號
2026-07-24 20:43:58 | INFO    |        多頭 OB  : [44090.0 - 44306.0] | 空頭 OB  : [44195.0 - 44204.0]
2026-07-24 20:43:58 | INFO    |        多頭 FVG : 無 | 空頭 FVG : [44172.0 - 44180.0]
2026-07-24 20:43:58 | INFO    | ----------------------------------------------------------------------
2026-07-24 20:45:03 | INFO    | [20:43:50] 價格: 44150.0 | 大結構趨勢 (5M): NONE
2026-07-24 20:45:03 | INFO    |        即時信號 : 無特殊信號
2026-07-24 20:45:03 | INFO    |        多頭 OB  : [44090.0 - 44306.0] | 空頭 OB  : [44195.0 - 44204.0]
2026-07-24 20:45:03 | INFO    |        多頭 FVG : 無 | 空頭 FVG : [44155.0 - 44157.0]
2026-07-24 20:45:03 | INFO    | ----------------------------------------------------------------------
2026-07-24 20:46:06 | INFO    | [20:44:56] 價格: 44138.0 | 大結構趨勢 (5M): NONE
2026-07-24 20:46:06 | INFO    |        即時信號 : 無特殊信號
2026-07-24 20:46:06 | INFO    |        多頭 OB  : [44090.0 - 44306.0] | 空頭 OB  : [44195.0 - 44204.0]
2026-07-24 20:46:06 | INFO    |        多頭 FVG : 無 | 空頭 FVG : [44150.0 - 44151.0]
2026-07-24 20:46:06 | INFO    | ----------------------------------------------------------------------
2026-07-24 20:47:08 | INFO    | [20:45:59] 價格: 44135.0 | 大結構趨勢 (5M): NONE
2026-07-24 20:47:08 | INFO    |        即時信號 : 無特殊信號
2026-07-24 20:47:08 | INFO    |        多頭 OB  : [44090.0 - 44306.0] | 空頭 OB  : [44195.0 - 44204.0]
2026-07-24 20:47:08 | INFO    |        多頭 FVG : 無 | 空頭 FVG : [44142.0 - 44145.0]
2026-07-24 20:47:08 | INFO    | ----------------------------------------------------------------------
2026-07-24 20:48:09 | INFO    | [20:47:00] 價格: 44128.0 | 大結構趨勢 (5M): NONE
2026-07-24 20:48:09 | INFO    |        即時信號 : 無特殊信號
2026-07-24 20:48:09 | INFO    |        多頭 OB  : [44090.0 - 44306.0] | 空頭 OB  : [44195.0 - 44204.0]
2026-07-24 20:48:09 | INFO    |        多頭 FVG : 無 | 空頭 FVG : [44134.0 - 44136.0]
2026-07-24 20:48:09 | INFO    | ----------------------------------------------------------------------
2026-07-24 20:49:11 | INFO    | [20:48:01] 價格: 44121.0 | 大結構趨勢 (5M): NONE
2026-07-24 20:49:11 | INFO    |        即時信號 : 無特殊信號
2026-07-24 20:49:11 | INFO    |        多頭 OB  : [44090.0 - 44306.0] | 空頭 OB  : [44195.0 - 44204.0]
2026-07-24 20:49:11 | INFO    |        多頭 FVG : 無 | 空頭 FVG : [44129.0 - 44132.0]
2026-07-24 20:49:11 | INFO    | ----------------------------------------------------------------------
2026-07-24 20:50:11 | INFO    | [20:49:03] 價格: 44120.0 | 大結構趨勢 (5M): NONE
2026-07-24 20:50:11 | INFO    |        即時信號 : 無特殊信號
2026-07-24 20:50:11 | INFO    |        多頭 OB  : [44090.0 - 44306.0] | 空頭 OB  : [44195.0 - 44204.0]
2026-07-24 20:50:11 | INFO    |        多頭 FVG : 無 | 空頭 FVG : 無
2026-07-24 20:50:11 | INFO    | ----------------------------------------------------------------------
2026-07-24 20:51:12 | INFO    | [20:50:04] 價格: 44113.0 | 大結構趨勢 (5M): NONE
2026-07-24 20:51:12 | INFO    |        即時信號 : 無特殊信號
2026-07-24 20:51:12 | INFO    |        多頭 OB  : [44090.0 - 44306.0] | 空頭 OB  : [44195.0 - 44204.0]
2026-07-24 20:51:12 | INFO    |        多頭 FVG : 無 | 空頭 FVG : 無
2026-07-24 20:51:12 | INFO    | ----------------------------------------------------------------------
2026-07-24 20:52:14 | INFO    | [20:51:04] 價格: 44102.0 | 大結構趨勢 (5M): NONE
2026-07-24 20:52:14 | INFO    |        即時信號 : 無特殊信號
2026-07-24 20:52:14 | INFO    |        多頭 OB  : [44090.0 - 44306.0] | 空頭 OB  : [44195.0 - 44204.0]
2026-07-24 20:52:14 | INFO    |        多頭 FVG : 無 | 空頭 FVG : 無
2026-07-24 20:52:14 | INFO    | ----------------------------------------------------------------------
2026-07-24 20:53:14 | INFO    | [20:52:06] 價格: 44088.0 | 大結構趨勢 (5M): NONE
2026-07-24 20:53:14 | INFO    |        即時信號 : 無特殊信號
2026-07-24 20:53:14 | INFO    |        多頭 OB  : [44090.0 - 44306.0] | 空頭 OB  : [44195.0 - 44204.0]
2026-07-24 20:53:14 | INFO    |        多頭 FVG : 無 | 空頭 FVG : 無
2026-07-24 20:53:14 | INFO    | ----------------------------------------------------------------------
2026-07-24 20:54:14 | INFO    | [20:53:06] 價格: 44059.0 | 大結構趨勢 (5M): NONE
2026-07-24 20:54:14 | INFO    |        即時信號 : 無特殊信號
2026-07-24 20:54:14 | INFO    |        多頭 OB  : [44090.0 - 44306.0] | 空頭 OB  : [44195.0 - 44204.0]
2026-07-24 20:54:14 | INFO    |        多頭 FVG : 無 | 空頭 FVG : [44090.0 - 44102.0]
2026-07-24 20:54:14 | INFO    | ----------------------------------------------------------------------
2026-07-24 20:55:16 | INFO    | [20:54:07] 價格: 44067.0 | 大結構趨勢 (5M): NONE
2026-07-24 20:55:16 | INFO    |        即時信號 : 無特殊信號
2026-07-24 20:55:16 | INFO    |        多頭 OB  : [44090.0 - 44306.0] | 空頭 OB  : [44195.0 - 44204.0]
2026-07-24 20:55:16 | INFO    |        多頭 FVG : 無 | 空頭 FVG : [44070.0 - 44086.0]
2026-07-24 20:55:16 | INFO    | ----------------------------------------------------------------------
2026-07-24 20:56:18 | INFO    | [20:55:09] 價格: 44047.0 | 大結構趨勢 (5M): NONE
2026-07-24 20:56:18 | INFO    |        即時信號 : 無特殊信號
2026-07-24 20:56:18 | INFO    |        多頭 OB  : [44090.0 - 44306.0] | 空頭 OB  : [44195.0 - 44204.0]
2026-07-24 20:56:18 | INFO    |        多頭 FVG : 無 | 空頭 FVG : 無
2026-07-24 20:56:18 | INFO    | ----------------------------------------------------------------------
2026-07-24 20:57:19 | INFO    | [20:56:11] 價格: 44019.0 | 大結構趨勢 (5M): NONE
2026-07-24 20:57:19 | INFO    |        即時信號 : 無特殊信號
2026-07-24 20:57:19 | INFO    |        多頭 OB  : [44090.0 - 44306.0] | 空頭 OB  : [44195.0 - 44204.0]
2026-07-24 20:57:19 | INFO    |        多頭 FVG : 無 | 空頭 FVG : [44050.0 - 44058.0]
2026-07-24 20:57:19 | INFO    | ----------------------------------------------------------------------
2026-07-24 20:58:20 | INFO    | [20:57:11] 價格: 44032.0 | 大結構趨勢 (5M): NONE
2026-07-24 20:58:20 | INFO    |        即時信號 : 無特殊信號
2026-07-24 20:58:20 | INFO    |        多頭 OB  : [44090.0 - 44306.0] | 空頭 OB  : [44195.0 - 44204.0]
2026-07-24 20:58:20 | INFO    |        多頭 FVG : 無 | 空頭 FVG : [44033.0 - 44042.0]
2026-07-24 20:58:20 | INFO    | ----------------------------------------------------------------------
2026-07-24 20:59:21 | INFO    | [20:58:12] 價格: 44020.0 | 大結構趨勢 (5M): NONE
2026-07-24 20:59:21 | INFO    |        即時信號 : 無特殊信號
2026-07-24 20:59:21 | INFO    |        多頭 OB  : [44090.0 - 44306.0] | 空頭 OB  : [44195.0 - 44204.0]
2026-07-24 20:59:21 | INFO    |        多頭 FVG : 無 | 空頭 FVG : 無
2026-07-24 20:59:21 | INFO    | ----------------------------------------------------------------------
2026-07-24 21:00:21 | INFO    | [20:59:13] 價格: 44027.0 | 大結構趨勢 (5M): NONE
2026-07-24 21:00:21 | INFO    |        即時信號 : 無特殊信號
2026-07-24 21:00:21 | INFO    |        多頭 OB  : [44090.0 - 44306.0] | 空頭 OB  : [44195.0 - 44204.0]
2026-07-24 21:00:21 | INFO    |        多頭 FVG : 無 | 空頭 FVG : 無
2026-07-24 21:00:21 | INFO    | ----------------------------------------------------------------------
2026-07-24 21:01:23 | INFO    | [21:00:13] 價格: 44021.0 | 大結構趨勢 (5M): NONE
2026-07-24 21:01:23 | INFO    |        即時信號 : 無特殊信號
2026-07-24 21:01:23 | INFO    |        多頭 OB  : [44090.0 - 44306.0] | 空頭 OB  : [44195.0 - 44204.0]
2026-07-24 21:01:23 | INFO    |        多頭 FVG : 無 | 空頭 FVG : 無
2026-07-24 21:01:23 | INFO    | ----------------------------------------------------------------------
2026-07-24 21:02:28 | INFO    | [21:01:16] 價格: 44038.0 | 大結構趨勢 (5M): NONE
2026-07-24 21:02:28 | INFO    |        即時信號 : 無特殊信號
2026-07-24 21:02:28 | INFO    |        多頭 OB  : [44090.0 - 44306.0] | 空頭 OB  : [44195.0 - 44204.0]
2026-07-24 21:02:28 | INFO    |        多頭 FVG : 無 | 空頭 FVG : 無
2026-07-24 21:02:28 | INFO    | ----------------------------------------------------------------------
2026-07-24 21:03:34 | INFO    | [21:02:20] 價格: 44050.0 | 大結構趨勢 (5M): NONE
2026-07-24 21:03:34 | INFO    |        即時信號 : 無特殊信號
2026-07-24 21:03:34 | INFO    |        多頭 OB  : [44090.0 - 44306.0] | 空頭 OB  : [44195.0 - 44204.0]
2026-07-24 21:03:34 | INFO    |        多頭 FVG : 無 | 空頭 FVG : 無
2026-07-24 21:03:34 | INFO    | ----------------------------------------------------------------------
2026-07-24 21:04:44 | INFO    | [21:03:26] 價格: 44055.0 | 大結構趨勢 (5M): NONE
2026-07-24 21:04:44 | INFO    |        即時信號 : 無特殊信號
2026-07-24 21:04:44 | INFO    |        多頭 OB  : [44090.0 - 44306.0] | 空頭 OB  : [44195.0 - 44204.0]
2026-07-24 21:04:44 | INFO    |        多頭 FVG : [44041.0 - 44043.0] | 空頭 FVG : 無
2026-07-24 21:04:44 | INFO    | ----------------------------------------------------------------------
2026-07-24 21:05:44 | INFO    | [21:04:36] 價格: 44040.0 | 大結構趨勢 (5M): NONE
2026-07-24 21:05:44 | INFO    |        即時信號 : 無特殊信號
2026-07-24 21:05:44 | INFO    |        多頭 OB  : [44090.0 - 44306.0] | 空頭 OB  : [44195.0 - 44204.0]
2026-07-24 21:05:44 | INFO    |        多頭 FVG : 無 | 空頭 FVG : 無
2026-07-24 21:05:44 | INFO    | ----------------------------------------------------------------------
2026-07-24 21:06:49 | INFO    | [21:05:36] 價格: 44029.0 | 大結構趨勢 (5M): NONE
2026-07-24 21:06:49 | INFO    |        即時信號 : 無特殊信號
2026-07-24 21:06:49 | INFO    |        多頭 OB  : [44090.0 - 44306.0] | 空頭 OB  : [44195.0 - 44204.0]
2026-07-24 21:06:49 | INFO    |        多頭 FVG : 無 | 空頭 FVG : 無
2026-07-24 21:06:49 | INFO    | ----------------------------------------------------------------------
2026-07-24 21:07:50 | INFO    | [21:06:42] 價格: 43985.0 | 大結構趨勢 (5M): NONE
2026-07-24 21:07:50 | INFO    |        即時信號 : 無特殊信號
2026-07-24 21:07:50 | INFO    |        多頭 OB  : [44090.0 - 44306.0] | 空頭 OB  : [44195.0 - 44204.0]
2026-07-24 21:07:50 | INFO    |        多頭 FVG : 無 | 空頭 FVG : [44031.0 - 44040.0]
2026-07-24 21:07:50 | INFO    | ----------------------------------------------------------------------
2026-07-24 21:08:57 | INFO    | [21:07:42] 價格: 43977.0 | 大結構趨勢 (5M): NONE
2026-07-24 21:08:57 | INFO    |        即時信號 : 無特殊信號
2026-07-24 21:08:57 | INFO    |        多頭 OB  : [44090.0 - 44306.0] | 空頭 OB  : [44195.0 - 44204.0]
2026-07-24 21:08:57 | INFO    |        多頭 FVG : 無 | 空頭 FVG : [43983.0 - 44029.0]
2026-07-24 21:08:57 | INFO    | ----------------------------------------------------------------------
2026-07-24 21:09:59 | INFO    | [21:08:49] 價格: 44021.0 | 大結構趨勢 (5M): NONE
2026-07-24 21:09:59 | INFO    |        即時信號 : ★ [流動性掠奪] Sweep Low 形成！(買方防守)
2026-07-24 21:09:59 | INFO    |        多頭 OB  : [44090.0 - 44306.0] | 空頭 OB  : [44195.0 - 44204.0]
2026-07-24 21:09:59 | INFO    |        多頭 FVG : 無 | 空頭 FVG : 無
2026-07-24 21:09:59 | INFO    | ----------------------------------------------------------------------
2026-07-24 21:09:59 | INFO    | [過濾] 偵測到信號但建議無效，已跳過發送 Telegram 通知。
2026-07-24 21:11:08 | INFO    | [21:09:51] 價格: 44026.0 | 大結構趨勢 (5M): NONE
2026-07-24 21:11:08 | INFO    |        即時信號 : 無特殊信號
2026-07-24 21:11:08 | INFO    |        多頭 OB  : [44090.0 - 44306.0] | 空頭 OB  : [44195.0 - 44204.0]
2026-07-24 21:11:08 | INFO    |        多頭 FVG : [43983.0 - 44005.0] | 空頭 FVG : 無
2026-07-24 21:11:08 | INFO    | ----------------------------------------------------------------------
2026-07-24 21:12:23 | INFO    | [21:11:00] 價格: 44022.0 | 大結構趨勢 (5M): NONE
2026-07-24 21:12:23 | INFO    |        即時信號 : 無特殊信號
2026-07-24 21:12:23 | INFO    |        多頭 OB  : [44090.0 - 44306.0] | 空頭 OB  : [44195.0 - 44204.0]
2026-07-24 21:12:23 | INFO    |        多頭 FVG : 無 | 空頭 FVG : 無
2026-07-24 21:12:23 | INFO    | ----------------------------------------------------------------------
2026-07-24 21:13:27 | INFO    | [21:12:16] 價格: 44030.0 | 大結構趨勢 (5M): NONE
2026-07-24 21:13:27 | INFO    |        即時信號 : 無特殊信號
2026-07-24 21:13:27 | INFO    |        多頭 OB  : [44090.0 - 44306.0] | 空頭 OB  : [44195.0 - 44204.0]
2026-07-24 21:13:27 | INFO    |        多頭 FVG : 無 | 空頭 FVG : 無
2026-07-24 21:13:27 | INFO    | ----------------------------------------------------------------------
2026-07-24 21:14:36 | INFO    | [21:13:20] 價格: 44014.0 | 大結構趨勢 (5M): NONE
2026-07-24 21:14:36 | INFO    |        即時信號 : 無特殊信號
2026-07-24 21:14:36 | INFO    |        多頭 OB  : [44090.0 - 44306.0] | 空頭 OB  : [44195.0 - 44204.0]
2026-07-24 21:14:36 | INFO    |        多頭 FVG : 無 | 空頭 FVG : 無
2026-07-24 21:14:36 | INFO    | ----------------------------------------------------------------------
2026-07-24 21:15:37 | INFO    | [21:14:28] 價格: 44050.0 | 大結構趨勢 (5M): NONE
2026-07-24 21:15:37 | INFO    |        即時信號 : 無特殊信號
2026-07-24 21:15:37 | INFO    |        多頭 OB  : [44090.0 - 44306.0] | 空頭 OB  : [44195.0 - 44204.0]
2026-07-24 21:15:37 | INFO    |        多頭 FVG : 無 | 空頭 FVG : 無
2026-07-24 21:15:37 | INFO    | ----------------------------------------------------------------------
2026-07-24 21:16:38 | INFO    | [21:15:29] 價格: 44057.0 | 大結構趨勢 (5M): NONE
2026-07-24 21:16:38 | INFO    |        即時信號 : ★★ [結構轉換] MSS Bullish 確立！趨勢轉多
2026-07-24 21:16:38 | INFO    |        多頭 OB  : [44011.0 - 44030.0] | 空頭 OB  : [44195.0 - 44204.0]
2026-07-24 21:16:38 | INFO    |        多頭 FVG : [44030.0 - 44040.0] | 空頭 FVG : 無
2026-07-24 21:16:38 | INFO    | ----------------------------------------------------------------------
2026-07-24 21:16:38 | SIGNAL  | 訊號觸發，發送 Telegram 通知: ★★ [結構轉換] MSS Bullish 確立 (多頭訊號)！
2026-07-24 21:16:39 | INFO    | [Telegram] 訊息發送成功 | chat_id=-1004387856503
2026-07-24 21:17:38 | INFO    | [21:16:30] 價格: 44057.0 | 大結構趨勢 (5M): NONE
2026-07-24 21:17:38 | INFO    |        即時信號 : 無特殊信號
2026-07-24 21:17:38 | INFO    |        多頭 OB  : [44011.0 - 44030.0] | 空頭 OB  : [44195.0 - 44204.0]
2026-07-24 21:17:38 | INFO    |        多頭 FVG : 無 | 空頭 FVG : 無
2026-07-24 21:17:38 | INFO    | ----------------------------------------------------------------------
2026-07-24 21:18:50 | INFO    | [21:17:30] 價格: 44070.0 | 大結構趨勢 (5M): NONE
2026-07-24 21:18:50 | INFO    |        即時信號 : 無特殊信號
2026-07-24 21:18:50 | INFO    |        多頭 OB  : [44011.0 - 44030.0] | 空頭 OB  : [44195.0 - 44204.0]
2026-07-24 21:18:50 | INFO    |        多頭 FVG : 無 | 空頭 FVG : 無
2026-07-24 21:18:50 | INFO    | ----------------------------------------------------------------------
2026-07-24 21:19:53 | INFO    | [21:18:42] 價格: 44062.0 | 大結構趨勢 (5M): NONE
2026-07-24 21:19:53 | INFO    |        即時信號 : 無特殊信號
2026-07-24 21:19:53 | INFO    |        多頭 OB  : [44011.0 - 44030.0] | 空頭 OB  : [44195.0 - 44204.0]
2026-07-24 21:19:53 | INFO    |        多頭 FVG : 無 | 空頭 FVG : 無
2026-07-24 21:19:53 | INFO    | ----------------------------------------------------------------------
2026-07-24 21:20:53 | INFO    | [21:19:45] 價格: 44069.0 | 大結構趨勢 (5M): NONE
2026-07-24 21:20:53 | INFO    |        即時信號 : 無特殊信號
2026-07-24 21:20:53 | INFO    |        多頭 OB  : [44011.0 - 44030.0] | 空頭 OB  : [44195.0 - 44204.0]
2026-07-24 21:20:53 | INFO    |        多頭 FVG : 無 | 空頭 FVG : 無
2026-07-24 21:20:53 | INFO    | ----------------------------------------------------------------------
2026-07-24 21:22:03 | INFO    | [21:20:45] 價格: 44069.0 | 大結構趨勢 (5M): NONE
2026-07-24 21:22:03 | INFO    |        即時信號 : 無特殊信號
2026-07-24 21:22:03 | INFO    |        多頭 OB  : [44011.0 - 44030.0] | 空頭 OB  : [44195.0 - 44204.0]
2026-07-24 21:22:03 | INFO    |        多頭 FVG : 無 | 空頭 FVG : 無
2026-07-24 21:22:03 | INFO    | ----------------------------------------------------------------------
2026-07-24 21:23:07 | INFO    | [21:21:55] 價格: 44063.0 | 大結構趨勢 (5M): NONE
2026-07-24 21:23:07 | INFO    |        即時信號 : 無特殊信號
2026-07-24 21:23:07 | INFO    |        多頭 OB  : [44011.0 - 44030.0] | 空頭 OB  : [44195.0 - 44204.0]
2026-07-24 21:23:07 | INFO    |        多頭 FVG : 無 | 空頭 FVG : 無
2026-07-24 21:23:07 | INFO    | ----------------------------------------------------------------------
2026-07-24 21:24:07 | INFO    | [21:22:59] 價格: 44102.0 | 大結構趨勢 (5M): NONE
2026-07-24 21:24:07 | INFO    |        即時信號 : 無特殊信號
2026-07-24 21:24:07 | INFO    |        多頭 OB  : [44011.0 - 44030.0] | 空頭 OB  : [44195.0 - 44204.0]
2026-07-24 21:24:07 | INFO    |        多頭 FVG : 無 | 空頭 FVG : 無
2026-07-24 21:24:07 | INFO    | ----------------------------------------------------------------------
2026-07-24 21:25:07 | INFO    | [21:23:59] 價格: 44096.0 | 大結構趨勢 (5M): NONE
2026-07-24 21:25:07 | INFO    |        即時信號 : 無特殊信號
2026-07-24 21:25:07 | INFO    |        多頭 OB  : [44011.0 - 44030.0] | 空頭 OB  : [44195.0 - 44204.0]
2026-07-24 21:25:07 | INFO    |        多頭 FVG : [44067.0 - 44094.0] | 空頭 FVG : 無
2026-07-24 21:25:07 | INFO    | ----------------------------------------------------------------------
2026-07-24 21:26:09 | INFO    | [21:25:00] 價格: 44078.0 | 大結構趨勢 (5M): NONE
2026-07-24 21:26:09 | INFO    |        即時信號 : 無特殊信號
2026-07-24 21:26:09 | INFO    |        多頭 OB  : [44011.0 - 44030.0] | 空頭 OB  : [44195.0 - 44204.0]
2026-07-24 21:26:09 | INFO    |        多頭 FVG : 無 | 空頭 FVG : 無
2026-07-24 21:26:09 | INFO    | ----------------------------------------------------------------------
2026-07-24 21:27:10 | INFO    | [21:26:02] 價格: 44061.0 | 大結構趨勢 (5M): NONE
2026-07-24 21:27:10 | INFO    |        即時信號 : ★ [流動性掠奪] Sweep Low 形成！(買方防守)
2026-07-24 21:27:10 | INFO    |        多頭 OB  : [44052.0 - 44075.0] | 空頭 OB  : [44195.0 - 44204.0]
2026-07-24 21:27:10 | INFO    |        多頭 FVG : 無 | 空頭 FVG : [44075.0 - 44094.0]
2026-07-24 21:27:10 | INFO    | ----------------------------------------------------------------------
2026-07-24 21:27:10 | INFO    | [過濾] 偵測到信號但建議無效，已跳過發送 Telegram 通知。
2026-07-24 21:28:10 | INFO    | [21:27:02] 價格: 44000.0 | 大結構趨勢 (5M): NONE
2026-07-24 21:28:10 | INFO    |        即時信號 : ★ [流動性掠奪] Sweep High 形成！(賣方防守)
2026-07-24 21:28:10 | INFO    |        多頭 OB  : [44052.0 - 44075.0] | 空頭 OB  : [43990.0 - 44061.0]
2026-07-24 21:28:10 | INFO    |        多頭 FVG : 無 | 空頭 FVG : [44061.0 - 44078.0]
2026-07-24 21:28:10 | INFO    | ----------------------------------------------------------------------
2026-07-24 21:28:10 | SIGNAL  | 訊號觸發，發送 Telegram 通知: ★ [流動性掠奪] Sweep High 形成 (空頭訊號)！
2026-07-24 21:28:12 | INFO    | [Telegram] 訊息發送成功 | chat_id=-1004387856503
2026-07-24 21:29:10 | INFO    | [21:28:02] 價格: 43997.0 | 大結構趨勢 (5M): NONE
2026-07-24 21:29:10 | INFO    |        即時信號 : 無特殊信號
2026-07-24 21:29:10 | INFO    |        多頭 OB  : [44052.0 - 44075.0] | 空頭 OB  : [43990.0 - 44061.0]
2026-07-24 21:29:10 | INFO    |        多頭 FVG : 無 | 空頭 FVG : [44017.0 - 44052.0]
2026-07-24 21:29:10 | INFO    | ----------------------------------------------------------------------
2026-07-24 21:30:11 | INFO    | [21:29:02] 價格: 43969.0 | 大結構趨勢 (5M): NONE
2026-07-24 21:30:11 | INFO    |        即時信號 : 無特殊信號
2026-07-24 21:30:11 | INFO    |        多頭 OB  : [44052.0 - 44075.0] | 空頭 OB  : [43990.0 - 44061.0]
2026-07-24 21:30:11 | INFO    |        多頭 FVG : 無 | 空頭 FVG : 無
2026-07-24 21:30:11 | INFO    | ----------------------------------------------------------------------
2026-07-24 21:31:12 | INFO    | [21:30:03] 價格: 43972.0 | 大結構趨勢 (5M): NONE
2026-07-24 21:31:12 | INFO    |        即時信號 : 無特殊信號
2026-07-24 21:31:12 | INFO    |        多頭 OB  : [44052.0 - 44075.0] | 空頭 OB  : [43990.0 - 44061.0]
2026-07-24 21:31:12 | INFO    |        多頭 FVG : 無 | 空頭 FVG : 無
2026-07-24 21:31:12 | INFO    | ----------------------------------------------------------------------
2026-07-24 21:32:14 | INFO    | [21:31:04] 價格: 43995.0 | 大結構趨勢 (5M): NONE
2026-07-24 21:32:14 | INFO    |        即時信號 : 無特殊信號
2026-07-24 21:32:14 | INFO    |        多頭 OB  : [44052.0 - 44075.0] | 空頭 OB  : [43990.0 - 44061.0]
2026-07-24 21:32:14 | INFO    |        多頭 FVG : 無 | 空頭 FVG : 無
2026-07-24 21:32:14 | INFO    | ----------------------------------------------------------------------
2026-07-24 21:33:15 | INFO    | [21:32:06] 價格: 43984.0 | 大結構趨勢 (5M): NONE
2026-07-24 21:33:15 | INFO    |        即時信號 : 無特殊信號
2026-07-24 21:33:15 | INFO    |        多頭 OB  : [44052.0 - 44075.0] | 空頭 OB  : [43990.0 - 44061.0]
2026-07-24 21:33:15 | INFO    |        多頭 FVG : 無 | 空頭 FVG : 無
2026-07-24 21:33:15 | INFO    | ----------------------------------------------------------------------
2026-07-24 21:34:18 | INFO    | [21:33:07] 價格: 43940.0 | 大結構趨勢 (5M): NONE
2026-07-24 21:34:18 | INFO    |        即時信號 : 無特殊信號
2026-07-24 21:34:18 | INFO    |        多頭 OB  : [44052.0 - 44075.0] | 空頭 OB  : [43990.0 - 44061.0]
2026-07-24 21:34:18 | INFO    |        多頭 FVG : 無 | 空頭 FVG : 無
2026-07-24 21:34:18 | INFO    | ----------------------------------------------------------------------
2026-07-24 21:35:18 | INFO    | [21:34:10] 價格: 44027.0 | 大結構趨勢 (5M): NONE
2026-07-24 21:35:18 | INFO    |        即時信號 : 無特殊信號
2026-07-24 21:35:18 | INFO    |        多頭 OB  : [44052.0 - 44075.0] | 空頭 OB  : [43990.0 - 44061.0]
2026-07-24 21:35:18 | INFO    |        多頭 FVG : 無 | 空頭 FVG : 無
2026-07-24 21:35:18 | INFO    | ----------------------------------------------------------------------
2026-07-24 21:36:19 | INFO    | [21:35:11] 價格: 43903.0 | 大結構趨勢 (5M): NONE
2026-07-24 21:36:19 | INFO    |        即時信號 : 無特殊信號
2026-07-24 21:36:19 | INFO    |        多頭 OB  : [44052.0 - 44075.0] | 空頭 OB  : [43990.0 - 44061.0]
2026-07-24 21:36:19 | INFO    |        多頭 FVG : 無 | 空頭 FVG : 無
2026-07-24 21:36:19 | INFO    | ----------------------------------------------------------------------
2026-07-24 21:37:19 | INFO    | [21:36:11] 價格: 43888.0 | 大結構趨勢 (5M): NONE
2026-07-24 21:37:19 | INFO    |        即時信號 : 無特殊信號
2026-07-24 21:37:19 | INFO    |        多頭 OB  : [44052.0 - 44075.0] | 空頭 OB  : [43990.0 - 44061.0]
2026-07-24 21:37:19 | INFO    |        多頭 FVG : 無 | 空頭 FVG : [43909.0 - 43950.0]
2026-07-24 21:37:19 | INFO    | ----------------------------------------------------------------------
2026-07-24 21:38:19 | INFO    | [21:37:11] 價格: 43913.0 | 大結構趨勢 (5M): NONE
2026-07-24 21:38:19 | INFO    |        即時信號 : 無特殊信號
2026-07-24 21:38:19 | INFO    |        多頭 OB  : [44052.0 - 44075.0] | 空頭 OB  : [43990.0 - 44061.0]
2026-07-24 21:38:19 | INFO    |        多頭 FVG : 無 | 空頭 FVG : 無
2026-07-24 21:38:19 | INFO    | ----------------------------------------------------------------------
2026-07-24 21:39:20 | INFO    | [21:38:11] 價格: 43888.0 | 大結構趨勢 (5M): NONE
2026-07-24 21:39:20 | INFO    |        即時信號 : 無特殊信號
2026-07-24 21:39:20 | INFO    |        多頭 OB  : [44052.0 - 44075.0] | 空頭 OB  : [43990.0 - 44061.0]
2026-07-24 21:39:20 | INFO    |        多頭 FVG : 無 | 空頭 FVG : 無
2026-07-24 21:39:20 | INFO    | ----------------------------------------------------------------------
2026-07-24 21:40:21 | INFO    | [21:39:12] 價格: 43865.0 | 大結構趨勢 (5M): NONE
2026-07-24 21:40:21 | INFO    |        即時信號 : 無特殊信號
2026-07-24 21:40:21 | INFO    |        多頭 OB  : [44052.0 - 44075.0] | 空頭 OB  : [43990.0 - 44061.0]
2026-07-24 21:40:21 | INFO    |        多頭 FVG : 無 | 空頭 FVG : 無
2026-07-24 21:40:21 | INFO    | ----------------------------------------------------------------------
2026-07-24 21:41:21 | INFO    | [21:40:13] 價格: 43820.0 | 大結構趨勢 (5M): NONE
2026-07-24 21:41:21 | INFO    |        即時信號 : 無特殊信號
2026-07-24 21:41:21 | INFO    |        多頭 OB  : [44052.0 - 44075.0] | 空頭 OB  : [43990.0 - 44061.0]
2026-07-24 21:41:21 | INFO    |        多頭 FVG : 無 | 空頭 FVG : 無
2026-07-24 21:41:21 | INFO    | ----------------------------------------------------------------------
2026-07-24 21:42:21 | INFO    | [21:41:13] 價格: 43794.0 | 大結構趨勢 (5M): NONE
2026-07-24 21:42:21 | INFO    |        即時信號 : 無特殊信號
2026-07-24 21:42:21 | INFO    |        多頭 OB  : [44052.0 - 44075.0] | 空頭 OB  : [43990.0 - 44061.0]
2026-07-24 21:42:21 | INFO    |        多頭 FVG : 無 | 空頭 FVG : [43833.0 - 43865.0]
2026-07-24 21:42:21 | INFO    | ----------------------------------------------------------------------
2026-07-24 21:43:22 | INFO    | [21:42:14] 價格: 43789.0 | 大結構趨勢 (5M): NONE
2026-07-24 21:43:22 | INFO    |        即時信號 : 無特殊信號
2026-07-24 21:43:22 | INFO    |        多頭 OB  : [44052.0 - 44075.0] | 空頭 OB  : [43990.0 - 44061.0]
2026-07-24 21:43:22 | INFO    |        多頭 FVG : 無 | 空頭 FVG : [43803.0 - 43808.0]
2026-07-24 21:43:22 | INFO    | ----------------------------------------------------------------------
2026-07-24 21:44:23 | INFO    | [21:43:14] 價格: 43851.0 | 大結構趨勢 (5M): NONE
2026-07-24 21:44:23 | INFO    |        即時信號 : 無特殊信號
2026-07-24 21:44:23 | INFO    |        多頭 OB  : [44052.0 - 44075.0] | 空頭 OB  : [43990.0 - 44061.0]
2026-07-24 21:44:23 | INFO    |        多頭 FVG : 無 | 空頭 FVG : 無
2026-07-24 21:44:23 | INFO    | ----------------------------------------------------------------------
2026-07-24 21:45:23 | INFO    | [21:44:15] 價格: 43865.0 | 大結構趨勢 (5M): NONE
2026-07-24 21:45:23 | INFO    |        即時信號 : 無特殊信號
2026-07-24 21:45:23 | INFO    |        多頭 OB  : [44052.0 - 44075.0] | 空頭 OB  : [43990.0 - 44061.0]
2026-07-24 21:45:23 | INFO    |        多頭 FVG : [43803.0 - 43822.0] | 空頭 FVG : 無
2026-07-24 21:45:23 | INFO    | ----------------------------------------------------------------------
2026-07-24 21:46:23 | INFO    | [21:45:15] 價格: 43789.0 | 大結構趨勢 (5M): NONE
2026-07-24 21:46:23 | INFO    |        即時信號 : 無特殊信號
2026-07-24 21:46:23 | INFO    |        多頭 OB  : [44052.0 - 44075.0] | 空頭 OB  : [43990.0 - 44061.0]
2026-07-24 21:46:23 | INFO    |        多頭 FVG : 無 | 空頭 FVG : 無
2026-07-24 21:46:23 | INFO    | ----------------------------------------------------------------------
2026-07-24 21:47:23 | INFO    | [21:46:15] 價格: 43824.0 | 大結構趨勢 (5M): NONE
2026-07-24 21:47:23 | INFO    |        即時信號 : 無特殊信號
2026-07-24 21:47:23 | INFO    |        多頭 OB  : [44052.0 - 44075.0] | 空頭 OB  : [43990.0 - 44061.0]
2026-07-24 21:47:23 | INFO    |        多頭 FVG : 無 | 空頭 FVG : 無
2026-07-24 21:47:23 | INFO    | ----------------------------------------------------------------------
2026-07-24 21:48:26 | INFO    | [21:47:16] 價格: 43794.0 | 大結構趨勢 (5M): NONE
2026-07-24 21:48:26 | INFO    |        即時信號 : 無特殊信號
2026-07-24 21:48:26 | INFO    |        多頭 OB  : [44052.0 - 44075.0] | 空頭 OB  : [43990.0 - 44061.0]
2026-07-24 21:48:26 | INFO    |        多頭 FVG : 無 | 空頭 FVG : 無
2026-07-24 21:48:26 | INFO    | ----------------------------------------------------------------------
2026-07-24 21:49:27 | INFO    | [21:48:18] 價格: 43823.0 | 大結構趨勢 (5M): NONE
2026-07-24 21:49:27 | INFO    |        即時信號 : 無特殊信號
2026-07-24 21:49:27 | INFO    |        多頭 OB  : [44052.0 - 44075.0] | 空頭 OB  : [43990.0 - 44061.0]
2026-07-24 21:49:27 | INFO    |        多頭 FVG : 無 | 空頭 FVG : 無
2026-07-24 21:49:27 | INFO    | ----------------------------------------------------------------------
2026-07-24 21:50:28 | INFO    | [21:49:19] 價格: 43788.0 | 大結構趨勢 (5M): NONE
2026-07-24 21:50:28 | INFO    |        即時信號 : 無特殊信號
2026-07-24 21:50:28 | INFO    |        多頭 OB  : [44052.0 - 44075.0] | 空頭 OB  : [43990.0 - 44061.0]
2026-07-24 21:50:28 | INFO    |        多頭 FVG : 無 | 空頭 FVG : 無
2026-07-24 21:50:28 | INFO    | ----------------------------------------------------------------------
2026-07-24 21:51:28 | INFO    | [21:50:20] 價格: 43714.0 | 大結構趨勢 (5M): NONE
2026-07-24 21:51:28 | INFO    |        即時信號 : 無特殊信號
2026-07-24 21:51:28 | INFO    |        多頭 OB  : [44052.0 - 44075.0] | 空頭 OB  : [43990.0 - 44061.0]
2026-07-24 21:51:28 | INFO    |        多頭 FVG : 無 | 空頭 FVG : [43786.0 - 43790.0]
2026-07-24 21:51:28 | INFO    | ----------------------------------------------------------------------
2026-07-24 21:52:29 | INFO    | [21:51:20] 價格: 43681.0 | 大結構趨勢 (5M): NONE
2026-07-24 21:52:29 | INFO    |        即時信號 : 無特殊信號
2026-07-24 21:52:29 | INFO    |        多頭 OB  : [44052.0 - 44075.0] | 空頭 OB  : [43990.0 - 44061.0]
2026-07-24 21:52:29 | INFO    |        多頭 FVG : 無 | 空頭 FVG : [43734.0 - 43781.0]
2026-07-24 21:52:29 | INFO    | ----------------------------------------------------------------------
2026-07-24 21:53:29 | INFO    | [21:52:21] 價格: 43572.0 | 大結構趨勢 (5M): NONE
2026-07-24 21:53:29 | INFO    |        即時信號 : 無特殊信號
2026-07-24 21:53:29 | INFO    |        多頭 OB  : [44052.0 - 44075.0] | 空頭 OB  : [43990.0 - 44061.0]
2026-07-24 21:53:29 | INFO    |        多頭 FVG : 無 | 空頭 FVG : [43686.0 - 43712.0]
2026-07-24 21:53:29 | INFO    | ----------------------------------------------------------------------
2026-07-24 21:54:29 | INFO    | [21:53:21] 價格: 43592.0 | 大結構趨勢 (5M): NONE
2026-07-24 21:54:29 | INFO    |        即時信號 : 無特殊信號
2026-07-24 21:54:29 | INFO    |        多頭 OB  : [44052.0 - 44075.0] | 空頭 OB  : [43990.0 - 44061.0]
2026-07-24 21:54:29 | INFO    |        多頭 FVG : 無 | 空頭 FVG : [43603.0 - 43681.0]
2026-07-24 21:54:29 | INFO    | ----------------------------------------------------------------------
2026-07-24 21:55:29 | INFO    | [21:54:21] 價格: 43563.0 | 大結構趨勢 (5M): NONE
2026-07-24 21:55:29 | INFO    |        即時信號 : 無特殊信號
2026-07-24 21:55:29 | INFO    |        多頭 OB  : [44052.0 - 44075.0] | 空頭 OB  : [43990.0 - 44061.0]
2026-07-24 21:55:29 | INFO    |        多頭 FVG : 無 | 空頭 FVG : 無
2026-07-24 21:55:29 | INFO    | ----------------------------------------------------------------------
2026-07-24 21:56:30 | INFO    | [21:55:22] 價格: 43583.0 | 大結構趨勢 (5M): NONE
2026-07-24 21:56:30 | INFO    |        即時信號 : 無特殊信號
2026-07-24 21:56:30 | INFO    |        多頭 OB  : [44052.0 - 44075.0] | 空頭 OB  : [43990.0 - 44061.0]
2026-07-24 21:56:30 | INFO    |        多頭 FVG : 無 | 空頭 FVG : 無
2026-07-24 21:56:30 | INFO    | ----------------------------------------------------------------------
2026-07-24 21:57:30 | INFO    | [21:56:22] 價格: 43555.0 | 大結構趨勢 (5M): NONE
2026-07-24 21:57:30 | INFO    |        即時信號 : 無特殊信號
2026-07-24 21:57:30 | INFO    |        多頭 OB  : [44052.0 - 44075.0] | 空頭 OB  : [43990.0 - 44061.0]
2026-07-24 21:57:30 | INFO    |        多頭 FVG : 無 | 空頭 FVG : 無
2026-07-24 21:57:30 | INFO    | ----------------------------------------------------------------------
2026-07-24 21:58:30 | INFO    | [21:57:22] 價格: 43590.0 | 大結構趨勢 (5M): NONE
2026-07-24 21:58:30 | INFO    |        即時信號 : 無特殊信號
2026-07-24 21:58:30 | INFO    |        多頭 OB  : [44052.0 - 44075.0] | 空頭 OB  : [43990.0 - 44061.0]
2026-07-24 21:58:30 | INFO    |        多頭 FVG : 無 | 空頭 FVG : 無
2026-07-24 21:58:30 | INFO    | ----------------------------------------------------------------------
2026-07-24 21:59:31 | INFO    | [21:58:22] 價格: 43580.0 | 大結構趨勢 (5M): NONE
2026-07-24 21:59:31 | INFO    |        即時信號 : 無特殊信號
2026-07-24 21:59:31 | INFO    |        多頭 OB  : [44052.0 - 44075.0] | 空頭 OB  : [43990.0 - 44061.0]
2026-07-24 21:59:31 | INFO    |        多頭 FVG : 無 | 空頭 FVG : 無
2026-07-24 21:59:31 | INFO    | ----------------------------------------------------------------------
2026-07-24 22:00:31 | INFO    | [21:59:23] 價格: 43556.0 | 大結構趨勢 (5M): NONE
2026-07-24 22:00:31 | INFO    |        即時信號 : 無特殊信號
2026-07-24 22:00:31 | INFO    |        多頭 OB  : [44052.0 - 44075.0] | 空頭 OB  : [43990.0 - 44061.0]
2026-07-24 22:00:31 | INFO    |        多頭 FVG : 無 | 空頭 FVG : 無
2026-07-24 22:00:31 | INFO    | ----------------------------------------------------------------------
2026-07-24 22:01:32 | INFO    | [22:00:23] 價格: 43599.0 | 大結構趨勢 (5M): NONE
2026-07-24 22:01:32 | INFO    |        即時信號 : 無特殊信號
2026-07-24 22:01:32 | INFO    |        多頭 OB  : [44052.0 - 44075.0] | 空頭 OB  : [43990.0 - 44061.0]
2026-07-24 22:01:32 | INFO    |        多頭 FVG : 無 | 空頭 FVG : 無
2026-07-24 22:01:32 | INFO    | ----------------------------------------------------------------------
2026-07-24 22:02:33 | INFO    | [22:01:24] 價格: 43601.0 | 大結構趨勢 (5M): NONE
2026-07-24 22:02:33 | INFO    |        即時信號 : 無特殊信號
2026-07-24 22:02:33 | INFO    |        多頭 OB  : [44052.0 - 44075.0] | 空頭 OB  : [43990.0 - 44061.0]
2026-07-24 22:02:33 | INFO    |        多頭 FVG : 無 | 空頭 FVG : 無
2026-07-24 22:02:33 | INFO    | ----------------------------------------------------------------------
2026-07-24 22:03:34 | INFO    | [22:02:25] 價格: 43532.0 | 大結構趨勢 (5M): NONE
2026-07-24 22:03:34 | INFO    |        即時信號 : 無特殊信號
2026-07-24 22:03:34 | INFO    |        多頭 OB  : [44052.0 - 44075.0] | 空頭 OB  : [43990.0 - 44061.0]
2026-07-24 22:03:34 | INFO    |        多頭 FVG : 無 | 空頭 FVG : 無
2026-07-24 22:03:34 | INFO    | ----------------------------------------------------------------------
2026-07-24 22:04:34 | INFO    | [22:03:26] 價格: 43558.0 | 大結構趨勢 (5M): NONE
2026-07-24 22:04:34 | INFO    |        即時信號 : 無特殊信號
2026-07-24 22:04:34 | INFO    |        多頭 OB  : [44052.0 - 44075.0] | 空頭 OB  : [43990.0 - 44061.0]
2026-07-24 22:04:34 | INFO    |        多頭 FVG : 無 | 空頭 FVG : 無
2026-07-24 22:04:34 | INFO    | ----------------------------------------------------------------------
2026-07-24 22:05:34 | INFO    | [22:04:26] 價格: 43611.0 | 大結構趨勢 (5M): NONE
2026-07-24 22:05:34 | INFO    |        即時信號 : 無特殊信號
2026-07-24 22:05:34 | INFO    |        多頭 OB  : [44052.0 - 44075.0] | 空頭 OB  : [43990.0 - 44061.0]
2026-07-24 22:05:34 | INFO    |        多頭 FVG : 無 | 空頭 FVG : 無
2026-07-24 22:05:34 | INFO    | ----------------------------------------------------------------------
2026-07-24 22:06:36 | INFO    | [22:05:26] 價格: 43600.0 | 大結構趨勢 (5M): NONE
2026-07-24 22:06:36 | INFO    |        即時信號 : 無特殊信號
2026-07-24 22:06:36 | INFO    |        多頭 OB  : [44052.0 - 44075.0] | 空頭 OB  : [43990.0 - 44061.0]
2026-07-24 22:06:36 | INFO    |        多頭 FVG : 無 | 空頭 FVG : 無
2026-07-24 22:06:36 | INFO    | ----------------------------------------------------------------------
2026-07-24 22:07:36 | INFO    | [22:06:28] 價格: 43591.0 | 大結構趨勢 (5M): NONE
2026-07-24 22:07:36 | INFO    |        即時信號 : 無特殊信號
2026-07-24 22:07:36 | INFO    |        多頭 OB  : [44052.0 - 44075.0] | 空頭 OB  : [43990.0 - 44061.0]
2026-07-24 22:07:36 | INFO    |        多頭 FVG : 無 | 空頭 FVG : 無
2026-07-24 22:07:36 | INFO    | ----------------------------------------------------------------------
2026-07-24 22:08:37 | INFO    | [22:07:28] 價格: 43636.0 | 大結構趨勢 (5M): NONE
2026-07-24 22:08:37 | INFO    |        即時信號 : 無特殊信號
2026-07-24 22:08:37 | INFO    |        多頭 OB  : [44052.0 - 44075.0] | 空頭 OB  : [43990.0 - 44061.0]
2026-07-24 22:08:37 | INFO    |        多頭 FVG : 無 | 空頭 FVG : 無
2026-07-24 22:08:37 | INFO    | ----------------------------------------------------------------------
2026-07-24 22:09:37 | INFO    | [22:08:29] 價格: 43658.0 | 大結構趨勢 (5M): NONE
2026-07-24 22:09:37 | INFO    |        即時信號 : 無特殊信號
2026-07-24 22:09:37 | INFO    |        多頭 OB  : [44052.0 - 44075.0] | 空頭 OB  : [43990.0 - 44061.0]
2026-07-24 22:09:37 | INFO    |        多頭 FVG : [43591.0 - 43619.0] | 空頭 FVG : 無
2026-07-24 22:09:37 | INFO    | ----------------------------------------------------------------------
2026-07-24 22:10:37 | INFO    | [22:09:29] 價格: 43681.0 | 大結構趨勢 (5M): NONE
2026-07-24 22:10:37 | INFO    |        即時信號 : 無特殊信號
2026-07-24 22:10:37 | INFO    |        多頭 OB  : [44052.0 - 44075.0] | 空頭 OB  : [43990.0 - 44061.0]
2026-07-24 22:10:37 | INFO    |        多頭 FVG : [43647.0 - 43657.0] | 空頭 FVG : 無
2026-07-24 22:10:37 | INFO    | ----------------------------------------------------------------------
2026-07-24 22:11:38 | INFO    | [22:10:29] 價格: 43719.0 | 大結構趨勢 (5M): NONE
2026-07-24 22:11:38 | INFO    |        即時信號 : 無特殊信號
2026-07-24 22:11:38 | INFO    |        多頭 OB  : [44052.0 - 44075.0] | 空頭 OB  : [43990.0 - 44061.0]
2026-07-24 22:11:38 | INFO    |        多頭 FVG : 無 | 空頭 FVG : 無
2026-07-24 22:11:38 | INFO    | ----------------------------------------------------------------------
2026-07-24 22:12:38 | INFO    | [22:11:30] 價格: 43720.0 | 大結構趨勢 (5M): NONE
2026-07-24 22:12:38 | INFO    |        即時信號 : 無特殊信號
2026-07-24 22:12:38 | INFO    |        多頭 OB  : [44052.0 - 44075.0] | 空頭 OB  : [43990.0 - 44061.0]
2026-07-24 22:12:38 | INFO    |        多頭 FVG : [43696.0 - 43698.0] | 空頭 FVG : 無
2026-07-24 22:12:38 | INFO    | ----------------------------------------------------------------------
2026-07-24 22:13:38 | INFO    | [22:12:30] 價格: 43709.0 | 大結構趨勢 (5M): NONE
2026-07-24 22:13:38 | INFO    |        即時信號 : 無特殊信號
2026-07-24 22:13:38 | INFO    |        多頭 OB  : [44052.0 - 44075.0] | 空頭 OB  : [43990.0 - 44061.0]
2026-07-24 22:13:38 | INFO    |        多頭 FVG : 無 | 空頭 FVG : 無
2026-07-24 22:13:38 | INFO    | ----------------------------------------------------------------------
2026-07-24 22:14:41 | INFO    | [22:13:30] 價格: 43738.0 | 大結構趨勢 (5M): NONE
2026-07-24 22:14:41 | INFO    |        即時信號 : 無特殊信號
2026-07-24 22:14:41 | INFO    |        多頭 OB  : [44052.0 - 44075.0] | 空頭 OB  : [43990.0 - 44061.0]
2026-07-24 22:14:41 | INFO    |        多頭 FVG : 無 | 空頭 FVG : 無
2026-07-24 22:14:41 | INFO    | ----------------------------------------------------------------------
2026-07-24 22:15:41 | INFO    | [22:14:33] 價格: 43673.0 | 大結構趨勢 (5M): NONE
2026-07-24 22:15:41 | INFO    |        即時信號 : 無特殊信號
2026-07-24 22:15:41 | INFO    |        多頭 OB  : [44052.0 - 44075.0] | 空頭 OB  : [43990.0 - 44061.0]
2026-07-24 22:15:41 | INFO    |        多頭 FVG : 無 | 空頭 FVG : 無
2026-07-24 22:15:41 | INFO    | ----------------------------------------------------------------------
2026-07-24 22:16:42 | INFO    | [22:15:33] 價格: 43608.0 | 大結構趨勢 (5M): NONE
2026-07-24 22:16:42 | INFO    |        即時信號 : ★ [流動性掠奪] Sweep High 形成！(賣方防守)
2026-07-24 22:16:42 | INFO    |        多頭 OB  : [44052.0 - 44075.0] | 空頭 OB  : [43990.0 - 44061.0]
2026-07-24 22:16:42 | INFO    |        多頭 FVG : 無 | 空頭 FVG : [43673.0 - 43703.0]
2026-07-24 22:16:42 | INFO    | ----------------------------------------------------------------------
2026-07-24 22:16:42 | INFO    | [過濾] 偵測到信號但建議無效，已跳過發送 Telegram 通知。
2026-07-24 22:17:42 | INFO    | [22:16:34] 價格: 43534.0 | 大結構趨勢 (5M): NONE
2026-07-24 22:17:42 | INFO    |        即時信號 : 無特殊信號
2026-07-24 22:17:42 | INFO    |        多頭 OB  : [44052.0 - 44075.0] | 空頭 OB  : [43990.0 - 44061.0]
2026-07-24 22:17:42 | INFO    |        多頭 FVG : 無 | 空頭 FVG : [43616.0 - 43662.0]
2026-07-24 22:17:42 | INFO    | ----------------------------------------------------------------------
2026-07-24 22:18:42 | INFO    | [22:17:34] 價格: 43527.0 | 大結構趨勢 (5M): NONE
2026-07-24 22:18:42 | INFO    |        即時信號 : 無特殊信號
2026-07-24 22:18:42 | INFO    |        多頭 OB  : [44052.0 - 44075.0] | 空頭 OB  : [43990.0 - 44061.0]
2026-07-24 22:18:42 | INFO    |        多頭 FVG : 無 | 空頭 FVG : [43563.0 - 43587.0]
2026-07-24 22:18:42 | INFO    | ----------------------------------------------------------------------
2026-07-24 22:19:43 | INFO    | [22:18:34] 價格: 43491.0 | 大結構趨勢 (5M): NONE
2026-07-24 22:19:43 | INFO    |        即時信號 : ★★ [結構轉換] MSS Bearish 確立！趨勢轉空
2026-07-24 22:19:43 | INFO    |        多頭 OB  : [44052.0 - 44075.0] | 空頭 OB  : [43587.0 - 43673.0]
2026-07-24 22:19:43 | INFO    |        多頭 FVG : 無 | 空頭 FVG : [43522.0 - 43530.0]
2026-07-24 22:19:43 | INFO    | ----------------------------------------------------------------------
2026-07-24 22:19:43 | INFO    | [過濾] 偵測到信號但建議無效，已跳過發送 Telegram 通知。
2026-07-24 22:20:44 | INFO    | [22:19:35] 價格: 43470.0 | 大結構趨勢 (5M): NONE
2026-07-24 22:20:44 | INFO    |        即時信號 : 無特殊信號
2026-07-24 22:20:44 | INFO    |        多頭 OB  : [44052.0 - 44075.0] | 空頭 OB  : [43587.0 - 43673.0]
2026-07-24 22:20:44 | INFO    |        多頭 FVG : 無 | 空頭 FVG : [43517.0 - 43520.0]
2026-07-24 22:20:44 | INFO    | ----------------------------------------------------------------------
2026-07-24 22:21:44 | INFO    | [22:20:36] 價格: 43550.0 | 大結構趨勢 (5M): NONE
2026-07-24 22:21:44 | INFO    |        即時信號 : ★ [流動性掠奪] Sweep Low 形成！(買方防守)
2026-07-24 22:21:44 | INFO    |        多頭 OB  : [44052.0 - 44075.0] | 空頭 OB  : [43587.0 - 43673.0]
2026-07-24 22:21:44 | INFO    |        多頭 FVG : 無 | 空頭 FVG : 無
2026-07-24 22:21:44 | INFO    | ----------------------------------------------------------------------
2026-07-24 22:21:44 | INFO    | [過濾] 偵測到信號但建議無效，已跳過發送 Telegram 通知。
2026-07-24 22:22:45 | INFO    | [22:21:36] 價格: 43574.0 | 大結構趨勢 (5M): NONE
2026-07-24 22:22:45 | INFO    |        即時信號 : 無特殊信號
2026-07-24 22:22:45 | INFO    |        多頭 OB  : [44052.0 - 44075.0] | 空頭 OB  : [43587.0 - 43673.0]
2026-07-24 22:22:45 | INFO    |        多頭 FVG : [43517.0 - 43553.0] | 空頭 FVG : 無
2026-07-24 22:22:45 | INFO    | ----------------------------------------------------------------------
2026-07-24 22:23:45 | INFO    | [22:22:37] 價格: 43637.0 | 大結構趨勢 (5M): NONE
2026-07-24 22:23:45 | INFO    |        即時信號 : 無特殊信號
2026-07-24 22:23:45 | INFO    |        多頭 OB  : [44052.0 - 44075.0] | 空頭 OB  : [43587.0 - 43673.0]
2026-07-24 22:23:45 | INFO    |        多頭 FVG : [43553.0 - 43576.0] | 空頭 FVG : 無
2026-07-24 22:23:45 | INFO    | ----------------------------------------------------------------------
2026-07-24 22:24:46 | INFO    | [22:23:37] 價格: 43605.0 | 大結構趨勢 (5M): NONE
2026-07-24 22:24:46 | INFO    |        即時信號 : 無特殊信號
2026-07-24 22:24:46 | INFO    |        多頭 OB  : [44052.0 - 44075.0] | 空頭 OB  : [43587.0 - 43673.0]
2026-07-24 22:24:46 | INFO    |        多頭 FVG : 無 | 空頭 FVG : 無
2026-07-24 22:24:46 | INFO    | ----------------------------------------------------------------------
2026-07-24 22:25:49 | INFO    | [22:24:38] 價格: 43607.0 | 大結構趨勢 (5M): NONE
2026-07-24 22:25:49 | INFO    |        即時信號 : 無特殊信號
2026-07-24 22:25:49 | INFO    |        多頭 OB  : [44052.0 - 44075.0] | 空頭 OB  : [43587.0 - 43673.0]
2026-07-24 22:25:49 | INFO    |        多頭 FVG : 無 | 空頭 FVG : 無
2026-07-24 22:25:49 | INFO    | ----------------------------------------------------------------------
2026-07-24 22:26:51 | INFO    | [22:25:41] 價格: 43574.0 | 大結構趨勢 (5M): NONE
2026-07-24 22:26:51 | INFO    |        即時信號 : 無特殊信號
2026-07-24 22:26:51 | INFO    |        多頭 OB  : [44052.0 - 44075.0] | 空頭 OB  : [43587.0 - 43673.0]
2026-07-24 22:26:51 | INFO    |        多頭 FVG : 無 | 空頭 FVG : 無
2026-07-24 22:26:51 | INFO    | ----------------------------------------------------------------------
2026-07-24 22:27:51 | INFO    | [22:26:43] 價格: 43585.0 | 大結構趨勢 (5M): NONE
2026-07-24 22:27:51 | INFO    |        即時信號 : 無特殊信號
2026-07-24 22:27:51 | INFO    |        多頭 OB  : [44052.0 - 44075.0] | 空頭 OB  : [43587.0 - 43673.0]
2026-07-24 22:27:51 | INFO    |        多頭 FVG : 無 | 空頭 FVG : 無
2026-07-24 22:27:51 | INFO    | ----------------------------------------------------------------------
2026-07-24 22:28:52 | INFO    | [22:27:43] 價格: 43606.0 | 大結構趨勢 (5M): NONE
2026-07-24 22:28:52 | INFO    |        即時信號 : 無特殊信號
2026-07-24 22:28:52 | INFO    |        多頭 OB  : [44052.0 - 44075.0] | 空頭 OB  : [43587.0 - 43673.0]
2026-07-24 22:28:52 | INFO    |        多頭 FVG : 無 | 空頭 FVG : 無
2026-07-24 22:28:52 | INFO    | ----------------------------------------------------------------------
2026-07-24 22:29:53 | INFO    | [22:28:44] 價格: 43636.0 | 大結構趨勢 (5M): NONE
2026-07-24 22:29:53 | INFO    |        即時信號 : 無特殊信號
2026-07-24 22:29:53 | INFO    |        多頭 OB  : [44052.0 - 44075.0] | 空頭 OB  : [43587.0 - 43673.0]
2026-07-24 22:29:53 | INFO    |        多頭 FVG : 無 | 空頭 FVG : 無
2026-07-24 22:29:53 | INFO    | ----------------------------------------------------------------------
2026-07-24 22:30:53 | INFO    | [22:29:45] 價格: 43566.0 | 大結構趨勢 (5M): NONE
2026-07-24 22:30:53 | INFO    |        即時信號 : 無特殊信號
2026-07-24 22:30:53 | INFO    |        多頭 OB  : [44052.0 - 44075.0] | 空頭 OB  : [43587.0 - 43673.0]
2026-07-24 22:30:53 | INFO    |        多頭 FVG : 無 | 空頭 FVG : 無
2026-07-24 22:30:53 | INFO    | ----------------------------------------------------------------------
2026-07-24 22:31:54 | INFO    | [22:30:45] 價格: 43569.0 | 大結構趨勢 (5M): NONE
2026-07-24 22:31:54 | INFO    |        即時信號 : 無特殊信號
2026-07-24 22:31:54 | INFO    |        多頭 OB  : [44052.0 - 44075.0] | 空頭 OB  : [43587.0 - 43673.0]
2026-07-24 22:31:54 | INFO    |        多頭 FVG : 無 | 空頭 FVG : [43591.0 - 43610.0]
2026-07-24 22:31:54 | INFO    | ----------------------------------------------------------------------
2026-07-24 22:32:55 | INFO    | [22:31:46] 價格: 43540.0 | 大結構趨勢 (5M): NONE
2026-07-24 22:32:55 | INFO    |        即時信號 : 無特殊信號
2026-07-24 22:32:55 | INFO    |        多頭 OB  : [44052.0 - 44075.0] | 空頭 OB  : [43587.0 - 43673.0]
2026-07-24 22:32:55 | INFO    |        多頭 FVG : 無 | 空頭 FVG : 無
2026-07-24 22:32:55 | INFO    | ----------------------------------------------------------------------
2026-07-24 22:33:57 | INFO    | [22:32:47] 價格: 43536.0 | 大結構趨勢 (5M): NONE
2026-07-24 22:33:57 | INFO    |        即時信號 : 無特殊信號
2026-07-24 22:33:57 | INFO    |        多頭 OB  : [44052.0 - 44075.0] | 空頭 OB  : [43587.0 - 43673.0]
2026-07-24 22:33:57 | INFO    |        多頭 FVG : 無 | 空頭 FVG : 無
2026-07-24 22:33:57 | INFO    | ----------------------------------------------------------------------
2026-07-24 22:34:59 | INFO    | [22:33:49] 價格: 43514.0 | 大結構趨勢 (5M): NONE
2026-07-24 22:34:59 | INFO    |        即時信號 : 無特殊信號
2026-07-24 22:34:59 | INFO    |        多頭 OB  : [44052.0 - 44075.0] | 空頭 OB  : [43587.0 - 43673.0]
2026-07-24 22:34:59 | INFO    |        多頭 FVG : 無 | 空頭 FVG : 無
2026-07-24 22:34:59 | INFO    | ----------------------------------------------------------------------
2026-07-24 22:35:59 | INFO    | [22:34:50] 價格: 43525.0 | 大結構趨勢 (5M): NONE
2026-07-24 22:35:59 | INFO    |        即時信號 : 無特殊信號
2026-07-24 22:35:59 | INFO    |        多頭 OB  : [44052.0 - 44075.0] | 空頭 OB  : [43587.0 - 43673.0]
2026-07-24 22:35:59 | INFO    |        多頭 FVG : 無 | 空頭 FVG : 無
2026-07-24 22:35:59 | INFO    | ----------------------------------------------------------------------
2026-07-24 22:37:03 | INFO    | [22:35:51] 價格: 43529.0 | 大結構趨勢 (5M): NONE
2026-07-24 22:37:03 | INFO    |        即時信號 : 無特殊信號
2026-07-24 22:37:03 | INFO    |        多頭 OB  : [44052.0 - 44075.0] | 空頭 OB  : [43587.0 - 43673.0]
2026-07-24 22:37:03 | INFO    |        多頭 FVG : 無 | 空頭 FVG : 無
2026-07-24 22:37:03 | INFO    | ----------------------------------------------------------------------
2026-07-24 22:38:05 | INFO    | [22:36:55] 價格: 43491.0 | 大結構趨勢 (5M): NONE
2026-07-24 22:38:05 | INFO    |        即時信號 : 無特殊信號
2026-07-24 22:38:05 | INFO    |        多頭 OB  : [44052.0 - 44075.0] | 空頭 OB  : [43587.0 - 43673.0]
2026-07-24 22:38:05 | INFO    |        多頭 FVG : 無 | 空頭 FVG : 無
2026-07-24 22:38:05 | INFO    | ----------------------------------------------------------------------
2026-07-24 22:39:10 | INFO    | [22:37:57] 價格: 43487.0 | 大結構趨勢 (5M): NONE
2026-07-24 22:39:10 | INFO    |        即時信號 : 無特殊信號
2026-07-24 22:39:10 | INFO    |        多頭 OB  : [44052.0 - 44075.0] | 空頭 OB  : [43587.0 - 43673.0]
2026-07-24 22:39:10 | INFO    |        多頭 FVG : 無 | 空頭 FVG : [43496.0 - 43517.0]
2026-07-24 22:39:10 | INFO    | ----------------------------------------------------------------------
2026-07-24 22:40:10 | INFO    | [22:39:02] 價格: 43453.0 | 大結構趨勢 (5M): NONE
2026-07-24 22:40:10 | INFO    |        即時信號 : 無特殊信號
2026-07-24 22:40:10 | INFO    |        多頭 OB  : [44052.0 - 44075.0] | 空頭 OB  : [43587.0 - 43673.0]
2026-07-24 22:40:10 | INFO    |        多頭 FVG : 無 | 空頭 FVG : 無
2026-07-24 22:40:10 | INFO    | ----------------------------------------------------------------------
2026-07-24 22:41:12 | INFO    | [22:40:02] 價格: 43435.0 | 大結構趨勢 (5M): NONE
2026-07-24 22:41:12 | INFO    |        即時信號 : 無特殊信號
2026-07-24 22:41:12 | INFO    |        多頭 OB  : [44052.0 - 44075.0] | 空頭 OB  : [43587.0 - 43673.0]
2026-07-24 22:41:12 | INFO    |        多頭 FVG : 無 | 空頭 FVG : [43460.0 - 43470.0]
2026-07-24 22:41:12 | INFO    | ----------------------------------------------------------------------
2026-07-24 22:42:15 | INFO    | [22:41:04] 價格: 43450.0 | 大結構趨勢 (5M): NONE
2026-07-24 22:42:15 | INFO    |        即時信號 : 無特殊信號
2026-07-24 22:42:15 | INFO    |        多頭 OB  : [44052.0 - 44075.0] | 空頭 OB  : [43587.0 - 43673.0]
2026-07-24 22:42:15 | INFO    |        多頭 FVG : 無 | 空頭 FVG : 無
2026-07-24 22:42:15 | INFO    | ----------------------------------------------------------------------
2026-07-24 22:43:22 | INFO    | [22:42:07] 價格: 43433.0 | 大結構趨勢 (5M): NONE
2026-07-24 22:43:22 | INFO    |        即時信號 : 無特殊信號
2026-07-24 22:43:22 | INFO    |        多頭 OB  : [44052.0 - 44075.0] | 空頭 OB  : [43587.0 - 43673.0]
2026-07-24 22:43:22 | INFO    |        多頭 FVG : 無 | 空頭 FVG : 無
2026-07-24 22:43:22 | INFO    | ----------------------------------------------------------------------
2026-07-24 22:44:23 | INFO    | [22:43:14] 價格: 43480.0 | 大結構趨勢 (5M): NONE
2026-07-24 22:44:23 | INFO    |        即時信號 : 無特殊信號
2026-07-24 22:44:23 | INFO    |        多頭 OB  : [44052.0 - 44075.0] | 空頭 OB  : [43587.0 - 43673.0]
2026-07-24 22:44:23 | INFO    |        多頭 FVG : 無 | 空頭 FVG : 無
2026-07-24 22:44:23 | INFO    | ----------------------------------------------------------------------
2026-07-24 22:45:23 | INFO    | [22:44:14] 價格: 43444.0 | 大結構趨勢 (5M): NONE
2026-07-24 22:45:23 | INFO    |        即時信號 : 無特殊信號
2026-07-24 22:45:23 | INFO    |        多頭 OB  : [44052.0 - 44075.0] | 空頭 OB  : [43587.0 - 43673.0]
2026-07-24 22:45:23 | INFO    |        多頭 FVG : 無 | 空頭 FVG : 無
2026-07-24 22:45:23 | INFO    | ----------------------------------------------------------------------
2026-07-24 22:46:23 | INFO    | [22:45:15] 價格: 43433.0 | 大結構趨勢 (5M): NONE
2026-07-24 22:46:23 | INFO    |        即時信號 : 無特殊信號
2026-07-24 22:46:23 | INFO    |        多頭 OB  : [44052.0 - 44075.0] | 空頭 OB  : [43587.0 - 43673.0]
2026-07-24 22:46:23 | INFO    |        多頭 FVG : 無 | 空頭 FVG : 無
2026-07-24 22:46:23 | INFO    | ----------------------------------------------------------------------
2026-07-24 22:47:25 | INFO    | [22:46:15] 價格: 43471.0 | 大結構趨勢 (5M): NONE
2026-07-24 22:47:25 | INFO    |        即時信號 : 無特殊信號
2026-07-24 22:47:25 | INFO    |        多頭 OB  : [44052.0 - 44075.0] | 空頭 OB  : [43587.0 - 43673.0]
2026-07-24 22:47:25 | INFO    |        多頭 FVG : 無 | 空頭 FVG : 無
2026-07-24 22:47:25 | INFO    | ----------------------------------------------------------------------
2026-07-24 22:48:26 | INFO    | [22:47:17] 價格: 43422.0 | 大結構趨勢 (5M): NONE
2026-07-24 22:48:26 | INFO    |        即時信號 : 無特殊信號
2026-07-24 22:48:26 | INFO    |        多頭 OB  : [44052.0 - 44075.0] | 空頭 OB  : [43587.0 - 43673.0]
2026-07-24 22:48:26 | INFO    |        多頭 FVG : 無 | 空頭 FVG : 無
2026-07-24 22:48:26 | INFO    | ----------------------------------------------------------------------
2026-07-24 22:49:27 | INFO    | [22:48:18] 價格: 43464.0 | 大結構趨勢 (5M): NONE
2026-07-24 22:49:27 | INFO    |        即時信號 : 無特殊信號
2026-07-24 22:49:27 | INFO    |        多頭 OB  : [44052.0 - 44075.0] | 空頭 OB  : [43587.0 - 43673.0]
2026-07-24 22:49:27 | INFO    |        多頭 FVG : 無 | 空頭 FVG : 無
2026-07-24 22:49:27 | INFO    | ----------------------------------------------------------------------
2026-07-24 22:50:28 | INFO    | [22:49:19] 價格: 43521.0 | 大結構趨勢 (5M): NONE
2026-07-24 22:50:28 | INFO    |        即時信號 : ★★ [結構轉換] MSS Bullish 確立！趨勢轉多
2026-07-24 22:50:28 | INFO    |        多頭 OB  : [43402.0 - 43473.0] | 空頭 OB  : [43587.0 - 43673.0]
2026-07-24 22:50:28 | INFO    |        多頭 FVG : 無 | 空頭 FVG : 無
2026-07-24 22:50:28 | INFO    | ----------------------------------------------------------------------
2026-07-24 22:50:28 | SIGNAL  | 訊號觸發，發送 Telegram 通知: ★★ [結構轉換] MSS Bullish 確立 (多頭訊號)！
2026-07-24 22:50:30 | INFO    | [Telegram] 訊息發送成功 | chat_id=-1004387856503
2026-07-24 22:51:30 | INFO    | [22:50:20] 價格: 43508.0 | 大結構趨勢 (5M): NONE
2026-07-24 22:51:30 | INFO    |        即時信號 : 無特殊信號
2026-07-24 22:51:30 | INFO    |        多頭 OB  : [43402.0 - 43473.0] | 空頭 OB  : [43587.0 - 43673.0]
2026-07-24 22:51:30 | INFO    |        多頭 FVG : [43464.0 - 43504.0] | 空頭 FVG : 無
2026-07-24 22:51:30 | INFO    | ----------------------------------------------------------------------
2026-07-24 22:52:31 | INFO    | [22:51:22] 價格: 43532.0 | 大結構趨勢 (5M): NONE
2026-07-24 22:52:31 | INFO    |        即時信號 : 無特殊信號
2026-07-24 22:52:31 | INFO    |        多頭 OB  : [43402.0 - 43473.0] | 空頭 OB  : [43587.0 - 43673.0]
2026-07-24 22:52:31 | INFO    |        多頭 FVG : 無 | 空頭 FVG : 無
2026-07-24 22:52:31 | INFO    | ----------------------------------------------------------------------
2026-07-24 22:53:33 | INFO    | [22:52:23] 價格: 43488.0 | 大結構趨勢 (5M): NONE
2026-07-24 22:53:33 | INFO    |        即時信號 : ★ [流動性掠奪] Sweep High 形成！(賣方防守)
2026-07-24 22:53:33 | INFO    |        多頭 OB  : [43402.0 - 43473.0] | 空頭 OB  : [43587.0 - 43673.0]
2026-07-24 22:53:33 | INFO    |        多頭 FVG : 無 | 空頭 FVG : 無
2026-07-24 22:53:33 | INFO    | ----------------------------------------------------------------------
2026-07-24 22:53:33 | SIGNAL  | 訊號觸發，發送 Telegram 通知: ★ [流動性掠奪] Sweep High 形成 (空頭訊號)！
2026-07-24 22:53:35 | INFO    | [Telegram] 訊息發送成功 | chat_id=-1004387856503
2026-07-24 22:54:37 | INFO    | [22:53:25] 價格: 43492.0 | 大結構趨勢 (5M): NONE
2026-07-24 22:54:37 | INFO    |        即時信號 : 無特殊信號
2026-07-24 22:54:37 | INFO    |        多頭 OB  : [43402.0 - 43473.0] | 空頭 OB  : [43587.0 - 43673.0]
2026-07-24 22:54:37 | INFO    |        多頭 FVG : 無 | 空頭 FVG : 無
2026-07-24 22:54:37 | INFO    | ----------------------------------------------------------------------
2026-07-24 22:55:38 | INFO    | [22:54:29] 價格: 43551.0 | 大結構趨勢 (5M): NONE
2026-07-24 22:55:38 | INFO    |        即時信號 : 無特殊信號
2026-07-24 22:55:38 | INFO    |        多頭 OB  : [43402.0 - 43473.0] | 空頭 OB  : [43587.0 - 43673.0]
2026-07-24 22:55:38 | INFO    |        多頭 FVG : 無 | 空頭 FVG : 無
2026-07-24 22:55:38 | INFO    | ----------------------------------------------------------------------
2026-07-24 22:56:40 | INFO    | [22:55:29] 價格: 43572.0 | 大結構趨勢 (5M): NONE
2026-07-24 22:56:40 | INFO    |        即時信號 : 無特殊信號
2026-07-24 22:56:40 | INFO    |        多頭 OB  : [43402.0 - 43473.0] | 空頭 OB  : [43587.0 - 43673.0]
2026-07-24 22:56:40 | INFO    |        多頭 FVG : [43516.0 - 43549.0] | 空頭 FVG : 無
2026-07-24 22:56:40 | INFO    | ----------------------------------------------------------------------
2026-07-24 22:57:42 | INFO    | [22:56:32] 價格: 43642.0 | 大結構趨勢 (5M): NONE
2026-07-24 22:57:42 | INFO    |        即時信號 : 無特殊信號
2026-07-24 22:57:42 | INFO    |        多頭 OB  : [43402.0 - 43473.0] | 空頭 OB  : [43587.0 - 43673.0]
2026-07-24 22:57:42 | INFO    |        多頭 FVG : [43551.0 - 43567.0] | 空頭 FVG : 無
2026-07-24 22:57:42 | INFO    | ----------------------------------------------------------------------
2026-07-24 22:58:42 | INFO    | [22:57:33] 價格: 43626.0 | 大結構趨勢 (5M): NONE
2026-07-24 22:58:42 | INFO    |        即時信號 : 無特殊信號
2026-07-24 22:58:42 | INFO    |        多頭 OB  : [43402.0 - 43473.0] | 空頭 OB  : [43587.0 - 43673.0]
2026-07-24 22:58:42 | INFO    |        多頭 FVG : [43588.0 - 43618.0] | 空頭 FVG : 無
2026-07-24 22:58:42 | INFO    | ----------------------------------------------------------------------
2026-07-24 22:59:43 | INFO    | [22:58:34] 價格: 43675.0 | 大結構趨勢 (5M): NONE
2026-07-24 22:59:43 | INFO    |        即時信號 : 無特殊信號
2026-07-24 22:59:43 | INFO    |        多頭 OB  : [43402.0 - 43473.0] | 空頭 OB  : [43587.0 - 43673.0]
2026-07-24 22:59:43 | INFO    |        多頭 FVG : 無 | 空頭 FVG : 無
2026-07-24 22:59:43 | INFO    | ----------------------------------------------------------------------
2026-07-24 23:00:43 | INFO    | [22:59:35] 價格: 43690.0 | 大結構趨勢 (5M): NONE
2026-07-24 23:00:43 | INFO    |        即時信號 : 無特殊信號
2026-07-24 23:00:43 | INFO    |        多頭 OB  : [43402.0 - 43473.0] | 空頭 OB  : [43587.0 - 43673.0]
2026-07-24 23:00:43 | INFO    |        多頭 FVG : 無 | 空頭 FVG : 無
2026-07-24 23:00:43 | INFO    | ----------------------------------------------------------------------
2026-07-24 23:01:45 | INFO    | [23:00:35] 價格: 43676.0 | 大結構趨勢 (5M): NONE
2026-07-24 23:01:45 | INFO    |        即時信號 : 無特殊信號
2026-07-24 23:01:45 | INFO    |        多頭 OB  : [43402.0 - 43473.0] | 空頭 OB  : [43587.0 - 43673.0]
2026-07-24 23:01:45 | INFO    |        多頭 FVG : 無 | 空頭 FVG : 無
2026-07-24 23:01:45 | INFO    | ----------------------------------------------------------------------
2026-07-24 23:02:46 | INFO    | [23:01:37] 價格: 43622.0 | 大結構趨勢 (5M): NONE
2026-07-24 23:02:46 | INFO    |        即時信號 : 無特殊信號
2026-07-24 23:02:46 | INFO    |        多頭 OB  : [43402.0 - 43473.0] | 空頭 OB  : [43587.0 - 43673.0]
2026-07-24 23:02:46 | INFO    |        多頭 FVG : 無 | 空頭 FVG : 無
2026-07-24 23:02:46 | INFO    | ----------------------------------------------------------------------
2026-07-24 23:03:46 | INFO    | [23:02:38] 價格: 43645.0 | 大結構趨勢 (5M): NONE
2026-07-24 23:03:46 | INFO    |        即時信號 : 無特殊信號
2026-07-24 23:03:46 | INFO    |        多頭 OB  : [43402.0 - 43473.0] | 空頭 OB  : [43587.0 - 43673.0]
2026-07-24 23:03:46 | INFO    |        多頭 FVG : 無 | 空頭 FVG : [43645.0 - 43667.0]
2026-07-24 23:03:46 | INFO    | ----------------------------------------------------------------------
2026-07-24 23:04:47 | INFO    | [23:03:38] 價格: 43611.0 | 大結構趨勢 (5M): NONE
2026-07-24 23:04:47 | INFO    |        即時信號 : 無特殊信號
2026-07-24 23:04:47 | INFO    |        多頭 OB  : [43402.0 - 43473.0] | 空頭 OB  : [43587.0 - 43673.0]
2026-07-24 23:04:47 | INFO    |        多頭 FVG : 無 | 空頭 FVG : 無
2026-07-24 23:04:47 | INFO    | ----------------------------------------------------------------------
2026-07-24 23:05:49 | INFO    | [23:04:39] 價格: 43592.0 | 大結構趨勢 (5M): NONE
2026-07-24 23:05:49 | INFO    |        即時信號 : 無特殊信號
2026-07-24 23:05:49 | INFO    |        多頭 OB  : [43402.0 - 43473.0] | 空頭 OB  : [43587.0 - 43673.0]
2026-07-24 23:05:49 | INFO    |        多頭 FVG : 無 | 空頭 FVG : 無
2026-07-24 23:05:49 | INFO    | ----------------------------------------------------------------------
2026-07-24 23:06:49 | INFO    | [23:05:40] 價格: 43569.0 | 大結構趨勢 (5M): NONE
2026-07-24 23:06:49 | INFO    |        即時信號 : 無特殊信號
2026-07-24 23:06:49 | INFO    |        多頭 OB  : [43402.0 - 43473.0] | 空頭 OB  : [43587.0 - 43673.0]
2026-07-24 23:06:49 | INFO    |        多頭 FVG : 無 | 空頭 FVG : [43601.0 - 43603.0]
2026-07-24 23:06:49 | INFO    | ----------------------------------------------------------------------
2026-07-24 23:07:53 | INFO    | [23:06:41] 價格: 43558.0 | 大結構趨勢 (5M): NONE
2026-07-24 23:07:53 | INFO    |        即時信號 : 無特殊信號
2026-07-24 23:07:53 | INFO    |        多頭 OB  : [43402.0 - 43473.0] | 空頭 OB  : [43587.0 - 43673.0]
2026-07-24 23:07:53 | INFO    |        多頭 FVG : 無 | 空頭 FVG : [43580.0 - 43591.0]
2026-07-24 23:07:53 | INFO    | ----------------------------------------------------------------------
2026-07-24 23:08:56 | INFO    | [23:07:45] 價格: 43568.0 | 大結構趨勢 (5M): NONE
2026-07-24 23:08:56 | INFO    |        即時信號 : 無特殊信號
2026-07-24 23:08:56 | INFO    |        多頭 OB  : [43402.0 - 43473.0] | 空頭 OB  : [43587.0 - 43673.0]
2026-07-24 23:08:56 | INFO    |        多頭 FVG : 無 | 空頭 FVG : 無
2026-07-24 23:08:56 | INFO    | ----------------------------------------------------------------------
2026-07-24 23:09:56 | INFO    | [23:08:47] 價格: 43557.0 | 大結構趨勢 (5M): NONE
2026-07-24 23:09:56 | INFO    |        即時信號 : 無特殊信號
2026-07-24 23:09:56 | INFO    |        多頭 OB  : [43402.0 - 43473.0] | 空頭 OB  : [43587.0 - 43673.0]
2026-07-24 23:09:56 | INFO    |        多頭 FVG : 無 | 空頭 FVG : 無
2026-07-24 23:09:56 | INFO    | ----------------------------------------------------------------------
2026-07-24 23:10:56 | INFO    | [23:09:48] 價格: 43585.0 | 大結構趨勢 (5M): NONE
2026-07-24 23:10:56 | INFO    |        即時信號 : 無特殊信號
2026-07-24 23:10:56 | INFO    |        多頭 OB  : [43402.0 - 43473.0] | 空頭 OB  : [43587.0 - 43673.0]
2026-07-24 23:10:56 | INFO    |        多頭 FVG : 無 | 空頭 FVG : 無
2026-07-24 23:10:56 | INFO    | ----------------------------------------------------------------------
2026-07-24 23:11:57 | INFO    | [23:10:48] 價格: 43668.0 | 大結構趨勢 (5M): NONE
2026-07-24 23:11:57 | INFO    |        即時信號 : ★ [流動性掠奪] Sweep High 形成！(賣方防守)
2026-07-24 23:11:57 | INFO    |        多頭 OB  : [43402.0 - 43473.0] | 空頭 OB  : [43587.0 - 43673.0]
2026-07-24 23:11:57 | INFO    |        多頭 FVG : 無 | 空頭 FVG : 無
2026-07-24 23:11:57 | INFO    | ----------------------------------------------------------------------
2026-07-24 23:11:57 | SIGNAL  | 訊號觸發，發送 Telegram 通知: ★ [流動性掠奪] Sweep High 形成 (空頭訊號)！
2026-07-24 23:11:58 | INFO    | [Telegram] 訊息發送成功 | chat_id=-1004387856503
2026-07-24 23:12:57 | INFO    | [23:11:48] 價格: 43665.0 | 大結構趨勢 (5M): NONE
2026-07-24 23:12:57 | INFO    |        即時信號 : 無特殊信號
2026-07-24 23:12:57 | INFO    |        多頭 OB  : [43402.0 - 43473.0] | 空頭 OB  : [43587.0 - 43673.0]
2026-07-24 23:12:57 | INFO    |        多頭 FVG : [43590.0 - 43649.0] | 空頭 FVG : 無
2026-07-24 23:12:57 | INFO    | ----------------------------------------------------------------------
2026-07-24 23:14:01 | INFO    | [23:12:48] 價格: 43661.0 | 大結構趨勢 (5M): NONE
2026-07-24 23:14:01 | INFO    |        即時信號 : 無特殊信號
2026-07-24 23:14:01 | INFO    |        多頭 OB  : [43402.0 - 43473.0] | 空頭 OB  : [43587.0 - 43673.0]
2026-07-24 23:14:01 | INFO    |        多頭 FVG : 無 | 空頭 FVG : 無
2026-07-24 23:14:01 | INFO    | ----------------------------------------------------------------------
2026-07-24 23:15:02 | INFO    | [23:13:53] 價格: 43796.0 | 大結構趨勢 (5M): NONE
2026-07-24 23:15:02 | INFO    |        即時信號 : 無特殊信號
2026-07-24 23:15:02 | INFO    |        多頭 OB  : [43402.0 - 43473.0] | 空頭 OB  : [43587.0 - 43673.0]
2026-07-24 23:15:02 | INFO    |        多頭 FVG : 無 | 空頭 FVG : 無
2026-07-24 23:15:02 | INFO    | ----------------------------------------------------------------------
2026-07-24 23:16:02 | INFO    | [23:14:53] 價格: 43857.0 | 大結構趨勢 (5M): NONE
2026-07-24 23:16:02 | INFO    |        即時信號 : 無特殊信號
2026-07-24 23:16:02 | INFO    |        多頭 OB  : [43402.0 - 43473.0] | 空頭 OB  : [43587.0 - 43673.0]
2026-07-24 23:16:02 | INFO    |        多頭 FVG : [43696.0 - 43775.0] | 空頭 FVG : 無
2026-07-24 23:16:02 | INFO    | ----------------------------------------------------------------------
2026-07-24 23:17:02 | INFO    | [23:15:54] 價格: 43822.0 | 大結構趨勢 (5M): NONE
2026-07-24 23:17:02 | INFO    |        即時信號 : 無特殊信號
2026-07-24 23:17:02 | INFO    |        多頭 OB  : [43402.0 - 43473.0] | 空頭 OB  : [43587.0 - 43673.0]
2026-07-24 23:17:02 | INFO    |        多頭 FVG : 無 | 空頭 FVG : 無
2026-07-24 23:17:02 | INFO    | ----------------------------------------------------------------------
2026-07-24 23:18:03 | INFO    | [23:16:54] 價格: 43799.0 | 大結構趨勢 (5M): NONE
2026-07-24 23:18:03 | INFO    |        即時信號 : 無特殊信號
2026-07-24 23:18:03 | INFO    |        多頭 OB  : [43402.0 - 43473.0] | 空頭 OB  : [43587.0 - 43673.0]
2026-07-24 23:18:03 | INFO    |        多頭 FVG : 無 | 空頭 FVG : 無
2026-07-24 23:18:03 | INFO    | ----------------------------------------------------------------------
2026-07-24 23:19:07 | INFO    | [23:17:54] 價格: 43814.0 | 大結構趨勢 (5M): NONE
2026-07-24 23:19:07 | INFO    |        即時信號 : 無特殊信號
2026-07-24 23:19:07 | INFO    |        多頭 OB  : [43402.0 - 43473.0] | 空頭 OB  : [43587.0 - 43673.0]
2026-07-24 23:19:07 | INFO    |        多頭 FVG : 無 | 空頭 FVG : 無
2026-07-24 23:19:07 | INFO    | ----------------------------------------------------------------------
2026-07-24 23:20:07 | INFO    | [23:18:59] 價格: 43775.0 | 大結構趨勢 (5M): NONE
2026-07-24 23:20:07 | INFO    |        即時信號 : 無特殊信號
2026-07-24 23:20:07 | INFO    |        多頭 OB  : [43402.0 - 43473.0] | 空頭 OB  : [43587.0 - 43673.0]
2026-07-24 23:20:07 | INFO    |        多頭 FVG : 無 | 空頭 FVG : 無
2026-07-24 23:20:07 | INFO    | ----------------------------------------------------------------------
2026-07-24 23:21:13 | INFO    | [23:19:59] 價格: 43820.0 | 大結構趨勢 (5M): NONE
2026-07-24 23:21:13 | INFO    |        即時信號 : 無特殊信號
2026-07-24 23:21:13 | INFO    |        多頭 OB  : [43402.0 - 43473.0] | 空頭 OB  : [43587.0 - 43673.0]
2026-07-24 23:21:13 | INFO    |        多頭 FVG : 無 | 空頭 FVG : 無
2026-07-24 23:21:13 | INFO    | ----------------------------------------------------------------------
2026-07-24 23:22:15 | INFO    | [23:21:05] 價格: 43815.0 | 大結構趨勢 (5M): NONE
2026-07-24 23:22:15 | INFO    |        即時信號 : 無特殊信號
2026-07-24 23:22:15 | INFO    |        多頭 OB  : [43402.0 - 43473.0] | 空頭 OB  : [43587.0 - 43673.0]
2026-07-24 23:22:15 | INFO    |        多頭 FVG : 無 | 空頭 FVG : 無
2026-07-24 23:22:15 | INFO    | ----------------------------------------------------------------------
2026-07-24 23:23:17 | INFO    | [23:22:07] 價格: 43800.0 | 大結構趨勢 (5M): NONE
2026-07-24 23:23:17 | INFO    |        即時信號 : 無特殊信號
2026-07-24 23:23:17 | INFO    |        多頭 OB  : [43402.0 - 43473.0] | 空頭 OB  : [43587.0 - 43673.0]
2026-07-24 23:23:17 | INFO    |        多頭 FVG : 無 | 空頭 FVG : 無
2026-07-24 23:23:17 | INFO    | ----------------------------------------------------------------------
2026-07-24 23:24:18 | INFO    | [23:23:08] 價格: 43775.0 | 大結構趨勢 (5M): NONE
2026-07-24 23:24:18 | INFO    |        即時信號 : 無特殊信號
2026-07-24 23:24:18 | INFO    |        多頭 OB  : [43402.0 - 43473.0] | 空頭 OB  : [43587.0 - 43673.0]
2026-07-24 23:24:18 | INFO    |        多頭 FVG : 無 | 空頭 FVG : [43810.0 - 43811.0]
2026-07-24 23:24:18 | INFO    | ----------------------------------------------------------------------
2026-07-24 23:25:22 | INFO    | [23:24:09] 價格: 43786.0 | 大結構趨勢 (5M): NONE
2026-07-24 23:25:22 | INFO    |        即時信號 : ★ [流動性掠奪] Sweep Low 形成！(買方防守)
2026-07-24 23:25:22 | INFO    |        多頭 OB  : [43402.0 - 43473.0] | 空頭 OB  : [43587.0 - 43673.0]
2026-07-24 23:25:22 | INFO    |        多頭 FVG : 無 | 空頭 FVG : 無
2026-07-24 23:25:22 | INFO    | ----------------------------------------------------------------------
2026-07-24 23:25:22 | SIGNAL  | 訊號觸發，發送 Telegram 通知: ★ [流動性掠奪] Sweep Low 形成 (多頭訊號)！
2026-07-24 23:25:23 | INFO    | [Telegram] 訊息發送成功 | chat_id=-1004387856503
2026-07-24 23:26:24 | INFO    | [23:25:14] 價格: 43800.0 | 大結構趨勢 (5M): NONE
2026-07-24 23:26:24 | INFO    |        即時信號 : 無特殊信號
2026-07-24 23:26:24 | INFO    |        多頭 OB  : [43402.0 - 43473.0] | 空頭 OB  : [43587.0 - 43673.0]
2026-07-24 23:26:24 | INFO    |        多頭 FVG : 無 | 空頭 FVG : 無
2026-07-24 23:26:24 | INFO    | ----------------------------------------------------------------------
2026-07-24 23:27:25 | INFO    | [23:26:16] 價格: 43776.0 | 大結構趨勢 (5M): NONE
2026-07-24 23:27:25 | INFO    |        即時信號 : 無特殊信號
2026-07-24 23:27:25 | INFO    |        多頭 OB  : [43402.0 - 43473.0] | 空頭 OB  : [43587.0 - 43673.0]
2026-07-24 23:27:25 | INFO    |        多頭 FVG : 無 | 空頭 FVG : 無
2026-07-24 23:27:25 | INFO    | ----------------------------------------------------------------------
2026-07-24 23:28:28 | INFO    | [23:27:17] 價格: 43800.0 | 大結構趨勢 (5M): NONE
2026-07-24 23:28:28 | INFO    |        即時信號 : 無特殊信號
2026-07-24 23:28:28 | INFO    |        多頭 OB  : [43402.0 - 43473.0] | 空頭 OB  : [43587.0 - 43673.0]
2026-07-24 23:28:28 | INFO    |        多頭 FVG : 無 | 空頭 FVG : 無
2026-07-24 23:28:28 | INFO    | ----------------------------------------------------------------------
2026-07-24 23:29:31 | INFO    | [23:28:20] 價格: 43745.0 | 大結構趨勢 (5M): NONE
2026-07-24 23:29:31 | INFO    |        即時信號 : ★★ [結構轉換] MSS Bearish 確立！趨勢轉空
2026-07-24 23:29:31 | INFO    |        多頭 OB  : [43402.0 - 43473.0] | 空頭 OB  : [43760.0 - 43800.0]
2026-07-24 23:29:31 | INFO    |        多頭 FVG : 無 | 空頭 FVG : 無
2026-07-24 23:29:31 | INFO    | ----------------------------------------------------------------------
2026-07-24 23:29:31 | INFO    | [過濾] 偵測到信號但建議無效，已跳過發送 Telegram 通知。
2026-07-24 23:30:33 | INFO    | [23:29:23] 價格: 43730.0 | 大結構趨勢 (5M): NONE
2026-07-24 23:30:33 | INFO    |        即時信號 : 無特殊信號
2026-07-24 23:30:33 | INFO    |        多頭 OB  : [43402.0 - 43473.0] | 空頭 OB  : [43760.0 - 43800.0]
2026-07-24 23:30:33 | INFO    |        多頭 FVG : 無 | 空頭 FVG : [43745.0 - 43760.0]
2026-07-24 23:30:33 | INFO    | ----------------------------------------------------------------------
2026-07-24 23:31:35 | INFO    | [23:30:25] 價格: 43757.0 | 大結構趨勢 (5M): NONE
2026-07-24 23:31:35 | INFO    |        即時信號 : 無特殊信號
2026-07-24 23:31:35 | INFO    |        多頭 OB  : [43402.0 - 43473.0] | 空頭 OB  : [43760.0 - 43800.0]
2026-07-24 23:31:35 | INFO    |        多頭 FVG : 無 | 空頭 FVG : 無
2026-07-24 23:31:35 | INFO    | ----------------------------------------------------------------------
2026-07-24 23:32:36 | INFO    | [23:31:27] 價格: 43740.0 | 大結構趨勢 (5M): NONE
2026-07-24 23:32:36 | INFO    |        即時信號 : 無特殊信號
2026-07-24 23:32:36 | INFO    |        多頭 OB  : [43402.0 - 43473.0] | 空頭 OB  : [43760.0 - 43800.0]
2026-07-24 23:32:36 | INFO    |        多頭 FVG : 無 | 空頭 FVG : 無
2026-07-24 23:32:36 | INFO    | ----------------------------------------------------------------------
2026-07-24 23:33:40 | INFO    | [23:32:28] 價格: 43725.0 | 大結構趨勢 (5M): NONE
2026-07-24 23:33:40 | INFO    |        即時信號 : 無特殊信號
2026-07-24 23:33:40 | INFO    |        多頭 OB  : [43402.0 - 43473.0] | 空頭 OB  : [43760.0 - 43800.0]
2026-07-24 23:33:40 | INFO    |        多頭 FVG : 無 | 空頭 FVG : 無
2026-07-24 23:33:40 | INFO    | ----------------------------------------------------------------------
2026-07-24 23:34:41 | INFO    | [23:33:32] 價格: 43723.0 | 大結構趨勢 (5M): NONE
2026-07-24 23:34:41 | INFO    |        即時信號 : 無特殊信號
2026-07-24 23:34:41 | INFO    |        多頭 OB  : [43402.0 - 43473.0] | 空頭 OB  : [43760.0 - 43800.0]
2026-07-24 23:34:41 | INFO    |        多頭 FVG : 無 | 空頭 FVG : 無
2026-07-24 23:34:41 | INFO    | ----------------------------------------------------------------------
2026-07-24 23:35:42 | INFO    | [23:34:33] 價格: 43702.0 | 大結構趨勢 (5M): NONE
2026-07-24 23:35:42 | INFO    |        即時信號 : 無特殊信號
2026-07-24 23:35:42 | INFO    |        多頭 OB  : [43402.0 - 43473.0] | 空頭 OB  : [43760.0 - 43800.0]
2026-07-24 23:35:42 | INFO    |        多頭 FVG : 無 | 空頭 FVG : 無
2026-07-24 23:35:42 | INFO    | ----------------------------------------------------------------------
2026-07-24 23:36:44 | INFO    | [23:35:33] 價格: 43714.0 | 大結構趨勢 (5M): NONE
2026-07-24 23:36:44 | INFO    |        即時信號 : 無特殊信號
2026-07-24 23:36:44 | INFO    |        多頭 OB  : [43402.0 - 43473.0] | 空頭 OB  : [43760.0 - 43800.0]
2026-07-24 23:36:44 | INFO    |        多頭 FVG : 無 | 空頭 FVG : 無
2026-07-24 23:36:44 | INFO    | ----------------------------------------------------------------------
2026-07-24 23:37:47 | INFO    | [23:36:36] 價格: 43736.0 | 大結構趨勢 (5M): NONE
2026-07-24 23:37:47 | INFO    |        即時信號 : ★ [流動性掠奪] Sweep Low 形成！(買方防守)
2026-07-24 23:37:47 | INFO    |        多頭 OB  : [43402.0 - 43473.0] | 空頭 OB  : [43760.0 - 43800.0]
2026-07-24 23:37:47 | INFO    |        多頭 FVG : 無 | 空頭 FVG : 無
2026-07-24 23:37:47 | INFO    | ----------------------------------------------------------------------
2026-07-24 23:37:47 | INFO    | [過濾] 偵測到信號但建議無效，已跳過發送 Telegram 通知。
2026-07-24 23:38:48 | INFO    | [23:37:39] 價格: 43785.0 | 大結構趨勢 (5M): NONE
2026-07-24 23:38:48 | INFO    |        即時信號 : 無特殊信號
2026-07-24 23:38:48 | INFO    |        多頭 OB  : [43402.0 - 43473.0] | 空頭 OB  : [43760.0 - 43800.0]
2026-07-24 23:38:48 | INFO    |        多頭 FVG : [43730.0 - 43736.0] | 空頭 FVG : 無
2026-07-24 23:38:48 | INFO    | ----------------------------------------------------------------------
2026-07-24 23:39:52 | INFO    | [23:38:40] 價格: 43820.0 | 大結構趨勢 (5M): NONE
2026-07-24 23:39:52 | INFO    |        即時信號 : 無特殊信號
2026-07-24 23:39:52 | INFO    |        多頭 OB  : [43402.0 - 43473.0] | 空頭 OB  : [43760.0 - 43800.0]
2026-07-24 23:39:52 | INFO    |        多頭 FVG : [43746.0 - 43791.0] | 空頭 FVG : 無
2026-07-24 23:39:52 | INFO    | ----------------------------------------------------------------------
2026-07-24 23:40:52 | INFO    | [23:39:43] 價格: 43844.0 | 大結構趨勢 (5M): NONE
2026-07-24 23:40:52 | INFO    |        即時信號 : ★ [流動性掠奪] Sweep High 形成！(賣方防守)
2026-07-24 23:40:52 | INFO    |        多頭 OB  : [43402.0 - 43473.0] | 空頭 OB  : [43760.0 - 43800.0]
2026-07-24 23:40:52 | INFO    |        多頭 FVG : [43796.0 - 43819.0] | 空頭 FVG : 無
2026-07-24 23:40:52 | INFO    | ----------------------------------------------------------------------
2026-07-24 23:40:52 | INFO    | [過濾] 偵測到信號但建議無效，已跳過發送 Telegram 通知。
2026-07-24 23:41:53 | INFO    | [23:40:44] 價格: 43786.0 | 大結構趨勢 (5M): NONE
2026-07-24 23:41:53 | INFO    |        即時信號 : 無特殊信號
2026-07-24 23:41:53 | INFO    |        多頭 OB  : [43402.0 - 43473.0] | 空頭 OB  : [43760.0 - 43800.0]
2026-07-24 23:41:53 | INFO    |        多頭 FVG : 無 | 空頭 FVG : 無
2026-07-24 23:41:53 | INFO    | ----------------------------------------------------------------------
2026-07-24 23:42:56 | INFO    | [23:41:44] 價格: 43780.0 | 大結構趨勢 (5M): NONE
2026-07-24 23:42:56 | INFO    |        即時信號 : 無特殊信號
2026-07-24 23:42:56 | INFO    |        多頭 OB  : [43402.0 - 43473.0] | 空頭 OB  : [43760.0 - 43800.0]
2026-07-24 23:42:56 | INFO    |        多頭 FVG : 無 | 空頭 FVG : [43805.0 - 43819.0]
2026-07-24 23:42:56 | INFO    | ----------------------------------------------------------------------
2026-07-24 23:43:56 | INFO    | [23:42:47] 價格: 43738.0 | 大結構趨勢 (5M): NONE
2026-07-24 23:43:56 | INFO    |        即時信號 : 無特殊信號
2026-07-24 23:43:56 | INFO    |        多頭 OB  : [43402.0 - 43473.0] | 空頭 OB  : [43760.0 - 43800.0]
2026-07-24 23:43:56 | INFO    |        多頭 FVG : 無 | 空頭 FVG : 無
2026-07-24 23:43:56 | INFO    | ----------------------------------------------------------------------
2026-07-24 23:45:02 | INFO    | [23:43:48] 價格: 43775.0 | 大結構趨勢 (5M): NONE
2026-07-24 23:45:02 | INFO    |        即時信號 : 無特殊信號
2026-07-24 23:45:02 | INFO    |        多頭 OB  : [43402.0 - 43473.0] | 空頭 OB  : [43760.0 - 43800.0]
2026-07-24 23:45:02 | INFO    |        多頭 FVG : 無 | 空頭 FVG : 無
2026-07-24 23:45:02 | INFO    | ----------------------------------------------------------------------
2026-07-24 23:46:19 | INFO    | [23:44:54] 價格: 43786.0 | 大結構趨勢 (5M): NONE
2026-07-24 23:46:19 | INFO    |        即時信號 : 無特殊信號
2026-07-24 23:46:19 | INFO    |        多頭 OB  : [43402.0 - 43473.0] | 空頭 OB  : [43760.0 - 43800.0]
2026-07-24 23:46:19 | INFO    |        多頭 FVG : 無 | 空頭 FVG : 無
2026-07-24 23:46:19 | INFO    | ----------------------------------------------------------------------
2026-07-24 23:47:21 | INFO    | [23:46:11] 價格: 43781.0 | 大結構趨勢 (5M): NONE
2026-07-24 23:47:21 | INFO    |        即時信號 : 無特殊信號
2026-07-24 23:47:21 | INFO    |        多頭 OB  : [43402.0 - 43473.0] | 空頭 OB  : [43760.0 - 43800.0]
2026-07-24 23:47:21 | INFO    |        多頭 FVG : 無 | 空頭 FVG : 無
2026-07-24 23:47:21 | INFO    | ----------------------------------------------------------------------
2026-07-24 23:48:22 | INFO    | [23:47:13] 價格: 43780.0 | 大結構趨勢 (5M): NONE
2026-07-24 23:48:22 | INFO    |        即時信號 : 無特殊信號
2026-07-24 23:48:22 | INFO    |        多頭 OB  : [43402.0 - 43473.0] | 空頭 OB  : [43760.0 - 43800.0]
2026-07-24 23:48:22 | INFO    |        多頭 FVG : 無 | 空頭 FVG : 無
2026-07-24 23:48:22 | INFO    | ----------------------------------------------------------------------
2026-07-24 23:49:37 | INFO    | [23:48:14] 價格: 43778.0 | 大結構趨勢 (5M): NONE
2026-07-24 23:49:37 | INFO    |        即時信號 : 無特殊信號
2026-07-24 23:49:37 | INFO    |        多頭 OB  : [43402.0 - 43473.0] | 空頭 OB  : [43760.0 - 43800.0]
2026-07-24 23:49:37 | INFO    |        多頭 FVG : 無 | 空頭 FVG : 無
2026-07-24 23:49:37 | INFO    | ----------------------------------------------------------------------
2026-07-24 23:50:37 | INFO    | [23:49:29] 價格: 43799.0 | 大結構趨勢 (5M): NONE
2026-07-24 23:50:37 | INFO    |        即時信號 : 無特殊信號
2026-07-24 23:50:37 | INFO    |        多頭 OB  : [43402.0 - 43473.0] | 空頭 OB  : [43760.0 - 43800.0]
2026-07-24 23:50:37 | INFO    |        多頭 FVG : 無 | 空頭 FVG : 無
2026-07-24 23:50:37 | INFO    | ----------------------------------------------------------------------
2026-07-24 23:51:38 | INFO    | [23:50:29] 價格: 43827.0 | 大結構趨勢 (5M): NONE
2026-07-24 23:51:38 | INFO    |        即時信號 : ★★ [結構轉換] MSS Bullish 確立！趨勢轉多
2026-07-24 23:51:38 | INFO    |        多頭 OB  : [43771.0 - 43804.0] | 空頭 OB  : [43760.0 - 43800.0]
2026-07-24 23:51:38 | INFO    |        多頭 FVG : 無 | 空頭 FVG : 無
2026-07-24 23:51:38 | INFO    | ----------------------------------------------------------------------
2026-07-24 23:51:38 | SIGNAL  | 訊號觸發，發送 Telegram 通知: ★★ [結構轉換] MSS Bullish 確立 (多頭訊號)！
2026-07-24 23:51:39 | INFO    | [Telegram] 訊息發送成功 | chat_id=-1004387856503
2026-07-24 23:52:45 | INFO    | [23:51:29] 價格: 43830.0 | 大結構趨勢 (5M): NONE
2026-07-24 23:52:45 | INFO    |        即時信號 : 無特殊信號
2026-07-24 23:52:45 | INFO    |        多頭 OB  : [43771.0 - 43804.0] | 空頭 OB  : [43760.0 - 43800.0]
2026-07-24 23:52:45 | INFO    |        多頭 FVG : [43800.0 - 43818.0] | 空頭 FVG : 無
2026-07-24 23:52:45 | INFO    | ----------------------------------------------------------------------
2026-07-24 23:53:45 | INFO    | [23:52:36] 價格: 43841.0 | 大結構趨勢 (5M): NONE
2026-07-24 23:53:45 | INFO    |        即時信號 : 無特殊信號
2026-07-24 23:53:45 | INFO    |        多頭 OB  : [43771.0 - 43804.0] | 空頭 OB  : [43760.0 - 43800.0]
2026-07-24 23:53:45 | INFO    |        多頭 FVG : 無 | 空頭 FVG : 無
2026-07-24 23:53:45 | INFO    | ----------------------------------------------------------------------
2026-07-24 23:55:02 | INFO    | [23:53:36] 價格: 43843.0 | 大結構趨勢 (5M): NONE
2026-07-24 23:55:02 | INFO    |        即時信號 : 無特殊信號
2026-07-24 23:55:02 | INFO    |        多頭 OB  : [43771.0 - 43804.0] | 空頭 OB  : [43760.0 - 43800.0]
2026-07-24 23:55:02 | INFO    |        多頭 FVG : 無 | 空頭 FVG : 無
2026-07-24 23:55:02 | INFO    | ----------------------------------------------------------------------
2026-07-24 23:56:03 | INFO    | [23:54:54] 價格: 43887.0 | 大結構趨勢 (5M): NONE
2026-07-24 23:56:03 | INFO    |        即時信號 : 無特殊信號
2026-07-24 23:56:03 | INFO    |        多頭 OB  : [43771.0 - 43804.0] | 空頭 OB  : [43760.0 - 43800.0]
2026-07-24 23:56:03 | INFO    |        多頭 FVG : 無 | 空頭 FVG : 無
2026-07-24 23:56:03 | INFO    | ----------------------------------------------------------------------
2026-07-24 23:57:04 | INFO    | [23:55:54] 價格: 43908.0 | 大結構趨勢 (5M): NONE
2026-07-24 23:57:04 | INFO    |        即時信號 : 無特殊信號
2026-07-24 23:57:04 | INFO    |        多頭 OB  : [43771.0 - 43804.0] | 空頭 OB  : [43760.0 - 43800.0]
2026-07-24 23:57:04 | INFO    |        多頭 FVG : [43859.0 - 43875.0] | 空頭 FVG : 無
2026-07-24 23:57:04 | INFO    | ----------------------------------------------------------------------
2026-07-24 23:58:05 | INFO    | [23:56:56] 價格: 43886.0 | 大結構趨勢 (5M): NONE
2026-07-24 23:58:05 | INFO    |        即時信號 : 無特殊信號
2026-07-24 23:58:05 | INFO    |        多頭 OB  : [43771.0 - 43804.0] | 空頭 OB  : [43760.0 - 43800.0]
2026-07-24 23:58:05 | INFO    |        多頭 FVG : 無 | 空頭 FVG : 無
2026-07-24 23:58:05 | INFO    | ----------------------------------------------------------------------
2026-07-24 23:59:07 | INFO    | [23:57:57] 價格: 43913.0 | 大結構趨勢 (5M): NONE
2026-07-24 23:59:07 | INFO    |        即時信號 : 無特殊信號
2026-07-24 23:59:07 | INFO    |        多頭 OB  : [43771.0 - 43804.0] | 空頭 OB  : [43760.0 - 43800.0]
2026-07-24 23:59:07 | INFO    |        多頭 FVG : 無 | 空頭 FVG : 無
2026-07-24 23:59:07 | INFO    | ----------------------------------------------------------------------
2026-07-25 00:00:08 | INFO    | [23:58:58] 價格: 43909.0 | 大結構趨勢 (5M): NONE
2026-07-25 00:00:08 | INFO    |        即時信號 : 無特殊信號
2026-07-25 00:00:08 | INFO    |        多頭 OB  : [43771.0 - 43804.0] | 空頭 OB  : [43760.0 - 43800.0]
2026-07-25 00:00:08 | INFO    |        多頭 FVG : 無 | 空頭 FVG : 無
2026-07-25 00:00:08 | INFO    | ----------------------------------------------------------------------
2026-07-25 00:01:09 | INFO    | [00:00:00] 價格: 43853.0 | 大結構趨勢 (5M): NONE
2026-07-25 00:01:09 | INFO    |        即時信號 : 無特殊信號
2026-07-25 00:01:09 | INFO    |        多頭 OB  : [43771.0 - 43804.0] | 空頭 OB  : [43760.0 - 43800.0]
2026-07-25 00:01:09 | INFO    |        多頭 FVG : 無 | 空頭 FVG : 無
2026-07-25 00:01:09 | INFO    | ----------------------------------------------------------------------
2026-07-25 00:02:11 | INFO    | [00:01:00] 價格: 43855.0 | 大結構趨勢 (5M): NONE
2026-07-25 00:02:11 | INFO    |        即時信號 : 無特殊信號
2026-07-25 00:02:11 | INFO    |        多頭 OB  : [43771.0 - 43804.0] | 空頭 OB  : [43760.0 - 43800.0]
2026-07-25 00:02:11 | INFO    |        多頭 FVG : 無 | 空頭 FVG : [43859.0 - 43906.0]
2026-07-25 00:02:11 | INFO    | ----------------------------------------------------------------------
2026-07-25 00:03:12 | INFO    | [00:02:03] 價格: 43857.0 | 大結構趨勢 (5M): NONE
2026-07-25 00:03:12 | INFO    |        即時信號 : 無特殊信號
2026-07-25 00:03:12 | INFO    |        多頭 OB  : [43771.0 - 43804.0] | 空頭 OB  : [43760.0 - 43800.0]
2026-07-25 00:03:12 | INFO    |        多頭 FVG : 無 | 空頭 FVG : 無
2026-07-25 00:03:12 | INFO    | ----------------------------------------------------------------------
2026-07-25 00:04:13 | INFO    | [00:03:04] 價格: 43891.0 | 大結構趨勢 (5M): NONE
2026-07-25 00:04:13 | INFO    |        即時信號 : 無特殊信號
2026-07-25 00:04:13 | INFO    |        多頭 OB  : [43771.0 - 43804.0] | 空頭 OB  : [43760.0 - 43800.0]
2026-07-25 00:04:13 | INFO    |        多頭 FVG : [43859.0 - 43860.0] | 空頭 FVG : 無
2026-07-25 00:04:13 | INFO    | ----------------------------------------------------------------------
2026-07-25 00:05:16 | INFO    | [00:04:04] 價格: 43903.0 | 大結構趨勢 (5M): NONE
2026-07-25 00:05:16 | INFO    |        即時信號 : 無特殊信號
2026-07-25 00:05:16 | INFO    |        多頭 OB  : [43771.0 - 43804.0] | 空頭 OB  : [43760.0 - 43800.0]
2026-07-25 00:05:16 | INFO    |        多頭 FVG : [43865.0 - 43885.0] | 空頭 FVG : 無
2026-07-25 00:05:16 | INFO    | ----------------------------------------------------------------------
2026-07-25 00:06:18 | INFO    | [00:05:08] 價格: 43909.0 | 大結構趨勢 (5M): NONE
2026-07-25 00:06:18 | INFO    |        即時信號 : 無特殊信號
2026-07-25 00:06:18 | INFO    |        多頭 OB  : [43771.0 - 43804.0] | 空頭 OB  : [43760.0 - 43800.0]
2026-07-25 00:06:18 | INFO    |        多頭 FVG : [43893.0 - 43895.0] | 空頭 FVG : 無
2026-07-25 00:06:18 | INFO    | ----------------------------------------------------------------------
2026-07-25 00:07:21 | INFO    | [00:06:09] 價格: 43915.0 | 大結構趨勢 (5M): NONE
2026-07-25 00:07:21 | INFO    |        即時信號 : ★ [流動性掠奪] Sweep High 形成！(賣方防守)
2026-07-25 00:07:21 | INFO    |        多頭 OB  : [43771.0 - 43804.0] | 空頭 OB  : [43760.0 - 43800.0]
2026-07-25 00:07:21 | INFO    |        多頭 FVG : 無 | 空頭 FVG : 無
2026-07-25 00:07:21 | INFO    | ----------------------------------------------------------------------
2026-07-25 00:07:21 | INFO    | [過濾] 偵測到信號但建議無效，已跳過發送 Telegram 通知。
2026-07-25 00:08:22 | INFO    | [00:07:13] 價格: 43950.0 | 大結構趨勢 (5M): NONE
2026-07-25 00:08:22 | INFO    |        即時信號 : 無特殊信號
2026-07-25 00:08:22 | INFO    |        多頭 OB  : [43771.0 - 43804.0] | 空頭 OB  : [43760.0 - 43800.0]
2026-07-25 00:08:22 | INFO    |        多頭 FVG : 無 | 空頭 FVG : 無
2026-07-25 00:08:22 | INFO    | ----------------------------------------------------------------------
2026-07-25 00:09:28 | INFO    | [00:08:14] 價格: 43954.0 | 大結構趨勢 (5M): NONE
2026-07-25 00:09:28 | INFO    |        即時信號 : 無特殊信號
2026-07-25 00:09:28 | INFO    |        多頭 OB  : [43771.0 - 43804.0] | 空頭 OB  : [43760.0 - 43800.0]
2026-07-25 00:09:28 | INFO    |        多頭 FVG : 無 | 空頭 FVG : 無
2026-07-25 00:09:28 | INFO    | ----------------------------------------------------------------------
2026-07-25 00:10:29 | INFO    | [00:09:19] 價格: 43999.0 | 大結構趨勢 (5M): NONE
2026-07-25 00:10:29 | INFO    |        即時信號 : 無特殊信號
2026-07-25 00:10:29 | INFO    |        多頭 OB  : [43771.0 - 43804.0] | 空頭 OB  : [43760.0 - 43800.0]
2026-07-25 00:10:29 | INFO    |        多頭 FVG : 無 | 空頭 FVG : 無
2026-07-25 00:10:29 | INFO    | ----------------------------------------------------------------------
2026-07-25 00:11:31 | INFO    | [00:10:21] 價格: 43974.0 | 大結構趨勢 (5M): NONE
2026-07-25 00:11:31 | INFO    |        即時信號 : 無特殊信號
2026-07-25 00:11:31 | INFO    |        多頭 OB  : [43771.0 - 43804.0] | 空頭 OB  : [43760.0 - 43800.0]
2026-07-25 00:11:31 | INFO    |        多頭 FVG : [43954.0 - 43974.0] | 空頭 FVG : 無
2026-07-25 00:11:31 | INFO    | ----------------------------------------------------------------------
2026-07-25 00:12:32 | INFO    | [00:11:22] 價格: 43964.0 | 大結構趨勢 (5M): NONE
2026-07-25 00:12:32 | INFO    |        即時信號 : 無特殊信號
2026-07-25 00:12:32 | INFO    |        多頭 OB  : [43771.0 - 43804.0] | 空頭 OB  : [43760.0 - 43800.0]
2026-07-25 00:12:32 | INFO    |        多頭 FVG : 無 | 空頭 FVG : 無
2026-07-25 00:12:32 | INFO    | ----------------------------------------------------------------------
2026-07-25 00:13:33 | INFO    | [00:12:23] 價格: 43923.0 | 大結構趨勢 (5M): NONE
2026-07-25 00:13:33 | INFO    |        即時信號 : 無特殊信號
2026-07-25 00:13:33 | INFO    |        多頭 OB  : [43771.0 - 43804.0] | 空頭 OB  : [43760.0 - 43800.0]
2026-07-25 00:13:33 | INFO    |        多頭 FVG : 無 | 空頭 FVG : [43964.0 - 43974.0]
2026-07-25 00:13:33 | INFO    | ----------------------------------------------------------------------
2026-07-25 00:14:34 | INFO    | [00:13:25] 價格: 43912.0 | 大結構趨勢 (5M): NONE
2026-07-25 00:14:34 | INFO    |        即時信號 : 無特殊信號
2026-07-25 00:14:34 | INFO    |        多頭 OB  : [43771.0 - 43804.0] | 空頭 OB  : [43760.0 - 43800.0]
2026-07-25 00:14:34 | INFO    |        多頭 FVG : 無 | 空頭 FVG : [43924.0 - 43949.0]
2026-07-25 00:14:34 | INFO    | ----------------------------------------------------------------------
2026-07-25 00:15:35 | INFO    | [00:14:26] 價格: 43894.0 | 大結構趨勢 (5M): NONE
2026-07-25 00:15:35 | INFO    |        即時信號 : 無特殊信號
2026-07-25 00:15:35 | INFO    |        多頭 OB  : [43771.0 - 43804.0] | 空頭 OB  : [43760.0 - 43800.0]
2026-07-25 00:15:35 | INFO    |        多頭 FVG : 無 | 空頭 FVG : 無
2026-07-25 00:15:35 | INFO    | ----------------------------------------------------------------------
2026-07-25 00:16:35 | INFO    | [00:15:26] 價格: 43883.0 | 大結構趨勢 (5M): NONE
2026-07-25 00:16:35 | INFO    |        即時信號 : 無特殊信號
2026-07-25 00:16:35 | INFO    |        多頭 OB  : [43771.0 - 43804.0] | 空頭 OB  : [43760.0 - 43800.0]
2026-07-25 00:16:35 | INFO    |        多頭 FVG : 無 | 空頭 FVG : [43904.0 - 43906.0]
2026-07-25 00:16:35 | INFO    | ----------------------------------------------------------------------
2026-07-25 00:17:40 | INFO    | [00:16:27] 價格: 43885.0 | 大結構趨勢 (5M): NONE
2026-07-25 00:17:40 | INFO    |        即時信號 : 無特殊信號
2026-07-25 00:17:40 | INFO    |        多頭 OB  : [43771.0 - 43804.0] | 空頭 OB  : [43760.0 - 43800.0]
2026-07-25 00:17:40 | INFO    |        多頭 FVG : 無 | 空頭 FVG : 無
2026-07-25 00:17:40 | INFO    | ----------------------------------------------------------------------
2026-07-25 00:18:40 | INFO    | [00:17:31] 價格: 43881.0 | 大結構趨勢 (5M): NONE
2026-07-25 00:18:40 | INFO    |        即時信號 : 無特殊信號
2026-07-25 00:18:40 | INFO    |        多頭 OB  : [43771.0 - 43804.0] | 空頭 OB  : [43760.0 - 43800.0]
2026-07-25 00:18:40 | INFO    |        多頭 FVG : 無 | 空頭 FVG : 無
2026-07-25 00:18:40 | INFO    | ----------------------------------------------------------------------
2026-07-25 00:19:40 | INFO    | [00:18:31] 價格: 43879.0 | 大結構趨勢 (5M): NONE
2026-07-25 00:19:40 | INFO    |        即時信號 : 無特殊信號
2026-07-25 00:19:40 | INFO    |        多頭 OB  : [43771.0 - 43804.0] | 空頭 OB  : [43760.0 - 43800.0]
2026-07-25 00:19:40 | INFO    |        多頭 FVG : 無 | 空頭 FVG : 無
2026-07-25 00:19:40 | INFO    | ----------------------------------------------------------------------
2026-07-25 00:20:42 | INFO    | [00:19:31] 價格: 43897.0 | 大結構趨勢 (5M): NONE
2026-07-25 00:20:42 | INFO    |        即時信號 : 無特殊信號
2026-07-25 00:20:42 | INFO    |        多頭 OB  : [43771.0 - 43804.0] | 空頭 OB  : [43760.0 - 43800.0]
2026-07-25 00:20:42 | INFO    |        多頭 FVG : 無 | 空頭 FVG : 無
2026-07-25 00:20:42 | INFO    | ----------------------------------------------------------------------
2026-07-25 00:21:48 | INFO    | [00:20:33] 價格: 43880.0 | 大結構趨勢 (5M): NONE
2026-07-25 00:21:48 | INFO    |        即時信號 : 無特殊信號
2026-07-25 00:21:48 | INFO    |        多頭 OB  : [43771.0 - 43804.0] | 空頭 OB  : [43760.0 - 43800.0]
2026-07-25 00:21:48 | INFO    |        多頭 FVG : 無 | 空頭 FVG : 無
2026-07-25 00:21:48 | INFO    | ----------------------------------------------------------------------
2026-07-25 00:22:52 | INFO    | [00:21:39] 價格: 43906.0 | 大結構趨勢 (5M): NONE
2026-07-25 00:22:52 | INFO    |        即時信號 : ★ [流動性掠奪] Sweep Low 形成！(買方防守)
2026-07-25 00:22:52 | INFO    |        多頭 OB  : [43771.0 - 43804.0] | 空頭 OB  : [43760.0 - 43800.0]
2026-07-25 00:22:52 | INFO    |        多頭 FVG : 無 | 空頭 FVG : 無
2026-07-25 00:22:52 | INFO    | ----------------------------------------------------------------------
2026-07-25 00:22:52 | INFO    | [過濾] 偵測到信號但建議無效，已跳過發送 Telegram 通知。
2026-07-25 00:24:00 | INFO    | [00:22:43] 價格: 43927.0 | 大結構趨勢 (5M): NONE
2026-07-25 00:24:00 | INFO    |        即時信號 : 無特殊信號
2026-07-25 00:24:00 | INFO    |        多頭 OB  : [43771.0 - 43804.0] | 空頭 OB  : [43760.0 - 43800.0]
2026-07-25 00:24:00 | INFO    |        多頭 FVG : 無 | 空頭 FVG : 無
2026-07-25 00:24:00 | INFO    | ----------------------------------------------------------------------
2026-07-25 00:25:02 | INFO    | [00:23:51] 價格: 43890.0 | 大結構趨勢 (5M): NONE
2026-07-25 00:25:02 | INFO    |        即時信號 : 無特殊信號
2026-07-25 00:25:02 | INFO    |        多頭 OB  : [43771.0 - 43804.0] | 空頭 OB  : [43760.0 - 43800.0]
2026-07-25 00:25:02 | INFO    |        多頭 FVG : 無 | 空頭 FVG : 無
2026-07-25 00:25:02 | INFO    | ----------------------------------------------------------------------
2026-07-25 00:26:03 | INFO    | [00:24:53] 價格: 43905.0 | 大結構趨勢 (5M): NONE
2026-07-25 00:26:03 | INFO    |        即時信號 : 無特殊信號
2026-07-25 00:26:03 | INFO    |        多頭 OB  : [43771.0 - 43804.0] | 空頭 OB  : [43760.0 - 43800.0]
2026-07-25 00:26:03 | INFO    |        多頭 FVG : 無 | 空頭 FVG : [43905.0 - 43914.0]
2026-07-25 00:26:03 | INFO    | ----------------------------------------------------------------------
2026-07-25 00:27:09 | INFO    | [00:25:54] 價格: 43899.0 | 大結構趨勢 (5M): NONE
2026-07-25 00:27:09 | INFO    |        即時信號 : 無特殊信號
2026-07-25 00:27:09 | INFO    |        多頭 OB  : [43771.0 - 43804.0] | 空頭 OB  : [43760.0 - 43800.0]
2026-07-25 00:27:09 | INFO    |        多頭 FVG : 無 | 空頭 FVG : 無
2026-07-25 00:27:09 | INFO    | ----------------------------------------------------------------------
2026-07-25 00:28:11 | INFO    | [00:27:00] 價格: 43877.0 | 大結構趨勢 (5M): NONE
2026-07-25 00:28:11 | INFO    |        即時信號 : 無特殊信號
2026-07-25 00:28:11 | INFO    |        多頭 OB  : [43771.0 - 43804.0] | 空頭 OB  : [43760.0 - 43800.0]
2026-07-25 00:28:11 | INFO    |        多頭 FVG : 無 | 空頭 FVG : 無
2026-07-25 00:28:11 | INFO    | ----------------------------------------------------------------------
2026-07-25 00:29:11 | INFO    | [00:28:03] 價格: 43895.0 | 大結構趨勢 (5M): NONE
2026-07-25 00:29:11 | INFO    |        即時信號 : 無特殊信號
2026-07-25 00:29:11 | INFO    |        多頭 OB  : [43771.0 - 43804.0] | 空頭 OB  : [43760.0 - 43800.0]
2026-07-25 00:29:11 | INFO    |        多頭 FVG : 無 | 空頭 FVG : 無
2026-07-25 00:29:11 | INFO    | ----------------------------------------------------------------------
2026-07-25 00:30:11 | INFO    | [00:29:03] 價格: 43873.0 | 大結構趨勢 (5M): NONE
2026-07-25 00:30:11 | INFO    |        即時信號 : ★ [流動性掠奪] Sweep Low 形成！(買方防守)
2026-07-25 00:30:11 | INFO    |        多頭 OB  : [43771.0 - 43804.0] | 空頭 OB  : [43760.0 - 43800.0]
2026-07-25 00:30:11 | INFO    |        多頭 FVG : 無 | 空頭 FVG : 無
2026-07-25 00:30:11 | INFO    | ----------------------------------------------------------------------
2026-07-25 00:30:11 | INFO    | [過濾] 偵測到信號但建議無效，已跳過發送 Telegram 通知。
2026-07-25 00:31:12 | INFO    | [00:30:03] 價格: 43832.0 | 大結構趨勢 (5M): NONE
2026-07-25 00:31:12 | INFO    |        即時信號 : ★★ [結構轉換] MSS Bearish 確立！趨勢轉空
2026-07-25 00:31:12 | INFO    |        多頭 OB  : [43771.0 - 43804.0] | 空頭 OB  : [43872.0 - 43895.0]
2026-07-25 00:31:12 | INFO    |        多頭 FVG : 無 | 空頭 FVG : 無
2026-07-25 00:31:12 | INFO    | ----------------------------------------------------------------------
2026-07-25 00:31:12 | INFO    | [過濾] 偵測到信號但建議無效，已跳過發送 Telegram 通知。
2026-07-25 00:32:17 | INFO    | [00:31:03] 價格: 43845.0 | 大結構趨勢 (5M): NONE
2026-07-25 00:32:17 | INFO    |        即時信號 : 無特殊信號
2026-07-25 00:32:17 | INFO    |        多頭 OB  : [43771.0 - 43804.0] | 空頭 OB  : [43872.0 - 43895.0]
2026-07-25 00:32:17 | INFO    |        多頭 FVG : 無 | 空頭 FVG : [43845.0 - 43869.0]
2026-07-25 00:32:17 | INFO    | ----------------------------------------------------------------------
2026-07-25 00:33:21 | INFO    | [00:32:08] 價格: 43847.0 | 大結構趨勢 (5M): NONE
2026-07-25 00:33:21 | INFO    |        即時信號 : 無特殊信號
2026-07-25 00:33:21 | INFO    |        多頭 OB  : [43771.0 - 43804.0] | 空頭 OB  : [43872.0 - 43895.0]
2026-07-25 00:33:21 | INFO    |        多頭 FVG : 無 | 空頭 FVG : 無
2026-07-25 00:33:21 | INFO    | ----------------------------------------------------------------------
2026-07-25 00:34:23 | INFO    | [00:33:13] 價格: 43857.0 | 大結構趨勢 (5M): NONE
2026-07-25 00:34:23 | INFO    |        即時信號 : 無特殊信號
2026-07-25 00:34:23 | INFO    |        多頭 OB  : [43771.0 - 43804.0] | 空頭 OB  : [43872.0 - 43895.0]
2026-07-25 00:34:23 | INFO    |        多頭 FVG : 無 | 空頭 FVG : 無
2026-07-25 00:34:23 | INFO    | ----------------------------------------------------------------------
2026-07-25 00:35:25 | INFO    | [00:34:15] 價格: 43831.0 | 大結構趨勢 (5M): NONE
2026-07-25 00:35:25 | INFO    |        即時信號 : 無特殊信號
2026-07-25 00:35:25 | INFO    |        多頭 OB  : [43771.0 - 43804.0] | 空頭 OB  : [43872.0 - 43895.0]
2026-07-25 00:35:25 | INFO    |        多頭 FVG : 無 | 空頭 FVG : 無
2026-07-25 00:35:25 | INFO    | ----------------------------------------------------------------------
2026-07-25 00:36:25 | INFO    | [00:35:16] 價格: 43840.0 | 大結構趨勢 (5M): NONE
2026-07-25 00:36:25 | INFO    |        即時信號 : 無特殊信號
2026-07-25 00:36:25 | INFO    |        多頭 OB  : [43771.0 - 43804.0] | 空頭 OB  : [43872.0 - 43895.0]
2026-07-25 00:36:25 | INFO    |        多頭 FVG : 無 | 空頭 FVG : 無
2026-07-25 00:36:25 | INFO    | ----------------------------------------------------------------------
2026-07-25 00:37:27 | INFO    | [00:36:17] 價格: 43821.0 | 大結構趨勢 (5M): NONE
2026-07-25 00:37:27 | INFO    |        即時信號 : 無特殊信號
2026-07-25 00:37:27 | INFO    |        多頭 OB  : [43771.0 - 43804.0] | 空頭 OB  : [43872.0 - 43895.0]
2026-07-25 00:37:27 | INFO    |        多頭 FVG : 無 | 空頭 FVG : 無
2026-07-25 00:37:27 | INFO    | ----------------------------------------------------------------------
2026-07-25 00:38:27 | INFO    | [00:37:18] 價格: 43813.0 | 大結構趨勢 (5M): NONE
2026-07-25 00:38:27 | INFO    |        即時信號 : 無特殊信號
2026-07-25 00:38:27 | INFO    |        多頭 OB  : [43771.0 - 43804.0] | 空頭 OB  : [43872.0 - 43895.0]
2026-07-25 00:38:27 | INFO    |        多頭 FVG : 無 | 空頭 FVG : [43830.0 - 43833.0]
2026-07-25 00:38:27 | INFO    | ----------------------------------------------------------------------
2026-07-25 00:39:33 | INFO    | [00:38:19] 價格: 43793.0 | 大結構趨勢 (5M): NONE
2026-07-25 00:39:33 | INFO    |        即時信號 : 無特殊信號
2026-07-25 00:39:33 | INFO    |        多頭 OB  : [43771.0 - 43804.0] | 空頭 OB  : [43872.0 - 43895.0]
2026-07-25 00:39:33 | INFO    |        多頭 FVG : 無 | 空頭 FVG : 無
2026-07-25 00:39:33 | INFO    | ----------------------------------------------------------------------
2026-07-25 00:40:33 | INFO    | [00:39:24] 價格: 43785.0 | 大結構趨勢 (5M): NONE
2026-07-25 00:40:33 | INFO    |        即時信號 : 無特殊信號
2026-07-25 00:40:33 | INFO    |        多頭 OB  : [43771.0 - 43804.0] | 空頭 OB  : [43872.0 - 43895.0]
2026-07-25 00:40:33 | INFO    |        多頭 FVG : 無 | 空頭 FVG : [43793.0 - 43808.0]
2026-07-25 00:40:33 | INFO    | ----------------------------------------------------------------------
2026-07-25 00:41:38 | INFO    | [00:40:25] 價格: 43762.0 | 大結構趨勢 (5M): NONE
2026-07-25 00:41:38 | INFO    |        即時信號 : 無特殊信號
2026-07-25 00:41:38 | INFO    |        多頭 OB  : [43771.0 - 43804.0] | 空頭 OB  : [43872.0 - 43895.0]
2026-07-25 00:41:38 | INFO    |        多頭 FVG : 無 | 空頭 FVG : 無
2026-07-25 00:41:38 | INFO    | ----------------------------------------------------------------------
2026-07-25 00:42:41 | INFO    | [00:41:29] 價格: 43777.0 | 大結構趨勢 (5M): NONE
2026-07-25 00:42:41 | INFO    |        即時信號 : 無特殊信號
2026-07-25 00:42:41 | INFO    |        多頭 OB  : [43771.0 - 43804.0] | 空頭 OB  : [43872.0 - 43895.0]
2026-07-25 00:42:41 | INFO    |        多頭 FVG : 無 | 空頭 FVG : 無
2026-07-25 00:42:41 | INFO    | ----------------------------------------------------------------------
2026-07-25 00:43:41 | INFO    | [00:42:33] 價格: 43759.0 | 大結構趨勢 (5M): NONE
2026-07-25 00:43:41 | INFO    |        即時信號 : 無特殊信號
2026-07-25 00:43:41 | INFO    |        多頭 OB  : [43771.0 - 43804.0] | 空頭 OB  : [43872.0 - 43895.0]
2026-07-25 00:43:41 | INFO    |        多頭 FVG : 無 | 空頭 FVG : 無
2026-07-25 00:43:41 | INFO    | ----------------------------------------------------------------------
2026-07-25 00:44:45 | INFO    | [00:43:33] 價格: 43745.0 | 大結構趨勢 (5M): NONE
2026-07-25 00:44:45 | INFO    |        即時信號 : 無特殊信號
2026-07-25 00:44:45 | INFO    |        多頭 OB  : [43771.0 - 43804.0] | 空頭 OB  : [43872.0 - 43895.0]
2026-07-25 00:44:45 | INFO    |        多頭 FVG : 無 | 空頭 FVG : 無
2026-07-25 00:44:45 | INFO    | ----------------------------------------------------------------------
2026-07-25 00:45:45 | INFO    | [00:44:36] 價格: 43758.0 | 大結構趨勢 (5M): NONE
2026-07-25 00:45:45 | INFO    |        即時信號 : 無特殊信號
2026-07-25 00:45:45 | INFO    |        多頭 OB  : [43771.0 - 43804.0] | 空頭 OB  : [43872.0 - 43895.0]
2026-07-25 00:45:45 | INFO    |        多頭 FVG : 無 | 空頭 FVG : 無
2026-07-25 00:45:45 | INFO    | ----------------------------------------------------------------------
2026-07-25 00:46:46 | INFO    | [00:45:37] 價格: 43738.0 | 大結構趨勢 (5M): NONE
2026-07-25 00:46:46 | INFO    |        即時信號 : 無特殊信號
2026-07-25 00:46:46 | INFO    |        多頭 OB  : [43771.0 - 43804.0] | 空頭 OB  : [43872.0 - 43895.0]
2026-07-25 00:46:46 | INFO    |        多頭 FVG : 無 | 空頭 FVG : 無
2026-07-25 00:46:46 | INFO    | ----------------------------------------------------------------------
2026-07-25 00:47:47 | INFO    | [00:46:37] 價格: 43726.0 | 大結構趨勢 (5M): NONE
2026-07-25 00:47:47 | INFO    |        即時信號 : 無特殊信號
2026-07-25 00:47:47 | INFO    |        多頭 OB  : [43771.0 - 43804.0] | 空頭 OB  : [43872.0 - 43895.0]
2026-07-25 00:47:47 | INFO    |        多頭 FVG : 無 | 空頭 FVG : 無
2026-07-25 00:47:47 | INFO    | ----------------------------------------------------------------------
2026-07-25 00:48:50 | INFO    | [00:47:38] 價格: 43698.0 | 大結構趨勢 (5M): NONE
2026-07-25 00:48:50 | INFO    |        即時信號 : 無特殊信號
2026-07-25 00:48:50 | INFO    |        多頭 OB  : [43771.0 - 43804.0] | 空頭 OB  : [43872.0 - 43895.0]
2026-07-25 00:48:50 | INFO    |        多頭 FVG : 無 | 空頭 FVG : [43730.0 - 43732.0]
2026-07-25 00:48:50 | INFO    | ----------------------------------------------------------------------
2026-07-25 00:49:50 | INFO    | [00:48:42] 價格: 43709.0 | 大結構趨勢 (5M): NONE
2026-07-25 00:49:50 | INFO    |        即時信號 : 無特殊信號
2026-07-25 00:49:50 | INFO    |        多頭 OB  : [43771.0 - 43804.0] | 空頭 OB  : [43872.0 - 43895.0]
2026-07-25 00:49:50 | INFO    |        多頭 FVG : 無 | 空頭 FVG : [43709.0 - 43722.0]
2026-07-25 00:49:50 | INFO    | ----------------------------------------------------------------------
2026-07-25 00:51:00 | INFO    | [00:49:42] 價格: 43699.0 | 大結構趨勢 (5M): NONE
2026-07-25 00:51:00 | INFO    |        即時信號 : 無特殊信號
2026-07-25 00:51:00 | INFO    |        多頭 OB  : [43771.0 - 43804.0] | 空頭 OB  : [43872.0 - 43895.0]
2026-07-25 00:51:00 | INFO    |        多頭 FVG : 無 | 空頭 FVG : 無
2026-07-25 00:51:00 | INFO    | ----------------------------------------------------------------------
2026-07-25 00:52:00 | INFO    | [00:50:51] 價格: 43683.0 | 大結構趨勢 (5M): NONE
2026-07-25 00:52:00 | INFO    |        即時信號 : 無特殊信號
2026-07-25 00:52:00 | INFO    |        多頭 OB  : [43771.0 - 43804.0] | 空頭 OB  : [43872.0 - 43895.0]
2026-07-25 00:52:00 | INFO    |        多頭 FVG : 無 | 空頭 FVG : 無
2026-07-25 00:52:00 | INFO    | ----------------------------------------------------------------------
2026-07-25 00:53:03 | INFO    | [00:51:52] 價格: 43695.0 | 大結構趨勢 (5M): NONE
2026-07-25 00:53:03 | INFO    |        即時信號 : 無特殊信號
2026-07-25 00:53:03 | INFO    |        多頭 OB  : [43771.0 - 43804.0] | 空頭 OB  : [43872.0 - 43895.0]
2026-07-25 00:53:03 | INFO    |        多頭 FVG : 無 | 空頭 FVG : 無
2026-07-25 00:53:03 | INFO    | ----------------------------------------------------------------------
2026-07-25 00:54:04 | INFO    | [00:52:54] 價格: 43688.0 | 大結構趨勢 (5M): NONE
2026-07-25 00:54:04 | INFO    |        即時信號 : 無特殊信號
2026-07-25 00:54:04 | INFO    |        多頭 OB  : [43771.0 - 43804.0] | 空頭 OB  : [43872.0 - 43895.0]
2026-07-25 00:54:04 | INFO    |        多頭 FVG : 無 | 空頭 FVG : 無
2026-07-25 00:54:04 | INFO    | ----------------------------------------------------------------------
2026-07-25 00:55:05 | INFO    | [00:53:56] 價格: 43703.0 | 大結構趨勢 (5M): NONE
2026-07-25 00:55:05 | INFO    |        即時信號 : 無特殊信號
2026-07-25 00:55:05 | INFO    |        多頭 OB  : [43771.0 - 43804.0] | 空頭 OB  : [43872.0 - 43895.0]
2026-07-25 00:55:05 | INFO    |        多頭 FVG : 無 | 空頭 FVG : 無
2026-07-25 00:55:05 | INFO    | ----------------------------------------------------------------------
2026-07-25 00:56:07 | INFO    | [00:54:56] 價格: 43714.0 | 大結構趨勢 (5M): NONE
2026-07-25 00:56:07 | INFO    |        即時信號 : 無特殊信號
2026-07-25 00:56:07 | INFO    |        多頭 OB  : [43771.0 - 43804.0] | 空頭 OB  : [43872.0 - 43895.0]
2026-07-25 00:56:07 | INFO    |        多頭 FVG : 無 | 空頭 FVG : 無
2026-07-25 00:56:07 | INFO    | ----------------------------------------------------------------------
2026-07-25 00:57:08 | INFO    | [00:55:59] 價格: 43724.0 | 大結構趨勢 (5M): NONE
2026-07-25 00:57:08 | INFO    |        即時信號 : 無特殊信號
2026-07-25 00:57:08 | INFO    |        多頭 OB  : [43771.0 - 43804.0] | 空頭 OB  : [43872.0 - 43895.0]
2026-07-25 00:57:08 | INFO    |        多頭 FVG : 無 | 空頭 FVG : 無
2026-07-25 00:57:08 | INFO    | ----------------------------------------------------------------------
2026-07-25 00:58:10 | INFO    | [00:57:00] 價格: 43758.0 | 大結構趨勢 (5M): NONE
2026-07-25 00:58:10 | INFO    |        即時信號 : 無特殊信號
2026-07-25 00:58:10 | INFO    |        多頭 OB  : [43771.0 - 43804.0] | 空頭 OB  : [43872.0 - 43895.0]
2026-07-25 00:58:10 | INFO    |        多頭 FVG : [43724.0 - 43728.0] | 空頭 FVG : 無
2026-07-25 00:58:10 | INFO    | ----------------------------------------------------------------------
2026-07-25 00:59:12 | INFO    | [00:58:02] 價格: 43765.0 | 大結構趨勢 (5M): NONE
2026-07-25 00:59:12 | INFO    |        即時信號 : 無特殊信號
2026-07-25 00:59:12 | INFO    |        多頭 OB  : [43771.0 - 43804.0] | 空頭 OB  : [43872.0 - 43895.0]
2026-07-25 00:59:12 | INFO    |        多頭 FVG : [43731.0 - 43755.0] | 空頭 FVG : 無
2026-07-25 00:59:12 | INFO    | ----------------------------------------------------------------------
2026-07-25 01:00:13 | INFO    | [00:59:04] 價格: 43741.0 | 大結構趨勢 (5M): NONE
2026-07-25 01:00:13 | INFO    |        即時信號 : 無特殊信號
2026-07-25 01:00:13 | INFO    |        多頭 OB  : [43771.0 - 43804.0] | 空頭 OB  : [43872.0 - 43895.0]
2026-07-25 01:00:13 | INFO    |        多頭 FVG : 無 | 空頭 FVG : 無
2026-07-25 01:00:13 | INFO    | ----------------------------------------------------------------------
2026-07-25 01:01:14 | INFO    | [01:00:04] 價格: 43733.0 | 大結構趨勢 (5M): NONE
2026-07-25 01:01:14 | INFO    |        即時信號 : 無特殊信號
2026-07-25 01:01:14 | INFO    |        多頭 OB  : [43771.0 - 43804.0] | 空頭 OB  : [43872.0 - 43895.0]
2026-07-25 01:01:14 | INFO    |        多頭 FVG : 無 | 空頭 FVG : 無
2026-07-25 01:01:14 | INFO    | ----------------------------------------------------------------------
2026-07-25 01:02:16 | INFO    | [01:01:05] 價格: 43726.0 | 大結構趨勢 (5M): NONE
2026-07-25 01:02:16 | INFO    |        即時信號 : 無特殊信號
2026-07-25 01:02:16 | INFO    |        多頭 OB  : [43771.0 - 43804.0] | 空頭 OB  : [43872.0 - 43895.0]
2026-07-25 01:02:16 | INFO    |        多頭 FVG : 無 | 空頭 FVG : [43730.0 - 43736.0]
2026-07-25 01:02:16 | INFO    | ----------------------------------------------------------------------
2026-07-25 01:03:24 | INFO    | [01:02:07] 價格: 43723.0 | 大結構趨勢 (5M): NONE
2026-07-25 01:03:24 | INFO    |        即時信號 : 無特殊信號
2026-07-25 01:03:24 | INFO    |        多頭 OB  : [43771.0 - 43804.0] | 空頭 OB  : [43872.0 - 43895.0]
2026-07-25 01:03:24 | INFO    |        多頭 FVG : 無 | 空頭 FVG : 無
2026-07-25 01:03:24 | INFO    | ----------------------------------------------------------------------
2026-07-25 01:04:30 | INFO    | [01:03:16] 價格: 43730.0 | 大結構趨勢 (5M): NONE
2026-07-25 01:04:30 | INFO    |        即時信號 : 無特殊信號
2026-07-25 01:04:30 | INFO    |        多頭 OB  : [43771.0 - 43804.0] | 空頭 OB  : [43872.0 - 43895.0]
2026-07-25 01:04:30 | INFO    |        多頭 FVG : 無 | 空頭 FVG : 無
2026-07-25 01:04:30 | INFO    | ----------------------------------------------------------------------
2026-07-25 01:05:38 | INFO    | [01:04:21] 價格: 43708.0 | 大結構趨勢 (5M): NONE
2026-07-25 01:05:38 | INFO    |        即時信號 : 無特殊信號
2026-07-25 01:05:38 | INFO    |        多頭 OB  : [43771.0 - 43804.0] | 空頭 OB  : [43872.0 - 43895.0]
2026-07-25 01:05:38 | INFO    |        多頭 FVG : 無 | 空頭 FVG : 無
2026-07-25 01:05:38 | INFO    | ----------------------------------------------------------------------
2026-07-25 01:06:40 | INFO    | [01:05:29] 價格: 43689.0 | 大結構趨勢 (5M): NONE
2026-07-25 01:06:40 | INFO    |        即時信號 : 無特殊信號
2026-07-25 01:06:40 | INFO    |        多頭 OB  : [43771.0 - 43804.0] | 空頭 OB  : [43872.0 - 43895.0]
2026-07-25 01:06:40 | INFO    |        多頭 FVG : 無 | 空頭 FVG : 無
2026-07-25 01:06:40 | INFO    | ----------------------------------------------------------------------
2026-07-25 01:07:43 | INFO    | [01:06:31] 價格: 43683.0 | 大結構趨勢 (5M): NONE
2026-07-25 01:07:43 | INFO    |        即時信號 : 無特殊信號
2026-07-25 01:07:43 | INFO    |        多頭 OB  : [43771.0 - 43804.0] | 空頭 OB  : [43872.0 - 43895.0]
2026-07-25 01:07:43 | INFO    |        多頭 FVG : 無 | 空頭 FVG : [43704.0 - 43707.0]
2026-07-25 01:07:43 | INFO    | ----------------------------------------------------------------------
2026-07-25 01:08:44 | INFO    | [01:07:34] 價格: 43636.0 | 大結構趨勢 (5M): NONE
2026-07-25 01:08:44 | INFO    |        即時信號 : 無特殊信號
2026-07-25 01:08:44 | INFO    |        多頭 OB  : [43771.0 - 43804.0] | 空頭 OB  : [43872.0 - 43895.0]
2026-07-25 01:08:44 | INFO    |        多頭 FVG : 無 | 空頭 FVG : 無
2026-07-25 01:08:44 | INFO    | ----------------------------------------------------------------------
2026-07-25 01:09:47 | INFO    | [01:08:35] 價格: 43645.0 | 大結構趨勢 (5M): NONE
2026-07-25 01:09:47 | INFO    |        即時信號 : 無特殊信號
2026-07-25 01:09:47 | INFO    |        多頭 OB  : [43771.0 - 43804.0] | 空頭 OB  : [43872.0 - 43895.0]
2026-07-25 01:09:47 | INFO    |        多頭 FVG : 無 | 空頭 FVG : [43650.0 - 43678.0]
2026-07-25 01:09:47 | INFO    | ----------------------------------------------------------------------
2026-07-25 01:10:47 | INFO    | [01:09:38] 價格: 43627.0 | 大結構趨勢 (5M): NONE
2026-07-25 01:10:47 | INFO    |        即時信號 : 無特殊信號
2026-07-25 01:10:47 | INFO    |        多頭 OB  : [43771.0 - 43804.0] | 空頭 OB  : [43872.0 - 43895.0]
2026-07-25 01:10:47 | INFO    |        多頭 FVG : 無 | 空頭 FVG : 無
2026-07-25 01:10:47 | INFO    | ----------------------------------------------------------------------
2026-07-25 01:11:49 | INFO    | [01:10:38] 價格: 43658.0 | 大結構趨勢 (5M): NONE
2026-07-25 01:11:49 | INFO    |        即時信號 : 無特殊信號
2026-07-25 01:11:49 | INFO    |        多頭 OB  : [43771.0 - 43804.0] | 空頭 OB  : [43872.0 - 43895.0]
2026-07-25 01:11:49 | INFO    |        多頭 FVG : 無 | 空頭 FVG : 無
2026-07-25 01:11:49 | INFO    | ----------------------------------------------------------------------
2026-07-25 01:12:51 | INFO    | [01:11:40] 價格: 43667.0 | 大結構趨勢 (5M): NONE
2026-07-25 01:12:51 | INFO    |        即時信號 : 無特殊信號
2026-07-25 01:12:51 | INFO    |        多頭 OB  : [43771.0 - 43804.0] | 空頭 OB  : [43872.0 - 43895.0]
2026-07-25 01:12:51 | INFO    |        多頭 FVG : [43648.0 - 43652.0] | 空頭 FVG : 無
2026-07-25 01:12:51 | INFO    | ----------------------------------------------------------------------
2026-07-25 01:13:51 | INFO    | [01:12:42] 價格: 43676.0 | 大結構趨勢 (5M): NONE
2026-07-25 01:13:51 | INFO    |        即時信號 : 無特殊信號
2026-07-25 01:13:51 | INFO    |        多頭 OB  : [43771.0 - 43804.0] | 空頭 OB  : [43872.0 - 43895.0]
2026-07-25 01:13:51 | INFO    |        多頭 FVG : 無 | 空頭 FVG : 無
2026-07-25 01:13:51 | INFO    | ----------------------------------------------------------------------
2026-07-25 01:14:53 | INFO    | [01:13:42] 價格: 43661.0 | 大結構趨勢 (5M): NONE
2026-07-25 01:14:53 | INFO    |        即時信號 : 無特殊信號
2026-07-25 01:14:53 | INFO    |        多頭 OB  : [43771.0 - 43804.0] | 空頭 OB  : [43872.0 - 43895.0]
2026-07-25 01:14:53 | INFO    |        多頭 FVG : 無 | 空頭 FVG : 無
2026-07-25 01:14:53 | INFO    | ----------------------------------------------------------------------
2026-07-25 01:15:55 | INFO    | [01:14:45] 價格: 43656.0 | 大結構趨勢 (5M): NONE
2026-07-25 01:15:55 | INFO    |        即時信號 : 無特殊信號
2026-07-25 01:15:55 | INFO    |        多頭 OB  : [43771.0 - 43804.0] | 空頭 OB  : [43872.0 - 43895.0]
2026-07-25 01:15:55 | INFO    |        多頭 FVG : 無 | 空頭 FVG : [43659.0 - 43663.0]
2026-07-25 01:15:55 | INFO    | ----------------------------------------------------------------------
2026-07-25 01:16:56 | INFO    | [01:15:46] 價格: 43646.0 | 大結構趨勢 (5M): NONE
2026-07-25 01:16:56 | INFO    |        即時信號 : 無特殊信號
2026-07-25 01:16:56 | INFO    |        多頭 OB  : [43771.0 - 43804.0] | 空頭 OB  : [43872.0 - 43895.0]
2026-07-25 01:16:56 | INFO    |        多頭 FVG : 無 | 空頭 FVG : [43655.0 - 43660.0]
2026-07-25 01:16:56 | INFO    | ----------------------------------------------------------------------
2026-07-25 01:17:56 | INFO    | [01:16:47] 價格: 43691.0 | 大結構趨勢 (5M): NONE
2026-07-25 01:17:56 | INFO    |        即時信號 : 無特殊信號
2026-07-25 01:17:56 | INFO    |        多頭 OB  : [43771.0 - 43804.0] | 空頭 OB  : [43872.0 - 43895.0]
2026-07-25 01:17:56 | INFO    |        多頭 FVG : 無 | 空頭 FVG : 無
2026-07-25 01:17:56 | INFO    | ----------------------------------------------------------------------
2026-07-25 01:18:56 | INFO    | [01:17:48] 價格: 43720.0 | 大結構趨勢 (5M): NONE
2026-07-25 01:18:56 | INFO    |        即時信號 : 無特殊信號
2026-07-25 01:18:56 | INFO    |        多頭 OB  : [43771.0 - 43804.0] | 空頭 OB  : [43872.0 - 43895.0]
2026-07-25 01:18:56 | INFO    |        多頭 FVG : [43655.0 - 43686.0] | 空頭 FVG : 無
2026-07-25 01:18:56 | INFO    | ----------------------------------------------------------------------
2026-07-25 01:19:58 | INFO    | [01:18:48] 價格: 43733.0 | 大結構趨勢 (5M): NONE
2026-07-25 01:19:58 | INFO    |        即時信號 : 無特殊信號
2026-07-25 01:19:58 | INFO    |        多頭 OB  : [43771.0 - 43804.0] | 空頭 OB  : [43872.0 - 43895.0]
2026-07-25 01:19:58 | INFO    |        多頭 FVG : [43691.0 - 43715.0] | 空頭 FVG : 無
2026-07-25 01:19:58 | INFO    | ----------------------------------------------------------------------
2026-07-25 01:21:05 | INFO    | [01:19:49] 價格: 43720.0 | 大結構趨勢 (5M): NONE
2026-07-25 01:21:05 | INFO    |        即時信號 : 無特殊信號
2026-07-25 01:21:05 | INFO    |        多頭 OB  : [43771.0 - 43804.0] | 空頭 OB  : [43872.0 - 43895.0]
2026-07-25 01:21:05 | INFO    |        多頭 FVG : 無 | 空頭 FVG : 無
2026-07-25 01:21:05 | INFO    | ----------------------------------------------------------------------
2026-07-25 01:22:06 | INFO    | [01:20:57] 價格: 43716.0 | 大結構趨勢 (5M): NONE
2026-07-25 01:22:06 | INFO    |        即時信號 : 無特殊信號
2026-07-25 01:22:06 | INFO    |        多頭 OB  : [43771.0 - 43804.0] | 空頭 OB  : [43872.0 - 43895.0]
2026-07-25 01:22:06 | INFO    |        多頭 FVG : 無 | 空頭 FVG : 無
2026-07-25 01:22:06 | INFO    | ----------------------------------------------------------------------
2026-07-25 01:23:17 | INFO    | [01:21:57] 價格: 43691.0 | 大結構趨勢 (5M): NONE
2026-07-25 01:23:17 | INFO    |        即時信號 : 無特殊信號
2026-07-25 01:23:17 | INFO    |        多頭 OB  : [43771.0 - 43804.0] | 空頭 OB  : [43872.0 - 43895.0]
2026-07-25 01:23:17 | INFO    |        多頭 FVG : 無 | 空頭 FVG : 無
2026-07-25 01:23:17 | INFO    | ----------------------------------------------------------------------
2026-07-25 01:24:17 | INFO    | [01:23:08] 價格: 43702.0 | 大結構趨勢 (5M): NONE
2026-07-25 01:24:17 | INFO    |        即時信號 : 無特殊信號
2026-07-25 01:24:17 | INFO    |        多頭 OB  : [43771.0 - 43804.0] | 空頭 OB  : [43872.0 - 43895.0]
2026-07-25 01:24:17 | INFO    |        多頭 FVG : 無 | 空頭 FVG : [43705.0 - 43712.0]
2026-07-25 01:24:17 | INFO    | ----------------------------------------------------------------------
2026-07-25 01:25:18 | INFO    | [01:24:09] 價格: 43738.0 | 大結構趨勢 (5M): NONE
2026-07-25 01:25:18 | INFO    |        即時信號 : 無特殊信號
2026-07-25 01:25:18 | INFO    |        多頭 OB  : [43771.0 - 43804.0] | 空頭 OB  : [43872.0 - 43895.0]
2026-07-25 01:25:18 | INFO    |        多頭 FVG : 無 | 空頭 FVG : 無
2026-07-25 01:25:18 | INFO    | ----------------------------------------------------------------------
2026-07-25 01:26:18 | INFO    | [01:25:09] 價格: 43747.0 | 大結構趨勢 (5M): NONE
2026-07-25 01:26:18 | INFO    |        即時信號 : 無特殊信號
2026-07-25 01:26:18 | INFO    |        多頭 OB  : [43771.0 - 43804.0] | 空頭 OB  : [43872.0 - 43895.0]
2026-07-25 01:26:18 | INFO    |        多頭 FVG : [43705.0 - 43714.0] | 空頭 FVG : 無
2026-07-25 01:26:18 | INFO    | ----------------------------------------------------------------------
2026-07-25 01:27:18 | INFO    | [01:26:09] 價格: 43786.0 | 大結構趨勢 (5M): NONE
2026-07-25 01:27:18 | INFO    |        即時信號 : ★★ [結構轉換] MSS Bullish 確立！趨勢轉多
2026-07-25 01:27:18 | INFO    |        多頭 OB  : [43691.0 - 43725.0] | 空頭 OB  : [43872.0 - 43895.0]
2026-07-25 01:27:18 | INFO    |        多頭 FVG : 無 | 空頭 FVG : 無
2026-07-25 01:27:18 | INFO    | ----------------------------------------------------------------------
2026-07-25 01:27:18 | INFO    | [過濾] 偵測到信號但建議無效，已跳過發送 Telegram 通知。
2026-07-25 01:28:22 | INFO    | [01:27:10] 價格: 43788.0 | 大結構趨勢 (5M): NONE
2026-07-25 01:28:22 | INFO    |        即時信號 : 無特殊信號
2026-07-25 01:28:22 | INFO    |        多頭 OB  : [43691.0 - 43725.0] | 空頭 OB  : [43872.0 - 43895.0]
2026-07-25 01:28:22 | INFO    |        多頭 FVG : [43752.0 - 43777.0] | 空頭 FVG : 無
2026-07-25 01:28:22 | INFO    | ----------------------------------------------------------------------
2026-07-25 01:29:23 | INFO    | [01:28:13] 價格: 43800.0 | 大結構趨勢 (5M): NONE
2026-07-25 01:29:23 | INFO    |        即時信號 : 無特殊信號
2026-07-25 01:29:23 | INFO    |        多頭 OB  : [43691.0 - 43725.0] | 空頭 OB  : [43872.0 - 43895.0]
2026-07-25 01:29:23 | INFO    |        多頭 FVG : 無 | 空頭 FVG : 無
2026-07-25 01:29:23 | INFO    | ----------------------------------------------------------------------
2026-07-25 01:30:28 | INFO    | [01:29:14] 價格: 43786.0 | 大結構趨勢 (5M): NONE
2026-07-25 01:30:28 | INFO    |        即時信號 : 無特殊信號
2026-07-25 01:30:28 | INFO    |        多頭 OB  : [43691.0 - 43725.0] | 空頭 OB  : [43872.0 - 43895.0]
2026-07-25 01:30:28 | INFO    |        多頭 FVG : 無 | 空頭 FVG : 無
2026-07-25 01:30:28 | INFO    | ----------------------------------------------------------------------
2026-07-25 01:31:28 | INFO    | [01:30:19] 價格: 43807.0 | 大結構趨勢 (5M): NONE
2026-07-25 01:31:28 | INFO    |        即時信號 : 無特殊信號
2026-07-25 01:31:28 | INFO    |        多頭 OB  : [43691.0 - 43725.0] | 空頭 OB  : [43872.0 - 43895.0]
2026-07-25 01:31:28 | INFO    |        多頭 FVG : 無 | 空頭 FVG : 無
2026-07-25 01:31:28 | INFO    | ----------------------------------------------------------------------
2026-07-25 01:32:32 | INFO    | [01:31:19] 價格: 43808.0 | 大結構趨勢 (5M): NONE
2026-07-25 01:32:32 | INFO    |        即時信號 : 無特殊信號
2026-07-25 01:32:32 | INFO    |        多頭 OB  : [43691.0 - 43725.0] | 空頭 OB  : [43872.0 - 43895.0]
2026-07-25 01:32:32 | INFO    |        多頭 FVG : 無 | 空頭 FVG : 無
2026-07-25 01:32:32 | INFO    | ----------------------------------------------------------------------
2026-07-25 01:33:34 | INFO    | [01:32:23] 價格: 43806.0 | 大結構趨勢 (5M): NONE
2026-07-25 01:33:34 | INFO    |        即時信號 : 無特殊信號
2026-07-25 01:33:34 | INFO    |        多頭 OB  : [43691.0 - 43725.0] | 空頭 OB  : [43872.0 - 43895.0]
2026-07-25 01:33:34 | INFO    |        多頭 FVG : 無 | 空頭 FVG : 無
2026-07-25 01:33:34 | INFO    | ----------------------------------------------------------------------
2026-07-25 01:34:36 | INFO    | [01:33:25] 價格: 43846.0 | 大結構趨勢 (5M): NONE
2026-07-25 01:34:36 | INFO    |        即時信號 : 無特殊信號
2026-07-25 01:34:36 | INFO    |        多頭 OB  : [43691.0 - 43725.0] | 空頭 OB  : [43872.0 - 43895.0]
2026-07-25 01:34:36 | INFO    |        多頭 FVG : 無 | 空頭 FVG : 無
2026-07-25 01:34:36 | INFO    | ----------------------------------------------------------------------
2026-07-25 01:35:46 | INFO    | [01:34:27] 價格: 43848.0 | 大結構趨勢 (5M): NONE
2026-07-25 01:35:46 | INFO    |        即時信號 : 無特殊信號
2026-07-25 01:35:46 | INFO    |        多頭 OB  : [43691.0 - 43725.0] | 空頭 OB  : [43872.0 - 43895.0]
2026-07-25 01:35:46 | INFO    |        多頭 FVG : [43815.0 - 43845.0] | 空頭 FVG : 無
2026-07-25 01:35:46 | INFO    | ----------------------------------------------------------------------
2026-07-25 01:36:48 | INFO    | [01:35:38] 價格: 43829.0 | 大結構趨勢 (5M): NONE
2026-07-25 01:36:48 | INFO    |        即時信號 : 無特殊信號
2026-07-25 01:36:48 | INFO    |        多頭 OB  : [43691.0 - 43725.0] | 空頭 OB  : [43872.0 - 43895.0]
2026-07-25 01:36:48 | INFO    |        多頭 FVG : 無 | 空頭 FVG : 無
2026-07-25 01:36:48 | INFO    | ----------------------------------------------------------------------
2026-07-25 01:37:50 | INFO    | [01:36:39] 價格: 43799.0 | 大結構趨勢 (5M): NONE
2026-07-25 01:37:50 | INFO    |        即時信號 : 無特殊信號
2026-07-25 01:37:50 | INFO    |        多頭 OB  : [43691.0 - 43725.0] | 空頭 OB  : [43872.0 - 43895.0]
2026-07-25 01:37:50 | INFO    |        多頭 FVG : 無 | 空頭 FVG : [43826.0 - 43845.0]
2026-07-25 01:37:50 | INFO    | ----------------------------------------------------------------------
2026-07-25 01:38:51 | INFO    | [01:37:42] 價格: 43796.0 | 大結構趨勢 (5M): NONE
2026-07-25 01:38:51 | INFO    |        即時信號 : 無特殊信號
2026-07-25 01:38:51 | INFO    |        多頭 OB  : [43691.0 - 43725.0] | 空頭 OB  : [43872.0 - 43895.0]
2026-07-25 01:38:51 | INFO    |        多頭 FVG : 無 | 空頭 FVG : [43799.0 - 43818.0]
2026-07-25 01:38:51 | INFO    | ----------------------------------------------------------------------
2026-07-25 01:39:53 | INFO    | [01:38:42] 價格: 43770.0 | 大結構趨勢 (5M): NONE
2026-07-25 01:39:53 | INFO    |        即時信號 : 無特殊信號
2026-07-25 01:39:53 | INFO    |        多頭 OB  : [43691.0 - 43725.0] | 空頭 OB  : [43872.0 - 43895.0]
2026-07-25 01:39:53 | INFO    |        多頭 FVG : 無 | 空頭 FVG : 無
2026-07-25 01:39:53 | INFO    | ----------------------------------------------------------------------
2026-07-25 01:40:55 | INFO    | [01:39:44] 價格: 43771.0 | 大結構趨勢 (5M): NONE
2026-07-25 01:40:55 | INFO    |        即時信號 : 無特殊信號
2026-07-25 01:40:55 | INFO    |        多頭 OB  : [43691.0 - 43725.0] | 空頭 OB  : [43872.0 - 43895.0]
2026-07-25 01:40:55 | INFO    |        多頭 FVG : 無 | 空頭 FVG : [43775.0 - 43790.0]
2026-07-25 01:40:55 | INFO    | ----------------------------------------------------------------------
2026-07-25 01:41:57 | INFO    | [01:40:46] 價格: 43762.0 | 大結構趨勢 (5M): NONE
2026-07-25 01:41:57 | INFO    |        即時信號 : 無特殊信號
2026-07-25 01:41:57 | INFO    |        多頭 OB  : [43691.0 - 43725.0] | 空頭 OB  : [43872.0 - 43895.0]
2026-07-25 01:41:57 | INFO    |        多頭 FVG : 無 | 空頭 FVG : 無
2026-07-25 01:41:57 | INFO    | ----------------------------------------------------------------------
2026-07-25 01:43:01 | INFO    | [01:41:48] 價格: 43751.0 | 大結構趨勢 (5M): NONE
2026-07-25 01:43:01 | INFO    |        即時信號 : 無特殊信號
2026-07-25 01:43:01 | INFO    |        多頭 OB  : [43691.0 - 43725.0] | 空頭 OB  : [43872.0 - 43895.0]
2026-07-25 01:43:01 | INFO    |        多頭 FVG : 無 | 空頭 FVG : 無
2026-07-25 01:43:01 | INFO    | ----------------------------------------------------------------------
2026-07-25 01:44:05 | INFO    | [01:42:52] 價格: 43757.0 | 大結構趨勢 (5M): NONE
2026-07-25 01:44:05 | INFO    |        即時信號 : 無特殊信號
2026-07-25 01:44:05 | INFO    |        多頭 OB  : [43691.0 - 43725.0] | 空頭 OB  : [43872.0 - 43895.0]
2026-07-25 01:44:05 | INFO    |        多頭 FVG : 無 | 空頭 FVG : 無
2026-07-25 01:44:05 | INFO    | ----------------------------------------------------------------------
2026-07-25 01:45:10 | INFO    | [01:43:56] 價格: 43755.0 | 大結構趨勢 (5M): NONE
2026-07-25 01:45:10 | INFO    |        即時信號 : 無特殊信號
2026-07-25 01:45:10 | INFO    |        多頭 OB  : [43691.0 - 43725.0] | 空頭 OB  : [43872.0 - 43895.0]
2026-07-25 01:45:10 | INFO    |        多頭 FVG : 無 | 空頭 FVG : 無
2026-07-25 01:45:10 | INFO    | ----------------------------------------------------------------------
2026-07-25 01:46:11 | INFO    | [01:45:01] 價格: 43732.0 | 大結構趨勢 (5M): NONE
2026-07-25 01:46:11 | INFO    |        即時信號 : 無特殊信號
2026-07-25 01:46:11 | INFO    |        多頭 OB  : [43691.0 - 43725.0] | 空頭 OB  : [43872.0 - 43895.0]
2026-07-25 01:46:11 | INFO    |        多頭 FVG : 無 | 空頭 FVG : [43746.0 - 43757.0]
2026-07-25 01:46:11 | INFO    | ----------------------------------------------------------------------
2026-07-25 01:47:17 | INFO    | [01:46:02] 價格: 43751.0 | 大結構趨勢 (5M): NONE
2026-07-25 01:47:17 | INFO    |        即時信號 : 無特殊信號
2026-07-25 01:47:17 | INFO    |        多頭 OB  : [43691.0 - 43725.0] | 空頭 OB  : [43872.0 - 43895.0]
2026-07-25 01:47:17 | INFO    |        多頭 FVG : 無 | 空頭 FVG : 無
2026-07-25 01:47:17 | INFO    | ----------------------------------------------------------------------
2026-07-25 01:48:22 | INFO    | [01:47:08] 價格: 43722.0 | 大結構趨勢 (5M): NONE
2026-07-25 01:48:22 | INFO    |        即時信號 : 無特殊信號
2026-07-25 01:48:22 | INFO    |        多頭 OB  : [43691.0 - 43725.0] | 空頭 OB  : [43872.0 - 43895.0]
2026-07-25 01:48:22 | INFO    |        多頭 FVG : 無 | 空頭 FVG : 無
2026-07-25 01:48:22 | INFO    | ----------------------------------------------------------------------
2026-07-25 01:49:27 | INFO    | [01:48:14] 價格: 43729.0 | 大結構趨勢 (5M): NONE
2026-07-25 01:49:27 | INFO    |        即時信號 : 無特殊信號
2026-07-25 01:49:27 | INFO    |        多頭 OB  : [43691.0 - 43725.0] | 空頭 OB  : [43872.0 - 43895.0]
2026-07-25 01:49:27 | INFO    |        多頭 FVG : 無 | 空頭 FVG : 無
2026-07-25 01:49:27 | INFO    | ----------------------------------------------------------------------
2026-07-25 01:50:38 | INFO    | [01:49:18] 價格: 43761.0 | 大結構趨勢 (5M): NONE
2026-07-25 01:50:38 | INFO    |        即時信號 : 無特殊信號
2026-07-25 01:50:38 | INFO    |        多頭 OB  : [43691.0 - 43725.0] | 空頭 OB  : [43872.0 - 43895.0]
2026-07-25 01:50:38 | INFO    |        多頭 FVG : 無 | 空頭 FVG : 無
2026-07-25 01:50:38 | INFO    | ----------------------------------------------------------------------
2026-07-25 01:51:39 | INFO    | [01:50:29] 價格: 43780.0 | 大結構趨勢 (5M): NONE
2026-07-25 01:51:39 | INFO    |        即時信號 : 無特殊信號
2026-07-25 01:51:39 | INFO    |        多頭 OB  : [43691.0 - 43725.0] | 空頭 OB  : [43872.0 - 43895.0]
2026-07-25 01:51:39 | INFO    |        多頭 FVG : [43734.0 - 43759.0] | 空頭 FVG : 無
2026-07-25 01:51:39 | INFO    | ----------------------------------------------------------------------
2026-07-25 01:52:44 | INFO    | [01:51:30] 價格: 43746.0 | 大結構趨勢 (5M): NONE
2026-07-25 01:52:44 | INFO    |        即時信號 : 無特殊信號
2026-07-25 01:52:44 | INFO    |        多頭 OB  : [43691.0 - 43725.0] | 空頭 OB  : [43872.0 - 43895.0]
2026-07-25 01:52:44 | INFO    |        多頭 FVG : 無 | 空頭 FVG : 無
2026-07-25 01:52:44 | INFO    | ----------------------------------------------------------------------
2026-07-25 01:53:44 | INFO    | [01:52:35] 價格: 43763.0 | 大結構趨勢 (5M): NONE
2026-07-25 01:53:44 | INFO    |        即時信號 : 無特殊信號
2026-07-25 01:53:44 | INFO    |        多頭 OB  : [43691.0 - 43725.0] | 空頭 OB  : [43872.0 - 43895.0]
2026-07-25 01:53:44 | INFO    |        多頭 FVG : 無 | 空頭 FVG : 無
2026-07-25 01:53:44 | INFO    | ----------------------------------------------------------------------
2026-07-25 01:54:48 | INFO    | [01:53:35] 價格: 43757.0 | 大結構趨勢 (5M): NONE
2026-07-25 01:54:48 | INFO    |        即時信號 : 無特殊信號
2026-07-25 01:54:48 | INFO    |        多頭 OB  : [43691.0 - 43725.0] | 空頭 OB  : [43872.0 - 43895.0]
2026-07-25 01:54:48 | INFO    |        多頭 FVG : 無 | 空頭 FVG : 無
2026-07-25 01:54:48 | INFO    | ----------------------------------------------------------------------
2026-07-25 01:55:52 | INFO    | [01:54:39] 價格: 43782.0 | 大結構趨勢 (5M): NONE
2026-07-25 01:55:52 | INFO    |        即時信號 : 無特殊信號
2026-07-25 01:55:52 | INFO    |        多頭 OB  : [43691.0 - 43725.0] | 空頭 OB  : [43872.0 - 43895.0]
2026-07-25 01:55:52 | INFO    |        多頭 FVG : 無 | 空頭 FVG : 無
2026-07-25 01:55:52 | INFO    | ----------------------------------------------------------------------
2026-07-25 01:56:59 | INFO    | [01:55:43] 價格: 43781.0 | 大結構趨勢 (5M): NONE
2026-07-25 01:56:59 | INFO    |        即時信號 : 無特殊信號
2026-07-25 01:56:59 | INFO    |        多頭 OB  : [43691.0 - 43725.0] | 空頭 OB  : [43872.0 - 43895.0]
2026-07-25 01:56:59 | INFO    |        多頭 FVG : [43768.0 - 43770.0] | 空頭 FVG : 無
2026-07-25 01:56:59 | INFO    | ----------------------------------------------------------------------
2026-07-25 01:58:02 | INFO    | [01:56:50] 價格: 43783.0 | 大結構趨勢 (5M): NONE
2026-07-25 01:58:02 | INFO    |        即時信號 : 無特殊信號
2026-07-25 01:58:02 | INFO    |        多頭 OB  : [43691.0 - 43725.0] | 空頭 OB  : [43872.0 - 43895.0]
2026-07-25 01:58:02 | INFO    |        多頭 FVG : 無 | 空頭 FVG : 無
2026-07-25 01:58:02 | INFO    | ----------------------------------------------------------------------
2026-07-25 01:59:07 | INFO    | [01:57:53] 價格: 43761.0 | 大結構趨勢 (5M): NONE
2026-07-25 01:59:07 | INFO    |        即時信號 : 無特殊信號
2026-07-25 01:59:07 | INFO    |        多頭 OB  : [43691.0 - 43725.0] | 空頭 OB  : [43872.0 - 43895.0]
2026-07-25 01:59:07 | INFO    |        多頭 FVG : 無 | 空頭 FVG : 無
2026-07-25 01:59:07 | INFO    | ----------------------------------------------------------------------
2026-07-25 02:00:08 | INFO    | [01:58:58] 價格: 43750.0 | 大結構趨勢 (5M): NONE
2026-07-25 02:00:08 | INFO    |        即時信號 : 無特殊信號
2026-07-25 02:00:08 | INFO    |        多頭 OB  : [43691.0 - 43725.0] | 空頭 OB  : [43872.0 - 43895.0]
2026-07-25 02:00:08 | INFO    |        多頭 FVG : 無 | 空頭 FVG : [43763.0 - 43764.0]
2026-07-25 02:00:08 | INFO    | ----------------------------------------------------------------------
2026-07-25 02:01:09 | INFO    | [01:59:59] 價格: 43765.0 | 大結構趨勢 (5M): NONE
2026-07-25 02:01:09 | INFO    |        即時信號 : 無特殊信號
2026-07-25 02:01:09 | INFO    |        多頭 OB  : [43691.0 - 43725.0] | 空頭 OB  : [43872.0 - 43895.0]
2026-07-25 02:01:09 | INFO    |        多頭 FVG : 無 | 空頭 FVG : 無
2026-07-25 02:01:09 | INFO    | ----------------------------------------------------------------------
2026-07-25 02:02:12 | INFO    | [02:01:01] 價格: 43747.0 | 大結構趨勢 (5M): NONE
2026-07-25 02:02:12 | INFO    |        即時信號 : 無特殊信號
2026-07-25 02:02:12 | INFO    |        多頭 OB  : [43691.0 - 43725.0] | 空頭 OB  : [43872.0 - 43895.0]
2026-07-25 02:02:12 | INFO    |        多頭 FVG : 無 | 空頭 FVG : 無
2026-07-25 02:02:12 | INFO    | ----------------------------------------------------------------------
2026-07-25 02:03:24 | INFO    | [02:02:03] 價格: 43761.0 | 大結構趨勢 (5M): NONE
2026-07-25 02:03:24 | INFO    |        即時信號 : 無特殊信號
2026-07-25 02:03:24 | INFO    |        多頭 OB  : [43691.0 - 43725.0] | 空頭 OB  : [43872.0 - 43895.0]
2026-07-25 02:03:24 | INFO    |        多頭 FVG : 無 | 空頭 FVG : 無
2026-07-25 02:03:24 | INFO    | ----------------------------------------------------------------------
2026-07-25 02:04:30 | INFO    | [02:03:15] 價格: 43745.0 | 大結構趨勢 (5M): NONE
2026-07-25 02:04:30 | INFO    |        即時信號 : 無特殊信號
2026-07-25 02:04:30 | INFO    |        多頭 OB  : [43691.0 - 43725.0] | 空頭 OB  : [43872.0 - 43895.0]
2026-07-25 02:04:30 | INFO    |        多頭 FVG : 無 | 空頭 FVG : 無
2026-07-25 02:04:30 | INFO    | ----------------------------------------------------------------------
2026-07-25 02:05:44 | INFO    | [02:04:21] 價格: 43737.0 | 大結構趨勢 (5M): NONE
2026-07-25 02:05:44 | INFO    |        即時信號 : 無特殊信號
2026-07-25 02:05:44 | INFO    |        多頭 OB  : [43691.0 - 43725.0] | 空頭 OB  : [43872.0 - 43895.0]
2026-07-25 02:05:44 | INFO    |        多頭 FVG : 無 | 空頭 FVG : 無
2026-07-25 02:05:44 | INFO    | ----------------------------------------------------------------------
2026-07-25 02:06:48 | INFO    | [02:05:35] 價格: 43739.0 | 大結構趨勢 (5M): NONE
2026-07-25 02:06:48 | INFO    |        即時信號 : 無特殊信號
2026-07-25 02:06:48 | INFO    |        多頭 OB  : [43691.0 - 43725.0] | 空頭 OB  : [43872.0 - 43895.0]
2026-07-25 02:06:48 | INFO    |        多頭 FVG : 無 | 空頭 FVG : 無
2026-07-25 02:06:48 | INFO    | ----------------------------------------------------------------------
2026-07-25 02:07:55 | INFO    | [02:06:39] 價格: 43760.0 | 大結構趨勢 (5M): NONE
2026-07-25 02:07:55 | INFO    |        即時信號 : 無特殊信號
2026-07-25 02:07:55 | INFO    |        多頭 OB  : [43691.0 - 43725.0] | 空頭 OB  : [43872.0 - 43895.0]
2026-07-25 02:07:55 | INFO    |        多頭 FVG : 無 | 空頭 FVG : 無
2026-07-25 02:07:55 | INFO    | ----------------------------------------------------------------------
2026-07-25 02:08:57 | INFO    | [02:07:46] 價格: 43774.0 | 大結構趨勢 (5M): NONE
2026-07-25 02:08:57 | INFO    |        即時信號 : 無特殊信號
2026-07-25 02:08:57 | INFO    |        多頭 OB  : [43691.0 - 43725.0] | 空頭 OB  : [43872.0 - 43895.0]
2026-07-25 02:08:57 | INFO    |        多頭 FVG : 無 | 空頭 FVG : 無
2026-07-25 02:08:57 | INFO    | ----------------------------------------------------------------------
2026-07-25 02:09:57 | INFO    | [02:08:48] 價格: 43749.0 | 大結構趨勢 (5M): NONE
2026-07-25 02:09:57 | INFO    |        即時信號 : 無特殊信號
2026-07-25 02:09:57 | INFO    |        多頭 OB  : [43691.0 - 43725.0] | 空頭 OB  : [43872.0 - 43895.0]
2026-07-25 02:09:57 | INFO    |        多頭 FVG : 無 | 空頭 FVG : 無
2026-07-25 02:09:57 | INFO    | ----------------------------------------------------------------------
2026-07-25 02:11:10 | INFO    | [02:09:48] 價格: 43720.0 | 大結構趨勢 (5M): NONE
2026-07-25 02:11:10 | INFO    |        即時信號 : 無特殊信號
2026-07-25 02:11:10 | INFO    |        多頭 OB  : [43691.0 - 43725.0] | 空頭 OB  : [43872.0 - 43895.0]
2026-07-25 02:11:10 | INFO    |        多頭 FVG : 無 | 空頭 FVG : [43751.0 - 43759.0]
2026-07-25 02:11:10 | INFO    | ----------------------------------------------------------------------
2026-07-25 02:12:11 | INFO    | [02:11:01] 價格: 43720.0 | 大結構趨勢 (5M): NONE
2026-07-25 02:12:11 | INFO    |        即時信號 : 無特殊信號
2026-07-25 02:12:11 | INFO    |        多頭 OB  : [43691.0 - 43725.0] | 空頭 OB  : [43872.0 - 43895.0]
2026-07-25 02:12:11 | INFO    |        多頭 FVG : 無 | 空頭 FVG : [43729.0 - 43749.0]
2026-07-25 02:12:11 | INFO    | ----------------------------------------------------------------------
2026-07-25 02:13:21 | INFO    | [02:12:02] 價格: 43721.0 | 大結構趨勢 (5M): NONE
2026-07-25 02:13:21 | INFO    |        即時信號 : 無特殊信號
2026-07-25 02:13:21 | INFO    |        多頭 OB  : [43691.0 - 43725.0] | 空頭 OB  : [43872.0 - 43895.0]
2026-07-25 02:13:21 | INFO    |        多頭 FVG : 無 | 空頭 FVG : 無
2026-07-25 02:13:21 | INFO    | ----------------------------------------------------------------------
2026-07-25 02:14:21 | INFO    | [02:13:12] 價格: 43705.0 | 大結構趨勢 (5M): NONE
2026-07-25 02:14:21 | INFO    |        即時信號 : 無特殊信號
2026-07-25 02:14:21 | INFO    |        多頭 OB  : [43691.0 - 43725.0] | 空頭 OB  : [43872.0 - 43895.0]
2026-07-25 02:14:21 | INFO    |        多頭 FVG : 無 | 空頭 FVG : 無
2026-07-25 02:14:21 | INFO    | ----------------------------------------------------------------------
2026-07-25 02:15:32 | INFO    | [02:14:12] 價格: 43708.0 | 大結構趨勢 (5M): NONE
2026-07-25 02:15:32 | INFO    |        即時信號 : 無特殊信號
2026-07-25 02:15:32 | INFO    |        多頭 OB  : [43691.0 - 43725.0] | 空頭 OB  : [43872.0 - 43895.0]
2026-07-25 02:15:32 | INFO    |        多頭 FVG : 無 | 空頭 FVG : 無
2026-07-25 02:15:32 | INFO    | ----------------------------------------------------------------------
2026-07-25 02:16:39 | INFO    | [02:15:23] 價格: 43719.0 | 大結構趨勢 (5M): NONE
2026-07-25 02:16:39 | INFO    |        即時信號 : 無特殊信號
2026-07-25 02:16:39 | INFO    |        多頭 OB  : [43691.0 - 43725.0] | 空頭 OB  : [43872.0 - 43895.0]
2026-07-25 02:16:39 | INFO    |        多頭 FVG : 無 | 空頭 FVG : 無
2026-07-25 02:16:39 | INFO    | ----------------------------------------------------------------------
2026-07-25 02:18:04 | INFO    | [02:16:30] 價格: 43699.0 | 大結構趨勢 (5M): NONE
2026-07-25 02:18:04 | INFO    |        即時信號 : ★ [流動性掠奪] Sweep Low 形成！(買方防守)
2026-07-25 02:18:04 | INFO    |        多頭 OB  : [43691.0 - 43725.0] | 空頭 OB  : [43872.0 - 43895.0]
2026-07-25 02:18:04 | INFO    |        多頭 FVG : 無 | 空頭 FVG : 無
2026-07-25 02:18:04 | INFO    | ----------------------------------------------------------------------
2026-07-25 02:18:04 | INFO    | [過濾] 偵測到信號但建議無效，已跳過發送 Telegram 通知。
2026-07-25 02:19:06 | INFO    | [02:17:55] 價格: 43670.0 | 大結構趨勢 (5M): NONE
2026-07-25 02:19:06 | INFO    |        即時信號 : 無特殊信號
2026-07-25 02:19:06 | INFO    |        多頭 OB  : [43691.0 - 43725.0] | 空頭 OB  : [43872.0 - 43895.0]
2026-07-25 02:19:06 | INFO    |        多頭 FVG : 無 | 空頭 FVG : [43694.0 - 43702.0]
2026-07-25 02:19:06 | INFO    | ----------------------------------------------------------------------
2026-07-25 02:20:11 | INFO    | [02:18:57] 價格: 43652.0 | 大結構趨勢 (5M): NONE
2026-07-25 02:20:11 | INFO    |        即時信號 : 無特殊信號
2026-07-25 02:20:11 | INFO    |        多頭 OB  : [43691.0 - 43725.0] | 空頭 OB  : [43872.0 - 43895.0]
2026-07-25 02:20:11 | INFO    |        多頭 FVG : 無 | 空頭 FVG : [43673.0 - 43692.0]
2026-07-25 02:20:11 | INFO    | ----------------------------------------------------------------------
2026-07-25 02:21:12 | INFO    | [02:20:02] 價格: 43652.0 | 大結構趨勢 (5M): NONE
2026-07-25 02:21:12 | INFO    |        即時信號 : 無特殊信號
2026-07-25 02:21:12 | INFO    |        多頭 OB  : [43691.0 - 43725.0] | 空頭 OB  : [43872.0 - 43895.0]
2026-07-25 02:21:12 | INFO    |        多頭 FVG : 無 | 空頭 FVG : [43655.0 - 43660.0]
2026-07-25 02:21:12 | INFO    | ----------------------------------------------------------------------
2026-07-25 02:22:16 | INFO    | [02:21:03] 價格: 43638.0 | 大結構趨勢 (5M): NONE
2026-07-25 02:22:16 | INFO    |        即時信號 : 無特殊信號
2026-07-25 02:22:16 | INFO    |        多頭 OB  : [43691.0 - 43725.0] | 空頭 OB  : [43872.0 - 43895.0]
2026-07-25 02:22:16 | INFO    |        多頭 FVG : 無 | 空頭 FVG : 無
2026-07-25 02:22:16 | INFO    | ----------------------------------------------------------------------
2026-07-25 02:23:17 | INFO    | [02:22:07] 價格: 43654.0 | 大結構趨勢 (5M): NONE
2026-07-25 02:23:17 | INFO    |        即時信號 : 無特殊信號
2026-07-25 02:23:17 | INFO    |        多頭 OB  : [43691.0 - 43725.0] | 空頭 OB  : [43872.0 - 43895.0]
2026-07-25 02:23:17 | INFO    |        多頭 FVG : 無 | 空頭 FVG : 無
2026-07-25 02:23:17 | INFO    | ----------------------------------------------------------------------
2026-07-25 02:24:25 | INFO    | [02:23:08] 價格: 43666.0 | 大結構趨勢 (5M): NONE
2026-07-25 02:24:25 | INFO    |        即時信號 : 無特殊信號
2026-07-25 02:24:25 | INFO    |        多頭 OB  : [43691.0 - 43725.0] | 空頭 OB  : [43872.0 - 43895.0]
2026-07-25 02:24:25 | INFO    |        多頭 FVG : 無 | 空頭 FVG : 無
2026-07-25 02:24:25 | INFO    | ----------------------------------------------------------------------
2026-07-25 02:25:32 | INFO    | [02:24:17] 價格: 43651.0 | 大結構趨勢 (5M): NONE
2026-07-25 02:25:32 | INFO    |        即時信號 : 無特殊信號
2026-07-25 02:25:32 | INFO    |        多頭 OB  : [43691.0 - 43725.0] | 空頭 OB  : [43872.0 - 43895.0]
2026-07-25 02:25:32 | INFO    |        多頭 FVG : 無 | 空頭 FVG : 無
2026-07-25 02:25:32 | INFO    | ----------------------------------------------------------------------
2026-07-25 02:26:39 | INFO    | [02:25:23] 價格: 43615.0 | 大結構趨勢 (5M): NONE
2026-07-25 02:26:39 | INFO    |        即時信號 : 無特殊信號
2026-07-25 02:26:39 | INFO    |        多頭 OB  : [43691.0 - 43725.0] | 空頭 OB  : [43872.0 - 43895.0]
2026-07-25 02:26:39 | INFO    |        多頭 FVG : 無 | 空頭 FVG : 無
2026-07-25 02:26:39 | INFO    | ----------------------------------------------------------------------
2026-07-25 02:27:47 | INFO    | [02:26:30] 價格: 43614.0 | 大結構趨勢 (5M): NONE
2026-07-25 02:27:47 | INFO    |        即時信號 : 無特殊信號
2026-07-25 02:27:47 | INFO    |        多頭 OB  : [43691.0 - 43725.0] | 空頭 OB  : [43872.0 - 43895.0]
2026-07-25 02:27:47 | INFO    |        多頭 FVG : 無 | 空頭 FVG : [43628.0 - 43647.0]
2026-07-25 02:27:47 | INFO    | ----------------------------------------------------------------------
2026-07-25 02:28:51 | INFO    | [02:27:38] 價格: 43620.0 | 大結構趨勢 (5M): NONE
2026-07-25 02:28:51 | INFO    |        即時信號 : 無特殊信號
2026-07-25 02:28:51 | INFO    |        多頭 OB  : [43691.0 - 43725.0] | 空頭 OB  : [43872.0 - 43895.0]
2026-07-25 02:28:51 | INFO    |        多頭 FVG : 無 | 空頭 FVG : 無
2026-07-25 02:28:51 | INFO    | ----------------------------------------------------------------------
2026-07-25 02:29:51 | INFO    | [02:28:42] 價格: 43601.0 | 大結構趨勢 (5M): NONE
2026-07-25 02:29:51 | INFO    |        即時信號 : 無特殊信號
2026-07-25 02:29:51 | INFO    |        多頭 OB  : [43691.0 - 43725.0] | 空頭 OB  : [43872.0 - 43895.0]
2026-07-25 02:29:51 | INFO    |        多頭 FVG : 無 | 空頭 FVG : 無
2026-07-25 02:29:51 | INFO    | ----------------------------------------------------------------------
2026-07-25 02:30:56 | INFO    | [02:29:42] 價格: 43590.0 | 大結構趨勢 (5M): NONE
2026-07-25 02:30:56 | INFO    |        即時信號 : 無特殊信號
2026-07-25 02:30:56 | INFO    |        多頭 OB  : [43691.0 - 43725.0] | 空頭 OB  : [43872.0 - 43895.0]
2026-07-25 02:30:56 | INFO    |        多頭 FVG : 無 | 空頭 FVG : 無
2026-07-25 02:30:56 | INFO    | ----------------------------------------------------------------------
2026-07-25 02:31:56 | INFO    | [02:30:47] 價格: 43562.0 | 大結構趨勢 (5M): BEARISH
2026-07-25 02:31:56 | INFO    |        即時信號 : 無特殊信號
2026-07-25 02:31:56 | INFO    |        多頭 OB  : [43691.0 - 43725.0] | 空頭 OB  : [43872.0 - 43895.0]
2026-07-25 02:31:56 | INFO    |        多頭 FVG : 無 | 空頭 FVG : 無
2026-07-25 02:31:56 | INFO    | ----------------------------------------------------------------------
2026-07-25 02:33:07 | INFO    | [02:31:47] 價格: 43582.0 | 大結構趨勢 (5M): BEARISH
2026-07-25 02:33:07 | INFO    |        即時信號 : 無特殊信號
2026-07-25 02:33:07 | INFO    |        多頭 OB  : [43691.0 - 43725.0] | 空頭 OB  : [43872.0 - 43895.0]
2026-07-25 02:33:07 | INFO    |        多頭 FVG : 無 | 空頭 FVG : 無
2026-07-25 02:33:07 | INFO    | ----------------------------------------------------------------------
2026-07-25 02:34:10 | INFO    | [02:32:58] 價格: 43552.0 | 大結構趨勢 (5M): BEARISH
2026-07-25 02:34:10 | INFO    |        即時信號 : 無特殊信號
2026-07-25 02:34:10 | INFO    |        多頭 OB  : [43691.0 - 43725.0] | 空頭 OB  : [43872.0 - 43895.0]
2026-07-25 02:34:10 | INFO    |        多頭 FVG : 無 | 空頭 FVG : 無
2026-07-25 02:34:10 | INFO    | ----------------------------------------------------------------------
2026-07-25 02:35:11 | INFO    | [02:34:01] 價格: 43557.0 | 大結構趨勢 (5M): BEARISH
2026-07-25 02:35:11 | INFO    |        即時信號 : 無特殊信號
2026-07-25 02:35:11 | INFO    |        多頭 OB  : [43691.0 - 43725.0] | 空頭 OB  : [43872.0 - 43895.0]
2026-07-25 02:35:11 | INFO    |        多頭 FVG : 無 | 空頭 FVG : 無
2026-07-25 02:35:11 | INFO    | ----------------------------------------------------------------------
2026-07-25 02:36:12 | INFO    | [02:35:02] 價格: 43562.0 | 大結構趨勢 (5M): BEARISH
2026-07-25 02:36:12 | INFO    |        即時信號 : 無特殊信號
2026-07-25 02:36:12 | INFO    |        多頭 OB  : [43691.0 - 43725.0] | 空頭 OB  : [43872.0 - 43895.0]
2026-07-25 02:36:12 | INFO    |        多頭 FVG : 無 | 空頭 FVG : 無
2026-07-25 02:36:12 | INFO    | ----------------------------------------------------------------------
2026-07-25 02:37:12 | INFO    | [02:36:03] 價格: 43550.0 | 大結構趨勢 (5M): BEARISH
2026-07-25 02:37:12 | INFO    |        即時信號 : 無特殊信號
2026-07-25 02:37:12 | INFO    |        多頭 OB  : [43691.0 - 43725.0] | 空頭 OB  : [43872.0 - 43895.0]
2026-07-25 02:37:12 | INFO    |        多頭 FVG : 無 | 空頭 FVG : 無
2026-07-25 02:37:12 | INFO    | ----------------------------------------------------------------------
2026-07-25 02:38:12 | INFO    | [02:37:03] 價格: 43550.0 | 大結構趨勢 (5M): BEARISH
2026-07-25 02:38:12 | INFO    |        即時信號 : 無特殊信號
2026-07-25 02:38:12 | INFO    |        多頭 OB  : [43691.0 - 43725.0] | 空頭 OB  : [43872.0 - 43895.0]
2026-07-25 02:38:12 | INFO    |        多頭 FVG : 無 | 空頭 FVG : 無
2026-07-25 02:38:12 | INFO    | ----------------------------------------------------------------------
2026-07-25 02:39:13 | INFO    | [02:38:03] 價格: 43564.0 | 大結構趨勢 (5M): BEARISH
2026-07-25 02:39:13 | INFO    |        即時信號 : 無特殊信號
2026-07-25 02:39:13 | INFO    |        多頭 OB  : [43691.0 - 43725.0] | 空頭 OB  : [43872.0 - 43895.0]
2026-07-25 02:39:13 | INFO    |        多頭 FVG : 無 | 空頭 FVG : 無
2026-07-25 02:39:13 | INFO    | ----------------------------------------------------------------------
2026-07-25 02:40:13 | INFO    | [02:39:04] 價格: 43515.0 | 大結構趨勢 (5M): BEARISH
2026-07-25 02:40:13 | INFO    |        即時信號 : 無特殊信號
2026-07-25 02:40:13 | INFO    |        多頭 OB  : [43691.0 - 43725.0] | 空頭 OB  : [43872.0 - 43895.0]
2026-07-25 02:40:13 | INFO    |        多頭 FVG : 無 | 空頭 FVG : 無
2026-07-25 02:40:13 | INFO    | ----------------------------------------------------------------------
2026-07-25 02:41:18 | INFO    | [02:40:04] 價格: 43484.0 | 大結構趨勢 (5M): BEARISH
2026-07-25 02:41:18 | INFO    |        即時信號 : 無特殊信號
2026-07-25 02:41:18 | INFO    |        多頭 OB  : [43691.0 - 43725.0] | 空頭 OB  : [43872.0 - 43895.0]
2026-07-25 02:41:18 | INFO    |        多頭 FVG : 無 | 空頭 FVG : [43519.0 - 43540.0]
2026-07-25 02:41:18 | INFO    | ----------------------------------------------------------------------
2026-07-25 02:42:18 | INFO    | [02:41:09] 價格: 43469.0 | 大結構趨勢 (5M): BEARISH
2026-07-25 02:42:18 | INFO    |        即時信號 : 無特殊信號
2026-07-25 02:42:18 | INFO    |        多頭 OB  : [43691.0 - 43725.0] | 空頭 OB  : [43872.0 - 43895.0]
2026-07-25 02:42:18 | INFO    |        多頭 FVG : 無 | 空頭 FVG : [43485.0 - 43513.0]
2026-07-25 02:42:18 | INFO    | ----------------------------------------------------------------------
2026-07-25 02:43:18 | INFO    | [02:42:09] 價格: 43477.0 | 大結構趨勢 (5M): BEARISH
2026-07-25 02:43:18 | INFO    |        即時信號 : 無特殊信號
2026-07-25 02:43:18 | INFO    |        多頭 OB  : [43691.0 - 43725.0] | 空頭 OB  : [43872.0 - 43895.0]
2026-07-25 02:43:18 | INFO    |        多頭 FVG : 無 | 空頭 FVG : 無
2026-07-25 02:43:18 | INFO    | ----------------------------------------------------------------------
2026-07-25 02:44:28 | INFO    | [02:43:09] 價格: 43485.0 | 大結構趨勢 (5M): BEARISH
2026-07-25 02:44:28 | INFO    |        即時信號 : 無特殊信號
2026-07-25 02:44:28 | INFO    |        多頭 OB  : [43691.0 - 43725.0] | 空頭 OB  : [43872.0 - 43895.0]
2026-07-25 02:44:28 | INFO    |        多頭 FVG : 無 | 空頭 FVG : 無
2026-07-25 02:44:28 | INFO    | ----------------------------------------------------------------------
2026-07-25 02:45:28 | INFO    | [02:44:19] 價格: 43485.0 | 大結構趨勢 (5M): BEARISH
2026-07-25 02:45:28 | INFO    |        即時信號 : 無特殊信號
2026-07-25 02:45:28 | INFO    |        多頭 OB  : [43691.0 - 43725.0] | 空頭 OB  : [43872.0 - 43895.0]
2026-07-25 02:45:28 | INFO    |        多頭 FVG : 無 | 空頭 FVG : 無
2026-07-25 02:45:28 | INFO    | ----------------------------------------------------------------------
2026-07-25 02:46:28 | INFO    | [02:45:19] 價格: 43533.0 | 大結構趨勢 (5M): BEARISH
2026-07-25 02:46:28 | INFO    |        即時信號 : 無特殊信號
2026-07-25 02:46:28 | INFO    |        多頭 OB  : [43691.0 - 43725.0] | 空頭 OB  : [43872.0 - 43895.0]
2026-07-25 02:46:28 | INFO    |        多頭 FVG : 無 | 空頭 FVG : 無
2026-07-25 02:46:28 | INFO    | ----------------------------------------------------------------------
2026-07-25 02:47:30 | INFO    | [02:46:19] 價格: 43519.0 | 大結構趨勢 (5M): BEARISH
2026-07-25 02:47:30 | INFO    |        即時信號 : 無特殊信號
2026-07-25 02:47:30 | INFO    |        多頭 OB  : [43691.0 - 43725.0] | 空頭 OB  : [43872.0 - 43895.0]
2026-07-25 02:47:30 | INFO    |        多頭 FVG : [43487.0 - 43518.0] | 空頭 FVG : 無
2026-07-25 02:47:30 | INFO    | ----------------------------------------------------------------------
2026-07-25 02:48:35 | INFO    | [02:47:20] 價格: 43535.0 | 大結構趨勢 (5M): BEARISH
2026-07-25 02:48:35 | INFO    |        即時信號 : 無特殊信號
2026-07-25 02:48:35 | INFO    |        多頭 OB  : [43691.0 - 43725.0] | 空頭 OB  : [43872.0 - 43895.0]
2026-07-25 02:48:35 | INFO    |        多頭 FVG : 無 | 空頭 FVG : 無
2026-07-25 02:48:35 | INFO    | ----------------------------------------------------------------------
2026-07-25 02:49:37 | INFO    | [02:48:26] 價格: 43515.0 | 大結構趨勢 (5M): BEARISH
2026-07-25 02:49:37 | INFO    |        即時信號 : 無特殊信號
2026-07-25 02:49:37 | INFO    |        多頭 OB  : [43691.0 - 43725.0] | 空頭 OB  : [43872.0 - 43895.0]
2026-07-25 02:49:37 | INFO    |        多頭 FVG : 無 | 空頭 FVG : 無
2026-07-25 02:49:37 | INFO    | ----------------------------------------------------------------------
2026-07-25 02:50:44 | INFO    | [02:49:28] 價格: 43493.0 | 大結構趨勢 (5M): BEARISH
2026-07-25 02:50:44 | INFO    |        即時信號 : 無特殊信號
2026-07-25 02:50:44 | INFO    |        多頭 OB  : [43691.0 - 43725.0] | 空頭 OB  : [43872.0 - 43895.0]
2026-07-25 02:50:44 | INFO    |        多頭 FVG : 無 | 空頭 FVG : 無
2026-07-25 02:50:44 | INFO    | ----------------------------------------------------------------------
2026-07-25 02:52:00 | INFO    | [02:50:34] 價格: 43531.0 | 大結構趨勢 (5M): BEARISH
2026-07-25 02:52:00 | INFO    |        即時信號 : 無特殊信號
2026-07-25 02:52:00 | INFO    |        多頭 OB  : [43691.0 - 43725.0] | 空頭 OB  : [43872.0 - 43895.0]
2026-07-25 02:52:00 | INFO    |        多頭 FVG : 無 | 空頭 FVG : 無
2026-07-25 02:52:00 | INFO    | ----------------------------------------------------------------------
2026-07-25 02:53:03 | INFO    | [02:51:51] 價格: 43533.0 | 大結構趨勢 (5M): BEARISH
2026-07-25 02:53:03 | INFO    |        即時信號 : 無特殊信號
2026-07-25 02:53:03 | INFO    |        多頭 OB  : [43691.0 - 43725.0] | 空頭 OB  : [43872.0 - 43895.0]
2026-07-25 02:53:03 | INFO    |        多頭 FVG : 無 | 空頭 FVG : 無
2026-07-25 02:53:03 | INFO    | ----------------------------------------------------------------------
2026-07-25 02:54:06 | INFO    | [02:52:54] 價格: 43521.0 | 大結構趨勢 (5M): BEARISH
2026-07-25 02:54:06 | INFO    |        即時信號 : 無特殊信號
2026-07-25 02:54:06 | INFO    |        多頭 OB  : [43691.0 - 43725.0] | 空頭 OB  : [43872.0 - 43895.0]
2026-07-25 02:54:06 | INFO    |        多頭 FVG : 無 | 空頭 FVG : 無
2026-07-25 02:54:06 | INFO    | ----------------------------------------------------------------------
2026-07-25 02:55:10 | INFO    | [02:53:57] 價格: 43511.0 | 大結構趨勢 (5M): BEARISH
2026-07-25 02:55:10 | INFO    |        即時信號 : 無特殊信號
2026-07-25 02:55:10 | INFO    |        多頭 OB  : [43691.0 - 43725.0] | 空頭 OB  : [43872.0 - 43895.0]
2026-07-25 02:55:10 | INFO    |        多頭 FVG : 無 | 空頭 FVG : 無
2026-07-25 02:55:10 | INFO    | ----------------------------------------------------------------------
2026-07-25 02:56:17 | INFO    | [02:55:01] 價格: 43513.0 | 大結構趨勢 (5M): BEARISH
2026-07-25 02:56:17 | INFO    |        即時信號 : 無特殊信號
2026-07-25 02:56:17 | INFO    |        多頭 OB  : [43691.0 - 43725.0] | 空頭 OB  : [43872.0 - 43895.0]
2026-07-25 02:56:17 | INFO    |        多頭 FVG : 無 | 空頭 FVG : [43513.0 - 43521.0]
2026-07-25 02:56:17 | INFO    | ----------------------------------------------------------------------
2026-07-25 02:57:22 | INFO    | [02:56:08] 價格: 43540.0 | 大結構趨勢 (5M): BEARISH
2026-07-25 02:57:22 | INFO    |        即時信號 : ★ [流動性掠奪] Sweep High 形成！(賣方防守)
2026-07-25 02:57:22 | INFO    |        多頭 OB  : [43691.0 - 43725.0] | 空頭 OB  : [43872.0 - 43895.0]
2026-07-25 02:57:22 | INFO    |        多頭 FVG : 無 | 空頭 FVG : 無
2026-07-25 02:57:22 | INFO    | ----------------------------------------------------------------------
2026-07-25 02:57:22 | SIGNAL  | 訊號觸發，發送 Telegram 通知: ★ [流動性掠奪] Sweep High 形成 (空頭訊號)！
2026-07-25 02:57:23 | INFO    | [Telegram] 訊息發送成功 | chat_id=-1004387856503
2026-07-25 02:58:24 | INFO    | [02:57:13] 價格: 43520.0 | 大結構趨勢 (5M): BEARISH
2026-07-25 02:58:24 | INFO    |        即時信號 : ★ [流動性掠奪] Sweep High 形成！(賣方防守)
2026-07-25 02:58:24 | INFO    |        多頭 OB  : [43691.0 - 43725.0] | 空頭 OB  : [43872.0 - 43895.0]
2026-07-25 02:58:24 | INFO    |        多頭 FVG : [43513.0 - 43520.0] | 空頭 FVG : 無
2026-07-25 02:58:24 | INFO    | ----------------------------------------------------------------------
2026-07-25 02:58:24 | INFO    | [過濾] 偵測到信號但建議無效，已跳過發送 Telegram 通知。
2026-07-25 02:59:27 | INFO    | [02:58:15] 價格: 43521.0 | 大結構趨勢 (5M): BEARISH
2026-07-25 02:59:27 | INFO    |        即時信號 : 無特殊信號
2026-07-25 02:59:27 | INFO    |        多頭 OB  : [43691.0 - 43725.0] | 空頭 OB  : [43872.0 - 43895.0]
2026-07-25 02:59:27 | INFO    |        多頭 FVG : 無 | 空頭 FVG : 無
2026-07-25 02:59:27 | INFO    | ----------------------------------------------------------------------
2026-07-25 03:00:28 | INFO    | [02:59:18] 價格: 43505.0 | 大結構趨勢 (5M): BEARISH
2026-07-25 03:00:28 | INFO    |        即時信號 : 無特殊信號
2026-07-25 03:00:28 | INFO    |        多頭 OB  : [43691.0 - 43725.0] | 空頭 OB  : [43872.0 - 43895.0]
2026-07-25 03:00:28 | INFO    |        多頭 FVG : 無 | 空頭 FVG : 無
2026-07-25 03:00:28 | INFO    | ----------------------------------------------------------------------
2026-07-25 03:01:31 | INFO    | [03:00:19] 價格: 43539.0 | 大結構趨勢 (5M): BEARISH
2026-07-25 03:01:31 | INFO    |        即時信號 : 無特殊信號
2026-07-25 03:01:31 | INFO    |        多頭 OB  : [43691.0 - 43725.0] | 空頭 OB  : [43872.0 - 43895.0]
2026-07-25 03:01:31 | INFO    |        多頭 FVG : 無 | 空頭 FVG : 無
2026-07-25 03:01:31 | INFO    | ----------------------------------------------------------------------
2026-07-25 03:02:46 | INFO    | [03:01:22] 價格: 43497.0 | 大結構趨勢 (5M): BEARISH
2026-07-25 03:02:46 | INFO    |        即時信號 : ★ [流動性掠奪] Sweep High 形成！(賣方防守)
2026-07-25 03:02:46 | INFO    |        多頭 OB  : [43691.0 - 43725.0] | 空頭 OB  : [43872.0 - 43895.0]
2026-07-25 03:02:46 | INFO    |        多頭 FVG : 無 | 空頭 FVG : 無
2026-07-25 03:02:46 | INFO    | ----------------------------------------------------------------------
2026-07-25 03:02:46 | SIGNAL  | 訊號觸發，發送 Telegram 通知: ★ [流動性掠奪] Sweep High 形成 (空頭訊號)！
2026-07-25 03:02:48 | INFO    | [Telegram] 訊息發送成功 | chat_id=-1004387856503
2026-07-25 03:03:52 | INFO    | [03:02:37] 價格: 43478.0 | 大結構趨勢 (5M): BEARISH
2026-07-25 03:03:52 | INFO    |        即時信號 : ★ [流動性掠奪] Sweep Low 形成！(買方防守)
2026-07-25 03:03:52 | INFO    |        多頭 OB  : [43691.0 - 43725.0] | 空頭 OB  : [43872.0 - 43895.0]
2026-07-25 03:03:52 | INFO    |        多頭 FVG : 無 | 空頭 FVG : 無
2026-07-25 03:03:52 | INFO    | ----------------------------------------------------------------------
2026-07-25 03:03:52 | INFO    | [過濾] 偵測到信號但建議無效，已跳過發送 Telegram 通知。
2026-07-25 03:05:11 | INFO    | [03:03:43] 價格: 43482.0 | 大結構趨勢 (5M): BEARISH
2026-07-25 03:05:11 | INFO    |        即時信號 : 無特殊信號
2026-07-25 03:05:11 | INFO    |        多頭 OB  : [43691.0 - 43725.0] | 空頭 OB  : [43872.0 - 43895.0]
2026-07-25 03:05:11 | INFO    |        多頭 FVG : 無 | 空頭 FVG : [43491.0 - 43497.0]
2026-07-25 03:05:11 | INFO    | ----------------------------------------------------------------------
2026-07-25 03:06:14 | INFO    | [03:05:02] 價格: 43534.0 | 大結構趨勢 (5M): BEARISH
2026-07-25 03:06:14 | INFO    |        即時信號 : 無特殊信號
2026-07-25 03:06:14 | INFO    |        多頭 OB  : [43691.0 - 43725.0] | 空頭 OB  : [43872.0 - 43895.0]
2026-07-25 03:06:14 | INFO    |        多頭 FVG : 無 | 空頭 FVG : 無
2026-07-25 03:06:14 | INFO    | ----------------------------------------------------------------------
2026-07-25 03:07:15 | INFO    | [03:06:05] 價格: 43469.0 | 大結構趨勢 (5M): BEARISH
2026-07-25 03:07:15 | INFO    |        即時信號 : ★★ [結構轉換] MSS Bearish 確立！趨勢轉空
2026-07-25 03:07:15 | INFO    |        多頭 OB  : [43691.0 - 43725.0] | 空頭 OB  : [43476.0 - 43534.0]
2026-07-25 03:07:15 | INFO    |        多頭 FVG : 無 | 空頭 FVG : 無
2026-07-25 03:07:15 | INFO    | ----------------------------------------------------------------------
2026-07-25 03:07:15 | SIGNAL  | 訊號觸發，發送 Telegram 通知: ★★ [結構轉換] MSS Bearish 確立 (空頭訊號)！
2026-07-25 03:07:16 | INFO    | [Telegram] 訊息發送成功 | chat_id=-1004387856503
2026-07-25 03:08:16 | INFO    | [03:07:05] 價格: 43423.0 | 大結構趨勢 (5M): BEARISH
2026-07-25 03:08:16 | INFO    |        即時信號 : 無特殊信號
2026-07-25 03:08:16 | INFO    |        多頭 OB  : [43691.0 - 43725.0] | 空頭 OB  : [43476.0 - 43534.0]
2026-07-25 03:08:16 | INFO    |        多頭 FVG : 無 | 空頭 FVG : [43460.0 - 43476.0]
2026-07-25 03:08:16 | INFO    | ----------------------------------------------------------------------
2026-07-25 03:09:16 | INFO    | [03:08:07] 價格: 43406.0 | 大結構趨勢 (5M): BEARISH
2026-07-25 03:09:16 | INFO    |        即時信號 : 無特殊信號
2026-07-25 03:09:16 | INFO    |        多頭 OB  : [43691.0 - 43725.0] | 空頭 OB  : [43476.0 - 43534.0]
2026-07-25 03:09:16 | INFO    |        多頭 FVG : 無 | 空頭 FVG : [43427.0 - 43469.0]
2026-07-25 03:09:16 | INFO    | ----------------------------------------------------------------------
2026-07-25 03:10:17 | INFO    | [03:09:07] 價格: 43331.0 | 大結構趨勢 (5M): BEARISH
2026-07-25 03:10:17 | INFO    |        即時信號 : 無特殊信號
2026-07-25 03:10:17 | INFO    |        多頭 OB  : [43691.0 - 43725.0] | 空頭 OB  : [43476.0 - 43534.0]
2026-07-25 03:10:17 | INFO    |        多頭 FVG : 無 | 空頭 FVG : 無
2026-07-25 03:10:17 | INFO    | ----------------------------------------------------------------------
2026-07-25 03:11:18 | INFO    | [03:10:07] 價格: 43320.0 | 大結構趨勢 (5M): BEARISH
2026-07-25 03:11:18 | INFO    |        即時信號 : 無特殊信號
2026-07-25 03:11:18 | INFO    |        多頭 OB  : [43691.0 - 43725.0] | 空頭 OB  : [43476.0 - 43534.0]
2026-07-25 03:11:18 | INFO    |        多頭 FVG : 無 | 空頭 FVG : [43342.0 - 43406.0]
2026-07-25 03:11:18 | INFO    | ----------------------------------------------------------------------
2026-07-25 03:12:19 | INFO    | [03:11:08] 價格: 43320.0 | 大結構趨勢 (5M): BEARISH
2026-07-25 03:12:19 | INFO    |        即時信號 : 無特殊信號
2026-07-25 03:12:19 | INFO    |        多頭 OB  : [43691.0 - 43725.0] | 空頭 OB  : [43476.0 - 43534.0]
2026-07-25 03:12:19 | INFO    |        多頭 FVG : 無 | 空頭 FVG : 無
2026-07-25 03:12:19 | INFO    | ----------------------------------------------------------------------
2026-07-25 03:13:19 | INFO    | [03:12:10] 價格: 43336.0 | 大結構趨勢 (5M): BEARISH
2026-07-25 03:13:19 | INFO    |        即時信號 : 無特殊信號
2026-07-25 03:13:19 | INFO    |        多頭 OB  : [43691.0 - 43725.0] | 空頭 OB  : [43476.0 - 43534.0]
2026-07-25 03:13:19 | INFO    |        多頭 FVG : 無 | 空頭 FVG : 無
2026-07-25 03:13:19 | INFO    | ----------------------------------------------------------------------
2026-07-25 03:14:22 | INFO    | [03:13:10] 價格: 43303.0 | 大結構趨勢 (5M): BEARISH
2026-07-25 03:14:22 | INFO    |        即時信號 : 無特殊信號
2026-07-25 03:14:22 | INFO    |        多頭 OB  : [43691.0 - 43725.0] | 空頭 OB  : [43476.0 - 43534.0]
2026-07-25 03:14:22 | INFO    |        多頭 FVG : 無 | 空頭 FVG : 無
2026-07-25 03:14:22 | INFO    | ----------------------------------------------------------------------
2026-07-25 03:15:23 | INFO    | [03:14:13] 價格: 43286.0 | 大結構趨勢 (5M): BEARISH
2026-07-25 03:15:23 | INFO    |        即時信號 : 無特殊信號
2026-07-25 03:15:23 | INFO    |        多頭 OB  : [43691.0 - 43725.0] | 空頭 OB  : [43476.0 - 43534.0]
2026-07-25 03:15:23 | INFO    |        多頭 FVG : 無 | 空頭 FVG : [43307.0 - 43324.0]
2026-07-25 03:15:23 | INFO    | ----------------------------------------------------------------------
2026-07-25 03:16:34 | INFO    | [03:15:14] 價格: 43290.0 | 大結構趨勢 (5M): BEARISH
2026-07-25 03:16:34 | INFO    |        即時信號 : 無特殊信號
2026-07-25 03:16:34 | INFO    |        多頭 OB  : [43691.0 - 43725.0] | 空頭 OB  : [43476.0 - 43534.0]
2026-07-25 03:16:34 | INFO    |        多頭 FVG : 無 | 空頭 FVG : 無
2026-07-25 03:16:34 | INFO    | ----------------------------------------------------------------------
2026-07-25 03:17:36 | INFO    | [03:16:25] 價格: 43337.0 | 大結構趨勢 (5M): BEARISH
2026-07-25 03:17:36 | INFO    |        即時信號 : 無特殊信號
2026-07-25 03:17:36 | INFO    |        多頭 OB  : [43691.0 - 43725.0] | 空頭 OB  : [43476.0 - 43534.0]
2026-07-25 03:17:36 | INFO    |        多頭 FVG : 無 | 空頭 FVG : 無
2026-07-25 03:17:36 | INFO    | ----------------------------------------------------------------------
2026-07-25 03:18:47 | INFO    | [03:17:27] 價格: 43327.0 | 大結構趨勢 (5M): BEARISH
2026-07-25 03:18:47 | INFO    |        即時信號 : 無特殊信號
2026-07-25 03:18:47 | INFO    |        多頭 OB  : [43691.0 - 43725.0] | 空頭 OB  : [43476.0 - 43534.0]
2026-07-25 03:18:47 | INFO    |        多頭 FVG : [43304.0 - 43315.0] | 空頭 FVG : 無
2026-07-25 03:18:47 | INFO    | ----------------------------------------------------------------------
2026-07-25 03:19:56 | INFO    | [03:18:38] 價格: 43326.0 | 大結構趨勢 (5M): BEARISH
2026-07-25 03:19:56 | INFO    |        即時信號 : 無特殊信號
2026-07-25 03:19:56 | INFO    |        多頭 OB  : [43691.0 - 43725.0] | 空頭 OB  : [43476.0 - 43534.0]
2026-07-25 03:19:56 | INFO    |        多頭 FVG : 無 | 空頭 FVG : 無
2026-07-25 03:19:56 | INFO    | ----------------------------------------------------------------------
2026-07-25 03:20:56 | INFO    | [03:19:47] 價格: 43325.0 | 大結構趨勢 (5M): BEARISH
2026-07-25 03:20:56 | INFO    |        即時信號 : 無特殊信號
2026-07-25 03:20:56 | INFO    |        多頭 OB  : [43691.0 - 43725.0] | 空頭 OB  : [43476.0 - 43534.0]
2026-07-25 03:20:56 | INFO    |        多頭 FVG : 無 | 空頭 FVG : 無
2026-07-25 03:20:56 | INFO    | ----------------------------------------------------------------------
2026-07-25 03:21:59 | INFO    | [03:20:47] 價格: 43359.0 | 大結構趨勢 (5M): BEARISH
2026-07-25 03:21:59 | INFO    |        即時信號 : 無特殊信號
2026-07-25 03:21:59 | INFO    |        多頭 OB  : [43691.0 - 43725.0] | 空頭 OB  : [43476.0 - 43534.0]
2026-07-25 03:21:59 | INFO    |        多頭 FVG : 無 | 空頭 FVG : 無
2026-07-25 03:21:59 | INFO    | ----------------------------------------------------------------------
2026-07-25 03:23:00 | INFO    | [03:21:50] 價格: 43356.0 | 大結構趨勢 (5M): BEARISH
2026-07-25 03:23:00 | INFO    |        即時信號 : 無特殊信號
2026-07-25 03:23:00 | INFO    |        多頭 OB  : [43691.0 - 43725.0] | 空頭 OB  : [43476.0 - 43534.0]
2026-07-25 03:23:00 | INFO    |        多頭 FVG : [43342.0 - 43346.0] | 空頭 FVG : 無
2026-07-25 03:23:00 | INFO    | ----------------------------------------------------------------------
2026-07-25 03:24:08 | INFO    | [03:22:50] 價格: 43343.0 | 大結構趨勢 (5M): BEARISH
2026-07-25 03:24:08 | INFO    |        即時信號 : 無特殊信號
2026-07-25 03:24:08 | INFO    |        多頭 OB  : [43691.0 - 43725.0] | 空頭 OB  : [43476.0 - 43534.0]
2026-07-25 03:24:08 | INFO    |        多頭 FVG : 無 | 空頭 FVG : 無
2026-07-25 03:24:08 | INFO    | ----------------------------------------------------------------------
2026-07-25 03:25:10 | INFO    | [03:23:59] 價格: 43303.0 | 大結構趨勢 (5M): BEARISH
2026-07-25 03:25:10 | INFO    |        即時信號 : 無特殊信號
2026-07-25 03:25:10 | INFO    |        多頭 OB  : [43691.0 - 43725.0] | 空頭 OB  : [43476.0 - 43534.0]
2026-07-25 03:25:10 | INFO    |        多頭 FVG : 無 | 空頭 FVG : 無
2026-07-25 03:25:10 | INFO    | ----------------------------------------------------------------------
2026-07-25 03:26:10 | INFO    | [03:25:01] 價格: 43304.0 | 大結構趨勢 (5M): BEARISH
2026-07-25 03:26:10 | INFO    |        即時信號 : ★ [流動性掠奪] Sweep Low 形成！(買方防守)
2026-07-25 03:26:10 | INFO    |        多頭 OB  : [43691.0 - 43725.0] | 空頭 OB  : [43476.0 - 43534.0]
2026-07-25 03:26:10 | INFO    |        多頭 FVG : 無 | 空頭 FVG : [43307.0 - 43340.0]
2026-07-25 03:26:10 | INFO    | ----------------------------------------------------------------------
2026-07-25 03:26:10 | INFO    | [過濾] 偵測到信號但建議無效，已跳過發送 Telegram 通知。
2026-07-25 03:27:16 | INFO    | [03:26:01] 價格: 43320.0 | 大結構趨勢 (5M): BEARISH
2026-07-25 03:27:16 | INFO    |        即時信號 : 無特殊信號
2026-07-25 03:27:16 | INFO    |        多頭 OB  : [43691.0 - 43725.0] | 空頭 OB  : [43476.0 - 43534.0]
2026-07-25 03:27:16 | INFO    |        多頭 FVG : 無 | 空頭 FVG : 無
2026-07-25 03:27:16 | INFO    | ----------------------------------------------------------------------
2026-07-25 03:28:18 | INFO    | [03:27:07] 價格: 43339.0 | 大結構趨勢 (5M): BEARISH
2026-07-25 03:28:18 | INFO    |        即時信號 : 無特殊信號
2026-07-25 03:28:18 | INFO    |        多頭 OB  : [43691.0 - 43725.0] | 空頭 OB  : [43476.0 - 43534.0]
2026-07-25 03:28:18 | INFO    |        多頭 FVG : [43307.0 - 43319.0] | 空頭 FVG : 無
2026-07-25 03:28:18 | INFO    | ----------------------------------------------------------------------
2026-07-25 03:29:20 | INFO    | [03:28:09] 價格: 43373.0 | 大結構趨勢 (5M): BEARISH
2026-07-25 03:29:20 | INFO    |        即時信號 : ★★ [結構轉換] MSS Bullish 確立！趨勢轉多
2026-07-25 03:29:20 | INFO    |        多頭 OB  : [43275.0 - 43307.0] | 空頭 OB  : [43476.0 - 43534.0]
2026-07-25 03:29:20 | INFO    |        多頭 FVG : [43320.0 - 43334.0] | 空頭 FVG : 無
2026-07-25 03:29:20 | INFO    | ----------------------------------------------------------------------
2026-07-25 03:29:20 | INFO    | [過濾] 偵測到信號但建議無效，已跳過發送 Telegram 通知。
2026-07-25 03:30:22 | INFO    | [03:29:11] 價格: 43360.0 | 大結構趨勢 (5M): BEARISH
2026-07-25 03:30:22 | INFO    |        即時信號 : ★ [流動性掠奪] Sweep High 形成！(賣方防守)
2026-07-25 03:30:22 | INFO    |        多頭 OB  : [43275.0 - 43307.0] | 空頭 OB  : [43476.0 - 43534.0]
2026-07-25 03:30:22 | INFO    |        多頭 FVG : 無 | 空頭 FVG : 無
2026-07-25 03:30:22 | INFO    | ----------------------------------------------------------------------
2026-07-25 03:30:22 | INFO    | [過濾] 偵測到信號但建議無效，已跳過發送 Telegram 通知。
2026-07-25 03:31:24 | INFO    | [03:30:13] 價格: 43383.0 | 大結構趨勢 (5M): BEARISH
2026-07-25 03:31:24 | INFO    |        即時信號 : 無特殊信號
2026-07-25 03:31:24 | INFO    |        多頭 OB  : [43275.0 - 43307.0] | 空頭 OB  : [43476.0 - 43534.0]
2026-07-25 03:31:24 | INFO    |        多頭 FVG : 無 | 空頭 FVG : 無
2026-07-25 03:31:24 | INFO    | ----------------------------------------------------------------------
2026-07-25 03:32:36 | INFO    | [03:31:15] 價格: 43352.0 | 大結構趨勢 (5M): BEARISH
2026-07-25 03:32:36 | INFO    |        即時信號 : ★ [流動性掠奪] Sweep High 形成！(賣方防守)
2026-07-25 03:32:36 | INFO    |        多頭 OB  : [43275.0 - 43307.0] | 空頭 OB  : [43476.0 - 43534.0]
2026-07-25 03:32:36 | INFO    |        多頭 FVG : 無 | 空頭 FVG : 無
2026-07-25 03:32:36 | INFO    | ----------------------------------------------------------------------
2026-07-25 03:32:36 | INFO    | [過濾] 偵測到信號但建議無效，已跳過發送 Telegram 通知。
2026-07-25 03:33:38 | INFO    | [03:32:27] 價格: 43384.0 | 大結構趨勢 (5M): BEARISH
2026-07-25 03:33:38 | INFO    |        即時信號 : 無特殊信號
2026-07-25 03:33:38 | INFO    |        多頭 OB  : [43275.0 - 43307.0] | 空頭 OB  : [43476.0 - 43534.0]
2026-07-25 03:33:38 | INFO    |        多頭 FVG : 無 | 空頭 FVG : 無
2026-07-25 03:33:38 | INFO    | ----------------------------------------------------------------------
2026-07-25 03:34:41 | INFO    | [03:33:28] 價格: 43403.0 | 大結構趨勢 (5M): BEARISH
2026-07-25 03:34:41 | INFO    |        即時信號 : 無特殊信號
2026-07-25 03:34:41 | INFO    |        多頭 OB  : [43275.0 - 43307.0] | 空頭 OB  : [43476.0 - 43534.0]
2026-07-25 03:34:41 | INFO    |        多頭 FVG : 無 | 空頭 FVG : 無
2026-07-25 03:34:41 | INFO    | ----------------------------------------------------------------------
2026-07-25 03:35:41 | INFO    | [03:34:31] 價格: 43387.0 | 大結構趨勢 (5M): BEARISH
2026-07-25 03:35:41 | INFO    |        即時信號 : 無特殊信號
2026-07-25 03:35:41 | INFO    |        多頭 OB  : [43275.0 - 43307.0] | 空頭 OB  : [43476.0 - 43534.0]
2026-07-25 03:35:41 | INFO    |        多頭 FVG : 無 | 空頭 FVG : 無
2026-07-25 03:35:41 | INFO    | ----------------------------------------------------------------------
2026-07-25 03:36:42 | INFO    | [03:35:32] 價格: 43417.0 | 大結構趨勢 (5M): BEARISH
2026-07-25 03:36:42 | INFO    |        即時信號 : 無特殊信號
2026-07-25 03:36:42 | INFO    |        多頭 OB  : [43275.0 - 43307.0] | 空頭 OB  : [43476.0 - 43534.0]
2026-07-25 03:36:42 | INFO    |        多頭 FVG : 無 | 空頭 FVG : 無
2026-07-25 03:36:42 | INFO    | ----------------------------------------------------------------------
2026-07-25 03:37:42 | INFO    | [03:36:33] 價格: 43442.0 | 大結構趨勢 (5M): BEARISH
2026-07-25 03:37:42 | INFO    |        即時信號 : 無特殊信號
2026-07-25 03:37:42 | INFO    |        多頭 OB  : [43275.0 - 43307.0] | 空頭 OB  : [43476.0 - 43534.0]
2026-07-25 03:37:42 | INFO    |        多頭 FVG : 無 | 空頭 FVG : 無
2026-07-25 03:37:42 | INFO    | ----------------------------------------------------------------------
2026-07-25 03:38:44 | INFO    | [03:37:33] 價格: 43418.0 | 大結構趨勢 (5M): BEARISH
2026-07-25 03:38:44 | INFO    |        即時信號 : 無特殊信號
2026-07-25 03:38:44 | INFO    |        多頭 OB  : [43275.0 - 43307.0] | 空頭 OB  : [43476.0 - 43534.0]
2026-07-25 03:38:44 | INFO    |        多頭 FVG : 無 | 空頭 FVG : 無
2026-07-25 03:38:44 | INFO    | ----------------------------------------------------------------------
2026-07-25 03:39:44 | INFO    | [03:38:34] 價格: 43416.0 | 大結構趨勢 (5M): BEARISH
2026-07-25 03:39:44 | INFO    |        即時信號 : 無特殊信號
2026-07-25 03:39:44 | INFO    |        多頭 OB  : [43275.0 - 43307.0] | 空頭 OB  : [43476.0 - 43534.0]
2026-07-25 03:39:44 | INFO    |        多頭 FVG : 無 | 空頭 FVG : 無
2026-07-25 03:39:44 | INFO    | ----------------------------------------------------------------------
2026-07-25 03:40:46 | INFO    | [03:39:35] 價格: 43378.0 | 大結構趨勢 (5M): BEARISH
2026-07-25 03:40:46 | INFO    |        即時信號 : 無特殊信號
2026-07-25 03:40:46 | INFO    |        多頭 OB  : [43275.0 - 43307.0] | 空頭 OB  : [43476.0 - 43534.0]
2026-07-25 03:40:46 | INFO    |        多頭 FVG : 無 | 空頭 FVG : 無
2026-07-25 03:40:46 | INFO    | ----------------------------------------------------------------------
2026-07-25 03:41:53 | INFO    | [03:40:37] 價格: 43374.0 | 大結構趨勢 (5M): BEARISH
2026-07-25 03:41:53 | INFO    |        即時信號 : 無特殊信號
2026-07-25 03:41:53 | INFO    |        多頭 OB  : [43275.0 - 43307.0] | 空頭 OB  : [43476.0 - 43534.0]
2026-07-25 03:41:53 | INFO    |        多頭 FVG : 無 | 空頭 FVG : [43390.0 - 43416.0]
2026-07-25 03:41:53 | INFO    | ----------------------------------------------------------------------
2026-07-25 03:42:56 | INFO    | [03:41:43] 價格: 43361.0 | 大結構趨勢 (5M): BEARISH
2026-07-25 03:42:56 | INFO    |        即時信號 : 無特殊信號
2026-07-25 03:42:56 | INFO    |        多頭 OB  : [43275.0 - 43307.0] | 空頭 OB  : [43476.0 - 43534.0]
2026-07-25 03:42:56 | INFO    |        多頭 FVG : 無 | 空頭 FVG : 無
2026-07-25 03:42:56 | INFO    | ----------------------------------------------------------------------
2026-07-25 03:44:01 | INFO    | [03:42:46] 價格: 43363.0 | 大結構趨勢 (5M): BEARISH
2026-07-25 03:44:01 | INFO    |        即時信號 : 無特殊信號
2026-07-25 03:44:01 | INFO    |        多頭 OB  : [43275.0 - 43307.0] | 空頭 OB  : [43476.0 - 43534.0]
2026-07-25 03:44:01 | INFO    |        多頭 FVG : 無 | 空頭 FVG : 無
2026-07-25 03:44:01 | INFO    | ----------------------------------------------------------------------
2026-07-25 03:45:07 | INFO    | [03:43:51] 價格: 43408.0 | 大結構趨勢 (5M): BEARISH
2026-07-25 03:45:07 | INFO    |        即時信號 : 無特殊信號
2026-07-25 03:45:07 | INFO    |        多頭 OB  : [43275.0 - 43307.0] | 空頭 OB  : [43476.0 - 43534.0]
2026-07-25 03:45:07 | INFO    |        多頭 FVG : 無 | 空頭 FVG : 無
2026-07-25 03:45:07 | INFO    | ----------------------------------------------------------------------
2026-07-25 03:46:09 | INFO    | [03:44:57] 價格: 43381.0 | 大結構趨勢 (5M): BEARISH
2026-07-25 03:46:09 | INFO    |        即時信號 : 無特殊信號
2026-07-25 03:46:09 | INFO    |        多頭 OB  : [43275.0 - 43307.0] | 空頭 OB  : [43476.0 - 43534.0]
2026-07-25 03:46:09 | INFO    |        多頭 FVG : [43375.0 - 43377.0] | 空頭 FVG : 無
2026-07-25 03:46:09 | INFO    | ----------------------------------------------------------------------
2026-07-25 03:47:09 | INFO    | [03:45:59] 價格: 43388.0 | 大結構趨勢 (5M): BEARISH
2026-07-25 03:47:09 | INFO    |        即時信號 : 無特殊信號
2026-07-25 03:47:09 | INFO    |        多頭 OB  : [43275.0 - 43307.0] | 空頭 OB  : [43476.0 - 43534.0]
2026-07-25 03:47:09 | INFO    |        多頭 FVG : 無 | 空頭 FVG : 無
2026-07-25 03:47:09 | INFO    | ----------------------------------------------------------------------
2026-07-25 03:48:16 | INFO    | [03:47:00] 價格: 43395.0 | 大結構趨勢 (5M): BEARISH
2026-07-25 03:48:16 | INFO    |        即時信號 : 無特殊信號
2026-07-25 03:48:16 | INFO    |        多頭 OB  : [43275.0 - 43307.0] | 空頭 OB  : [43476.0 - 43534.0]
2026-07-25 03:48:16 | INFO    |        多頭 FVG : 無 | 空頭 FVG : 無
2026-07-25 03:48:16 | INFO    | ----------------------------------------------------------------------
2026-07-25 03:49:26 | INFO    | [03:48:06] 價格: 43383.0 | 大結構趨勢 (5M): BEARISH
2026-07-25 03:49:26 | INFO    |        即時信號 : 無特殊信號
2026-07-25 03:49:26 | INFO    |        多頭 OB  : [43275.0 - 43307.0] | 空頭 OB  : [43476.0 - 43534.0]
2026-07-25 03:49:26 | INFO    |        多頭 FVG : 無 | 空頭 FVG : 無
2026-07-25 03:49:26 | INFO    | ----------------------------------------------------------------------
2026-07-25 03:50:27 | INFO    | [03:49:17] 價格: 43375.0 | 大結構趨勢 (5M): BEARISH
2026-07-25 03:50:27 | INFO    |        即時信號 : ★ [流動性掠奪] Sweep High 形成！(賣方防守)
2026-07-25 03:50:27 | INFO    |        多頭 OB  : [43275.0 - 43307.0] | 空頭 OB  : [43476.0 - 43534.0]
2026-07-25 03:50:27 | INFO    |        多頭 FVG : 無 | 空頭 FVG : 無
2026-07-25 03:50:27 | INFO    | ----------------------------------------------------------------------
2026-07-25 03:50:27 | INFO    | [過濾] 偵測到信號但建議無效，已跳過發送 Telegram 通知。
2026-07-25 03:51:31 | INFO    | [03:50:17] 價格: 43345.0 | 大結構趨勢 (5M): BEARISH
2026-07-25 03:51:31 | INFO    |        即時信號 : ★★ [結構轉換] MSS Bearish 確立！趨勢轉空
2026-07-25 03:51:31 | INFO    |        多頭 OB  : [43275.0 - 43307.0] | 空頭 OB  : [43367.0 - 43437.0]
2026-07-25 03:51:31 | INFO    |        多頭 FVG : 無 | 空頭 FVG : [43373.0 - 43381.0]
2026-07-25 03:51:31 | INFO    | ----------------------------------------------------------------------
2026-07-25 03:51:31 | INFO    | [過濾] 偵測到信號但建議無效，已跳過發送 Telegram 通知。
2026-07-25 03:52:47 | INFO    | [03:51:22] 價格: 43333.0 | 大結構趨勢 (5M): BEARISH
2026-07-25 03:52:47 | INFO    |        即時信號 : 無特殊信號
2026-07-25 03:52:47 | INFO    |        多頭 OB  : [43275.0 - 43307.0] | 空頭 OB  : [43367.0 - 43437.0]
2026-07-25 03:52:47 | INFO    |        多頭 FVG : 無 | 空頭 FVG : [43349.0 - 43367.0]
2026-07-25 03:52:47 | INFO    | ----------------------------------------------------------------------
2026-07-25 03:53:54 | INFO    | [03:52:37] 價格: 43341.0 | 大結構趨勢 (5M): BEARISH
2026-07-25 03:53:54 | INFO    |        即時信號 : 無特殊信號
2026-07-25 03:53:54 | INFO    |        多頭 OB  : [43275.0 - 43307.0] | 空頭 OB  : [43367.0 - 43437.0]
2026-07-25 03:53:54 | INFO    |        多頭 FVG : 無 | 空頭 FVG : 無
2026-07-25 03:53:54 | INFO    | ----------------------------------------------------------------------
2026-07-25 03:54:59 | INFO    | [03:53:45] 價格: 43396.0 | 大結構趨勢 (5M): BEARISH
2026-07-25 03:54:59 | INFO    |        即時信號 : ★ [流動性掠奪] Sweep Low 形成！(買方防守)
2026-07-25 03:54:59 | INFO    |        多頭 OB  : [43275.0 - 43307.0] | 空頭 OB  : [43367.0 - 43437.0]
2026-07-25 03:54:59 | INFO    |        多頭 FVG : 無 | 空頭 FVG : 無
2026-07-25 03:54:59 | INFO    | ----------------------------------------------------------------------
2026-07-25 03:54:59 | INFO    | [過濾] 偵測到信號但建議無效，已跳過發送 Telegram 通知。
2026-07-25 03:56:10 | INFO    | [03:54:50] 價格: 43374.0 | 大結構趨勢 (5M): BEARISH
2026-07-25 03:56:10 | INFO    |        即時信號 : 無特殊信號
2026-07-25 03:56:10 | INFO    |        多頭 OB  : [43275.0 - 43307.0] | 空頭 OB  : [43367.0 - 43437.0]
2026-07-25 03:56:10 | INFO    |        多頭 FVG : [43346.0 - 43374.0] | 空頭 FVG : 無
2026-07-25 03:56:10 | INFO    | ----------------------------------------------------------------------
2026-07-25 03:57:14 | INFO    | [03:56:00] 價格: 43378.0 | 大結構趨勢 (5M): BEARISH
2026-07-25 03:57:14 | INFO    |        即時信號 : 無特殊信號
2026-07-25 03:57:14 | INFO    |        多頭 OB  : [43275.0 - 43307.0] | 空頭 OB  : [43367.0 - 43437.0]
2026-07-25 03:57:14 | INFO    |        多頭 FVG : 無 | 空頭 FVG : 無
2026-07-25 03:57:14 | INFO    | ----------------------------------------------------------------------
2026-07-25 03:58:15 | INFO    | [03:57:05] 價格: 43393.0 | 大結構趨勢 (5M): BEARISH
2026-07-25 03:58:15 | INFO    |        即時信號 : 無特殊信號
2026-07-25 03:58:15 | INFO    |        多頭 OB  : [43275.0 - 43307.0] | 空頭 OB  : [43367.0 - 43437.0]
2026-07-25 03:58:15 | INFO    |        多頭 FVG : 無 | 空頭 FVG : 無
2026-07-25 03:58:15 | INFO    | ----------------------------------------------------------------------
2026-07-25 03:59:21 | INFO    | [03:58:06] 價格: 43391.0 | 大結構趨勢 (5M): BEARISH
2026-07-25 03:59:21 | INFO    |        即時信號 : 無特殊信號
2026-07-25 03:59:21 | INFO    |        多頭 OB  : [43275.0 - 43307.0] | 空頭 OB  : [43367.0 - 43437.0]
2026-07-25 03:59:21 | INFO    |        多頭 FVG : [43381.0 - 43388.0] | 空頭 FVG : 無
2026-07-25 03:59:21 | INFO    | ----------------------------------------------------------------------
2026-07-25 04:00:22 | INFO    | [03:59:11] 價格: 43418.0 | 大結構趨勢 (5M): BEARISH
2026-07-25 04:00:22 | INFO    |        即時信號 : ★★ [結構轉換] MSS Bullish 確立！趨勢轉多
2026-07-25 04:00:22 | INFO    |        多頭 OB  : [43388.0 - 43395.0] | 空頭 OB  : [43367.0 - 43437.0]
2026-07-25 04:00:22 | INFO    |        多頭 FVG : 無 | 空頭 FVG : 無
2026-07-25 04:00:22 | INFO    | ----------------------------------------------------------------------
2026-07-25 04:00:22 | INFO    | [過濾] 偵測到信號但建議無效，已跳過發送 Telegram 通知。
2026-07-25 04:01:22 | INFO    | [04:00:12] 價格: 43394.0 | 大結構趨勢 (5M): BEARISH
2026-07-25 04:01:22 | INFO    |        即時信號 : ★ [流動性掠奪] Sweep High 形成！(賣方防守)
2026-07-25 04:01:22 | INFO    |        多頭 OB  : [43388.0 - 43395.0] | 空頭 OB  : [43367.0 - 43437.0]
2026-07-25 04:01:22 | INFO    |        多頭 FVG : 無 | 空頭 FVG : 無
2026-07-25 04:01:22 | INFO    | ----------------------------------------------------------------------
2026-07-25 04:01:22 | INFO    | [過濾] 偵測到信號但建議無效，已跳過發送 Telegram 通知。
2026-07-25 04:02:28 | INFO    | [04:01:13] 價格: 43405.0 | 大結構趨勢 (5M): BEARISH
2026-07-25 04:02:28 | INFO    |        即時信號 : ★ [流動性掠奪] Sweep High 形成！(賣方防守)
2026-07-25 04:02:28 | INFO    |        多頭 OB  : [43388.0 - 43395.0] | 空頭 OB  : [43367.0 - 43437.0]
2026-07-25 04:02:28 | INFO    |        多頭 FVG : 無 | 空頭 FVG : 無
2026-07-25 04:02:28 | INFO    | ----------------------------------------------------------------------
2026-07-25 04:02:28 | INFO    | [過濾] 偵測到信號但建議無效，已跳過發送 Telegram 通知。
2026-07-25 04:04:01 | INFO    | [04:02:19] 價格: 43415.0 | 大結構趨勢 (5M): BEARISH
2026-07-25 04:04:01 | INFO    |        即時信號 : 無特殊信號
2026-07-25 04:04:01 | INFO    |        多頭 OB  : [43388.0 - 43395.0] | 空頭 OB  : [43367.0 - 43437.0]
2026-07-25 04:04:01 | INFO    |        多頭 FVG : 無 | 空頭 FVG : 無
2026-07-25 04:04:01 | INFO    | ----------------------------------------------------------------------
2026-07-25 04:05:16 | INFO    | [04:03:51] 價格: 43393.0 | 大結構趨勢 (5M): BEARISH
2026-07-25 04:05:16 | INFO    |        即時信號 : 無特殊信號
2026-07-25 04:05:16 | INFO    |        多頭 OB  : [43388.0 - 43395.0] | 空頭 OB  : [43367.0 - 43437.0]
2026-07-25 04:05:16 | INFO    |        多頭 FVG : 無 | 空頭 FVG : 無
2026-07-25 04:05:16 | INFO    | ----------------------------------------------------------------------
2026-07-25 04:06:19 | INFO    | [04:05:07] 價格: 43361.0 | 大結構趨勢 (5M): BEARISH
2026-07-25 04:06:19 | INFO    |        即時信號 : ★ [流動性掠奪] Sweep Low 形成！(買方防守)
2026-07-25 04:06:19 | INFO    |        多頭 OB  : [43388.0 - 43395.0] | 空頭 OB  : [43367.0 - 43437.0]
2026-07-25 04:06:19 | INFO    |        多頭 FVG : 無 | 空頭 FVG : 無
2026-07-25 04:06:19 | INFO    | ----------------------------------------------------------------------
2026-07-25 04:06:19 | INFO    | [過濾] 偵測到信號但建議無效，已跳過發送 Telegram 通知。
2026-07-25 04:07:20 | INFO    | [04:06:10] 價格: 43378.0 | 大結構趨勢 (5M): BEARISH
2026-07-25 04:07:20 | INFO    |        即時信號 : 無特殊信號
2026-07-25 04:07:20 | INFO    |        多頭 OB  : [43388.0 - 43395.0] | 空頭 OB  : [43367.0 - 43437.0]
2026-07-25 04:07:20 | INFO    |        多頭 FVG : 無 | 空頭 FVG : [43383.0 - 43390.0]
2026-07-25 04:07:20 | INFO    | ----------------------------------------------------------------------
2026-07-25 04:08:27 | INFO    | [04:07:11] 價格: 43369.0 | 大結構趨勢 (5M): BEARISH
2026-07-25 04:08:27 | INFO    |        即時信號 : 無特殊信號
2026-07-25 04:08:27 | INFO    |        多頭 OB  : [43388.0 - 43395.0] | 空頭 OB  : [43367.0 - 43437.0]
2026-07-25 04:08:27 | INFO    |        多頭 FVG : 無 | 空頭 FVG : 無
2026-07-25 04:08:27 | INFO    | ----------------------------------------------------------------------
2026-07-25 04:09:37 | INFO    | [04:08:18] 價格: 43360.0 | 大結構趨勢 (5M): BEARISH
2026-07-25 04:09:37 | INFO    |        即時信號 : ★★ [結構轉換] MSS Bearish 確立！趨勢轉空
2026-07-25 04:09:37 | INFO    |        多頭 OB  : [43388.0 - 43395.0] | 空頭 OB  : [43364.0 - 43383.0]
2026-07-25 04:09:37 | INFO    |        多頭 FVG : 無 | 空頭 FVG : 無
2026-07-25 04:09:37 | INFO    | ----------------------------------------------------------------------
2026-07-25 04:09:37 | INFO    | [過濾] 偵測到信號但建議無效，已跳過發送 Telegram 通知。
2026-07-25 04:10:38 | INFO    | [04:09:28] 價格: 43370.0 | 大結構趨勢 (5M): BEARISH
2026-07-25 04:10:38 | INFO    |        即時信號 : ★ [流動性掠奪] Sweep Low 形成！(買方防守)
2026-07-25 04:10:38 | INFO    |        多頭 OB  : [43388.0 - 43395.0] | 空頭 OB  : [43364.0 - 43383.0]
2026-07-25 04:10:38 | INFO    |        多頭 FVG : 無 | 空頭 FVG : 無
2026-07-25 04:10:38 | INFO    | ----------------------------------------------------------------------
2026-07-25 04:10:38 | INFO    | [過濾] 偵測到信號但建議無效，已跳過發送 Telegram 通知。
2026-07-25 04:11:40 | INFO    | [04:10:29] 價格: 43377.0 | 大結構趨勢 (5M): BEARISH
2026-07-25 04:11:40 | INFO    |        即時信號 : 無特殊信號
2026-07-25 04:11:40 | INFO    |        多頭 OB  : [43388.0 - 43395.0] | 空頭 OB  : [43364.0 - 43383.0]
2026-07-25 04:11:40 | INFO    |        多頭 FVG : [43364.0 - 43372.0] | 空頭 FVG : 無
2026-07-25 04:11:40 | INFO    | ----------------------------------------------------------------------
2026-07-25 04:12:50 | INFO    | [04:11:31] 價格: 43388.0 | 大結構趨勢 (5M): BEARISH
2026-07-25 04:12:50 | INFO    |        即時信號 : 無特殊信號
2026-07-25 04:12:50 | INFO    |        多頭 OB  : [43388.0 - 43395.0] | 空頭 OB  : [43364.0 - 43383.0]
2026-07-25 04:12:50 | INFO    |        多頭 FVG : 無 | 空頭 FVG : 無
2026-07-25 04:12:50 | INFO    | ----------------------------------------------------------------------
2026-07-25 04:13:56 | INFO    | [04:12:41] 價格: 43388.0 | 大結構趨勢 (5M): BEARISH
2026-07-25 04:13:56 | INFO    |        即時信號 : 無特殊信號
2026-07-25 04:13:56 | INFO    |        多頭 OB  : [43388.0 - 43395.0] | 空頭 OB  : [43364.0 - 43383.0]
2026-07-25 04:13:56 | INFO    |        多頭 FVG : 無 | 空頭 FVG : 無
2026-07-25 04:13:56 | INFO    | ----------------------------------------------------------------------
2026-07-25 04:15:11 | INFO    | [04:13:47] 價格: 43373.0 | 大結構趨勢 (5M): BEARISH
2026-07-25 04:15:11 | INFO    |        即時信號 : 無特殊信號
2026-07-25 04:15:11 | INFO    |        多頭 OB  : [43388.0 - 43395.0] | 空頭 OB  : [43364.0 - 43383.0]
2026-07-25 04:15:11 | INFO    |        多頭 FVG : 無 | 空頭 FVG : 無
2026-07-25 04:15:11 | INFO    | ----------------------------------------------------------------------
2026-07-25 04:16:19 | INFO    | [04:15:01] 價格: 43381.0 | 大結構趨勢 (5M): BEARISH
2026-07-25 04:16:19 | INFO    |        即時信號 : 無特殊信號
2026-07-25 04:16:19 | INFO    |        多頭 OB  : [43388.0 - 43395.0] | 空頭 OB  : [43364.0 - 43383.0]
2026-07-25 04:16:19 | INFO    |        多頭 FVG : 無 | 空頭 FVG : 無
2026-07-25 04:16:19 | INFO    | ----------------------------------------------------------------------
2026-07-25 04:17:46 | INFO    | [04:16:10] 價格: 43368.0 | 大結構趨勢 (5M): BEARISH
2026-07-25 04:17:46 | INFO    |        即時信號 : 無特殊信號
2026-07-25 04:17:46 | INFO    |        多頭 OB  : [43388.0 - 43395.0] | 空頭 OB  : [43364.0 - 43383.0]
2026-07-25 04:17:46 | INFO    |        多頭 FVG : 無 | 空頭 FVG : 無
2026-07-25 04:17:46 | INFO    | ----------------------------------------------------------------------
2026-07-25 04:19:04 | INFO    | [04:17:37] 價格: 43373.0 | 大結構趨勢 (5M): BEARISH
2026-07-25 04:19:04 | INFO    |        即時信號 : 無特殊信號
2026-07-25 04:19:04 | INFO    |        多頭 OB  : [43388.0 - 43395.0] | 空頭 OB  : [43364.0 - 43383.0]
2026-07-25 04:19:04 | INFO    |        多頭 FVG : 無 | 空頭 FVG : 無
2026-07-25 04:19:04 | INFO    | ----------------------------------------------------------------------
2026-07-25 04:20:14 | INFO    | [04:18:54] 價格: 43372.0 | 大結構趨勢 (5M): BEARISH
2026-07-25 04:20:14 | INFO    |        即時信號 : 無特殊信號
2026-07-25 04:20:14 | INFO    |        多頭 OB  : [43388.0 - 43395.0] | 空頭 OB  : [43364.0 - 43383.0]
2026-07-25 04:20:14 | INFO    |        多頭 FVG : 無 | 空頭 FVG : 無
2026-07-25 04:20:14 | INFO    | ----------------------------------------------------------------------
2026-07-25 04:21:15 | INFO    | [04:20:05] 價格: 43369.0 | 大結構趨勢 (5M): BEARISH
2026-07-25 04:21:15 | INFO    |        即時信號 : 無特殊信號
2026-07-25 04:21:15 | INFO    |        多頭 OB  : [43388.0 - 43395.0] | 空頭 OB  : [43364.0 - 43383.0]
2026-07-25 04:21:15 | INFO    |        多頭 FVG : 無 | 空頭 FVG : [43369.0 - 43373.0]
2026-07-25 04:21:15 | INFO    | ----------------------------------------------------------------------
2026-07-25 04:22:21 | INFO    | [04:21:05] 價格: 43380.0 | 大結構趨勢 (5M): BEARISH
2026-07-25 04:22:21 | INFO    |        即時信號 : 無特殊信號
2026-07-25 04:22:21 | INFO    |        多頭 OB  : [43388.0 - 43395.0] | 空頭 OB  : [43364.0 - 43383.0]
2026-07-25 04:22:21 | INFO    |        多頭 FVG : 無 | 空頭 FVG : 無
2026-07-25 04:22:21 | INFO    | ----------------------------------------------------------------------
2026-07-25 04:23:42 | INFO    | [04:22:11] 價格: 43377.0 | 大結構趨勢 (5M): BEARISH
2026-07-25 04:23:42 | INFO    |        即時信號 : 無特殊信號
2026-07-25 04:23:42 | INFO    |        多頭 OB  : [43388.0 - 43395.0] | 空頭 OB  : [43364.0 - 43383.0]
2026-07-25 04:23:42 | INFO    |        多頭 FVG : [43369.0 - 43374.0] | 空頭 FVG : 無
2026-07-25 04:23:42 | INFO    | ----------------------------------------------------------------------
2026-07-25 04:24:44 | INFO    | [04:23:33] 價格: 43357.0 | 大結構趨勢 (5M): BEARISH
2026-07-25 04:24:44 | INFO    |        即時信號 : 無特殊信號
2026-07-25 04:24:44 | INFO    |        多頭 OB  : [43388.0 - 43395.0] | 空頭 OB  : [43364.0 - 43383.0]
2026-07-25 04:24:44 | INFO    |        多頭 FVG : 無 | 空頭 FVG : 無
2026-07-25 04:24:44 | INFO    | ----------------------------------------------------------------------
2026-07-25 04:25:45 | INFO    | [04:24:35] 價格: 43371.0 | 大結構趨勢 (5M): BEARISH
2026-07-25 04:25:45 | INFO    |        即時信號 : 無特殊信號
2026-07-25 04:25:45 | INFO    |        多頭 OB  : [43388.0 - 43395.0] | 空頭 OB  : [43364.0 - 43383.0]
2026-07-25 04:25:45 | INFO    |        多頭 FVG : 無 | 空頭 FVG : [43371.0 - 43374.0]
2026-07-25 04:25:45 | INFO    | ----------------------------------------------------------------------
2026-07-25 04:26:49 | INFO    | [04:25:35] 價格: 43373.0 | 大結構趨勢 (5M): BEARISH
2026-07-25 04:26:49 | INFO    |        即時信號 : 無特殊信號
2026-07-25 04:26:49 | INFO    |        多頭 OB  : [43388.0 - 43395.0] | 空頭 OB  : [43364.0 - 43383.0]
2026-07-25 04:26:49 | INFO    |        多頭 FVG : 無 | 空頭 FVG : 無
2026-07-25 04:26:49 | INFO    | ----------------------------------------------------------------------
2026-07-25 04:28:04 | INFO    | [04:26:40] 價格: 43367.0 | 大結構趨勢 (5M): BEARISH
2026-07-25 04:28:04 | INFO    |        即時信號 : 無特殊信號
2026-07-25 04:28:04 | INFO    |        多頭 OB  : [43388.0 - 43395.0] | 空頭 OB  : [43364.0 - 43383.0]
2026-07-25 04:28:04 | INFO    |        多頭 FVG : 無 | 空頭 FVG : 無
2026-07-25 04:28:04 | INFO    | ----------------------------------------------------------------------
2026-07-25 04:29:04 | INFO    | [04:27:55] 價格: 43370.0 | 大結構趨勢 (5M): BEARISH
2026-07-25 04:29:04 | INFO    |        即時信號 : 無特殊信號
2026-07-25 04:29:04 | INFO    |        多頭 OB  : [43388.0 - 43395.0] | 空頭 OB  : [43364.0 - 43383.0]
2026-07-25 04:29:04 | INFO    |        多頭 FVG : 無 | 空頭 FVG : 無
2026-07-25 04:29:04 | INFO    | ----------------------------------------------------------------------
2026-07-25 04:30:04 | INFO    | [04:28:55] 價格: 43357.0 | 大結構趨勢 (5M): BEARISH
2026-07-25 04:30:04 | INFO    |        即時信號 : 無特殊信號
2026-07-25 04:30:04 | INFO    |        多頭 OB  : [43388.0 - 43395.0] | 空頭 OB  : [43364.0 - 43383.0]
2026-07-25 04:30:04 | INFO    |        多頭 FVG : 無 | 空頭 FVG : 無
2026-07-25 04:30:04 | INFO    | ----------------------------------------------------------------------
2026-07-25 04:31:07 | INFO    | [04:29:55] 價格: 43338.0 | 大結構趨勢 (5M): BEARISH
2026-07-25 04:31:07 | INFO    |        即時信號 : 無特殊信號
2026-07-25 04:31:07 | INFO    |        多頭 OB  : [43388.0 - 43395.0] | 空頭 OB  : [43364.0 - 43383.0]
2026-07-25 04:31:07 | INFO    |        多頭 FVG : 無 | 空頭 FVG : [43361.0 - 43369.0]
2026-07-25 04:31:07 | INFO    | ----------------------------------------------------------------------
2026-07-25 04:32:17 | INFO    | [04:30:57] 價格: 43330.0 | 大結構趨勢 (5M): BEARISH
2026-07-25 04:32:17 | INFO    |        即時信號 : 無特殊信號
2026-07-25 04:32:17 | INFO    |        多頭 OB  : [43388.0 - 43395.0] | 空頭 OB  : [43364.0 - 43383.0]
2026-07-25 04:32:17 | INFO    |        多頭 FVG : 無 | 空頭 FVG : [43340.0 - 43357.0]
2026-07-25 04:32:17 | INFO    | ----------------------------------------------------------------------
2026-07-25 04:33:21 | INFO    | [04:32:08] 價格: 43322.0 | 大結構趨勢 (5M): BEARISH
2026-07-25 04:33:21 | INFO    |        即時信號 : 無特殊信號
2026-07-25 04:33:21 | INFO    |        多頭 OB  : [43388.0 - 43395.0] | 空頭 OB  : [43364.0 - 43383.0]
2026-07-25 04:33:21 | INFO    |        多頭 FVG : 無 | 空頭 FVG : [43337.0 - 43338.0]
2026-07-25 04:33:21 | INFO    | ----------------------------------------------------------------------
2026-07-25 04:34:32 | INFO    | [04:33:11] 價格: 43327.0 | 大結構趨勢 (5M): BEARISH
2026-07-25 04:34:32 | INFO    |        即時信號 : 無特殊信號
2026-07-25 04:34:32 | INFO    |        多頭 OB  : [43388.0 - 43395.0] | 空頭 OB  : [43364.0 - 43383.0]
2026-07-25 04:34:32 | INFO    |        多頭 FVG : 無 | 空頭 FVG : 無
2026-07-25 04:34:32 | INFO    | ----------------------------------------------------------------------
2026-07-25 04:35:38 | INFO    | [04:34:22] 價格: 43328.0 | 大結構趨勢 (5M): BEARISH
2026-07-25 04:35:38 | INFO    |        即時信號 : 無特殊信號
2026-07-25 04:35:38 | INFO    |        多頭 OB  : [43388.0 - 43395.0] | 空頭 OB  : [43364.0 - 43383.0]
2026-07-25 04:35:38 | INFO    |        多頭 FVG : 無 | 空頭 FVG : 無
2026-07-25 04:35:38 | INFO    | ----------------------------------------------------------------------
2026-07-25 04:36:51 | INFO    | [04:35:29] 價格: 43345.0 | 大結構趨勢 (5M): BEARISH
2026-07-25 04:36:51 | INFO    |        即時信號 : 無特殊信號
2026-07-25 04:36:51 | INFO    |        多頭 OB  : [43388.0 - 43395.0] | 空頭 OB  : [43364.0 - 43383.0]
2026-07-25 04:36:51 | INFO    |        多頭 FVG : 無 | 空頭 FVG : 無
2026-07-25 04:36:51 | INFO    | ----------------------------------------------------------------------
2026-07-25 04:37:58 | INFO    | [04:36:42] 價格: 43332.0 | 大結構趨勢 (5M): BEARISH
2026-07-25 04:37:58 | INFO    |        即時信號 : 無特殊信號
2026-07-25 04:37:58 | INFO    |        多頭 OB  : [43388.0 - 43395.0] | 空頭 OB  : [43364.0 - 43383.0]
2026-07-25 04:37:58 | INFO    |        多頭 FVG : 無 | 空頭 FVG : 無
2026-07-25 04:37:58 | INFO    | ----------------------------------------------------------------------
2026-07-25 04:39:00 | INFO    | [04:37:48] 價格: 43335.0 | 大結構趨勢 (5M): BEARISH
2026-07-25 04:39:00 | INFO    |        即時信號 : 無特殊信號
2026-07-25 04:39:00 | INFO    |        多頭 OB  : [43388.0 - 43395.0] | 空頭 OB  : [43364.0 - 43383.0]
2026-07-25 04:39:00 | INFO    |        多頭 FVG : 無 | 空頭 FVG : 無
2026-07-25 04:39:00 | INFO    | ----------------------------------------------------------------------
2026-07-25 04:40:04 | INFO    | [04:38:51] 價格: 43343.0 | 大結構趨勢 (5M): BEARISH
2026-07-25 04:40:04 | INFO    |        即時信號 : 無特殊信號
2026-07-25 04:40:04 | INFO    |        多頭 OB  : [43388.0 - 43395.0] | 空頭 OB  : [43364.0 - 43383.0]
2026-07-25 04:40:04 | INFO    |        多頭 FVG : 無 | 空頭 FVG : 無
2026-07-25 04:40:04 | INFO    | ----------------------------------------------------------------------
2026-07-25 04:41:36 | INFO    | [04:39:54] 價格: 43335.0 | 大結構趨勢 (5M): BEARISH
2026-07-25 04:41:36 | INFO    |        即時信號 : 無特殊信號
2026-07-25 04:41:36 | INFO    |        多頭 OB  : [43388.0 - 43395.0] | 空頭 OB  : [43364.0 - 43383.0]
2026-07-25 04:41:36 | INFO    |        多頭 FVG : 無 | 空頭 FVG : 無
2026-07-25 04:41:36 | INFO    | ----------------------------------------------------------------------
2026-07-25 04:42:41 | INFO    | [04:41:26] 價格: 43340.0 | 大結構趨勢 (5M): BEARISH
2026-07-25 04:42:41 | INFO    |        即時信號 : 無特殊信號
2026-07-25 04:42:41 | INFO    |        多頭 OB  : [43388.0 - 43395.0] | 空頭 OB  : [43364.0 - 43383.0]
2026-07-25 04:42:41 | INFO    |        多頭 FVG : 無 | 空頭 FVG : 無
2026-07-25 04:42:41 | INFO    | ----------------------------------------------------------------------
2026-07-25 04:43:43 | INFO    | [04:42:31] 價格: 43340.0 | 大結構趨勢 (5M): BEARISH
2026-07-25 04:43:43 | INFO    |        即時信號 : 無特殊信號
2026-07-25 04:43:43 | INFO    |        多頭 OB  : [43388.0 - 43395.0] | 空頭 OB  : [43364.0 - 43383.0]
2026-07-25 04:43:43 | INFO    |        多頭 FVG : 無 | 空頭 FVG : 無
2026-07-25 04:43:43 | INFO    | ----------------------------------------------------------------------
2026-07-25 04:44:46 | INFO    | [04:43:33] 價格: 43346.0 | 大結構趨勢 (5M): BEARISH
2026-07-25 04:44:46 | INFO    |        即時信號 : 無特殊信號
2026-07-25 04:44:46 | INFO    |        多頭 OB  : [43388.0 - 43395.0] | 空頭 OB  : [43364.0 - 43383.0]
2026-07-25 04:44:46 | INFO    |        多頭 FVG : 無 | 空頭 FVG : 無
2026-07-25 04:44:46 | INFO    | ----------------------------------------------------------------------
2026-07-25 04:45:48 | INFO    | [04:44:37] 價格: 43359.0 | 大結構趨勢 (5M): BEARISH
2026-07-25 04:45:48 | INFO    |        即時信號 : 無特殊信號
2026-07-25 04:45:48 | INFO    |        多頭 OB  : [43388.0 - 43395.0] | 空頭 OB  : [43364.0 - 43383.0]
2026-07-25 04:45:48 | INFO    |        多頭 FVG : 無 | 空頭 FVG : 無
2026-07-25 04:45:48 | INFO    | ----------------------------------------------------------------------
2026-07-25 04:46:59 | INFO    | [04:45:38] 價格: 43335.0 | 大結構趨勢 (5M): BEARISH
2026-07-25 04:46:59 | INFO    |        即時信號 : 無特殊信號
2026-07-25 04:46:59 | INFO    |        多頭 OB  : [43388.0 - 43395.0] | 空頭 OB  : [43364.0 - 43383.0]
2026-07-25 04:46:59 | INFO    |        多頭 FVG : 無 | 空頭 FVG : 無
2026-07-25 04:46:59 | INFO    | ----------------------------------------------------------------------
2026-07-25 04:48:11 | INFO    | [04:46:49] 價格: 43341.0 | 大結構趨勢 (5M): BEARISH
2026-07-25 04:48:11 | INFO    |        即時信號 : 無特殊信號
2026-07-25 04:48:11 | INFO    |        多頭 OB  : [43388.0 - 43395.0] | 空頭 OB  : [43364.0 - 43383.0]
2026-07-25 04:48:11 | INFO    |        多頭 FVG : 無 | 空頭 FVG : [43341.0 - 43347.0]
2026-07-25 04:48:11 | INFO    | ----------------------------------------------------------------------
2026-07-25 04:49:46 | INFO    | [04:48:01] 價格: 43337.0 | 大結構趨勢 (5M): BEARISH
2026-07-25 04:49:46 | INFO    |        即時信號 : 無特殊信號
2026-07-25 04:49:46 | INFO    |        多頭 OB  : [43388.0 - 43395.0] | 空頭 OB  : [43364.0 - 43383.0]
2026-07-25 04:49:46 | INFO    |        多頭 FVG : 無 | 空頭 FVG : 無
2026-07-25 04:49:46 | INFO    | ----------------------------------------------------------------------
2026-07-25 04:50:48 | INFO    | [04:49:36] 價格: 43337.0 | 大結構趨勢 (5M): BEARISH
2026-07-25 04:50:48 | INFO    |        即時信號 : 無特殊信號
2026-07-25 04:50:48 | INFO    |        多頭 OB  : [43388.0 - 43395.0] | 空頭 OB  : [43364.0 - 43383.0]
2026-07-25 04:50:48 | INFO    |        多頭 FVG : 無 | 空頭 FVG : 無
2026-07-25 04:50:48 | INFO    | ----------------------------------------------------------------------
2026-07-25 04:51:52 | INFO    | [04:50:38] 價格: 43346.0 | 大結構趨勢 (5M): BEARISH
2026-07-25 04:51:52 | INFO    |        即時信號 : 無特殊信號
2026-07-25 04:51:52 | INFO    |        多頭 OB  : [43388.0 - 43395.0] | 空頭 OB  : [43364.0 - 43383.0]
2026-07-25 04:51:52 | INFO    |        多頭 FVG : 無 | 空頭 FVG : 無
2026-07-25 04:51:52 | INFO    | ----------------------------------------------------------------------
2026-07-25 04:53:15 | INFO    | [04:51:42] 價格: 43341.0 | 大結構趨勢 (5M): BEARISH
2026-07-25 04:53:15 | INFO    |        即時信號 : 無特殊信號
2026-07-25 04:53:15 | INFO    |        多頭 OB  : [43388.0 - 43395.0] | 空頭 OB  : [43364.0 - 43383.0]
2026-07-25 04:53:15 | INFO    |        多頭 FVG : [43340.0 - 43341.0] | 空頭 FVG : 無
2026-07-25 04:53:15 | INFO    | ----------------------------------------------------------------------
2026-07-25 04:54:24 | INFO    | [04:53:05] 價格: 43347.0 | 大結構趨勢 (5M): BEARISH
2026-07-25 04:54:24 | INFO    |        即時信號 : 無特殊信號
2026-07-25 04:54:24 | INFO    |        多頭 OB  : [43388.0 - 43395.0] | 空頭 OB  : [43364.0 - 43383.0]
2026-07-25 04:54:24 | INFO    |        多頭 FVG : 無 | 空頭 FVG : 無
2026-07-25 04:54:24 | INFO    | ----------------------------------------------------------------------
2026-07-25 04:55:51 | INFO    | [04:54:15] 價格: 43353.0 | 大結構趨勢 (5M): BEARISH
2026-07-25 04:55:51 | INFO    |        即時信號 : ★ [流動性掠奪] Sweep High 形成！(賣方防守)
2026-07-25 04:55:51 | INFO    |        多頭 OB  : [43388.0 - 43395.0] | 空頭 OB  : [43364.0 - 43383.0]
2026-07-25 04:55:51 | INFO    |        多頭 FVG : 無 | 空頭 FVG : 無
2026-07-25 04:55:51 | INFO    | ----------------------------------------------------------------------
2026-07-25 04:55:51 | INFO    | [過濾] 偵測到信號但建議無效，已跳過發送 Telegram 通知。
2026-07-25 04:56:58 | INFO    | [04:55:41] 價格: 43363.0 | 大結構趨勢 (5M): BEARISH
2026-07-25 04:56:58 | INFO    |        即時信號 : 無特殊信號
2026-07-25 04:56:58 | INFO    |        多頭 OB  : [43388.0 - 43395.0] | 空頭 OB  : [43364.0 - 43383.0]
2026-07-25 04:56:58 | INFO    |        多頭 FVG : [43350.0 - 43354.0] | 空頭 FVG : 無
2026-07-25 04:56:58 | INFO    | ----------------------------------------------------------------------
2026-07-25 04:58:05 | INFO    | [04:56:48] 價格: 43383.0 | 大結構趨勢 (5M): BEARISH
2026-07-25 04:58:05 | INFO    |        即時信號 : ★★ [結構轉換] MSS Bullish 確立！趨勢轉多
2026-07-25 04:58:05 | INFO    |        多頭 OB  : [43341.0 - 43348.0] | 空頭 OB  : [43364.0 - 43383.0]
2026-07-25 04:58:05 | INFO    |        多頭 FVG : [43364.0 - 43365.0] | 空頭 FVG : 無
2026-07-25 04:58:05 | INFO    | ----------------------------------------------------------------------
2026-07-25 04:58:05 | INFO    | [過濾] 偵測到信號但建議無效，已跳過發送 Telegram 通知。
2026-07-25 04:59:05 | INFO    | [04:57:55] 價格: 43409.0 | 大結構趨勢 (5M): BEARISH
2026-07-25 04:59:05 | INFO    |        即時信號 : 無特殊信號
2026-07-25 04:59:05 | INFO    |        多頭 OB  : [43341.0 - 43348.0] | 空頭 OB  : [43364.0 - 43383.0]
2026-07-25 04:59:05 | INFO    |        多頭 FVG : [43363.0 - 43382.0] | 空頭 FVG : 無
2026-07-25 04:59:05 | INFO    | ----------------------------------------------------------------------
2026-07-25 05:00:06 | INFO    | [04:58:56] 價格: 43378.0 | 大結構趨勢 (5M): BEARISH
2026-07-25 05:00:06 | INFO    |        即時信號 : 無特殊信號
2026-07-25 05:00:06 | INFO    |        多頭 OB  : [43341.0 - 43348.0] | 空頭 OB  : [43364.0 - 43383.0]
2026-07-25 05:00:06 | INFO    |        多頭 FVG : 無 | 空頭 FVG : 無
2026-07-25 05:00:06 | INFO    | ----------------------------------------------------------------------
2026-07-25 19:21:33 | INFO    | 監控已手動終止。
2026-07-25 19:21:33 | ERROR   | Shioaji 真實監控啟動失敗: logout: Shioaji error Session error SolClient send request api/v1/auth/logout, code: NotReady, Error ErrorInfo { sub_code: SubCode(SessionNotEstablished), error_str: "Unable to wait for session '(c0,s1)_sinopac' to be established" }
2026-07-25 19:21:33 | WARNING | 將自動轉為模擬即時監控模式運行。
2026-07-25 19:21:33 | INFO    | 啟動模擬實時監控 (1M K線加速為每 10 秒一根)...
2026-07-25 19:21:33 | INFO    | 開始接收模擬報價，按下 Ctrl+C 結束監控。
2026-07-25 19:21:33 | INFO    | ======================================================================
2026-07-25 19:21:33 | INFO    | [04:59:56] 價格: 43369.0 | 大結構趨勢 (5M): NONE
2026-07-25 19:21:33 | INFO    |        即時信號 : 無特殊信號
2026-07-25 19:21:33 | INFO    |        多頭 OB  : [43341.0 - 43348.0] | 空頭 OB  : [43364.0 - 43383.0]
2026-07-25 19:21:33 | INFO    |        多頭 FVG : 無 | 空頭 FVG : [43378.0 - 43382.0]
2026-07-25 19:21:33 | INFO    | ----------------------------------------------------------------------
2026-07-25 19:21:34 | INFO    | 模擬監控已手動終止。
